Japanese,English
、,","
。,.
何,what
あ,Ah
あなた,you
言,Saying
行,line
人,Man
知,Knowledge
）,)
（,(
事,Thing
彼女,Girlfriend
お前,you
話,Talk
来,Come
分か,Divided
者,Person
聞,Listen
死,death
時,Time
ああ,Oh
殺,Killing
前,Before
中,During ~
達,Reaches
必要,necessary
あの,that
気,Care
大丈夫,Fine
」,""""
「,""""
自分,myself
持,Equity
本当,For real
時間,time
我々,we
一,one
的,Target
無,Nothing
ありがとう,Thank you
家,House
会,Meeting
日,Day
年,Year
仕事,jobs
手,hand
一緒,together
後,rear
出来,Can
他,other
入,Input
電話,phone
目,Eye
様,Mr
分,Minute
車,car
所,Place
あんた,Anta
度,Every time
同じ,the same
場所,place
問題,problem
子供,children
愛,Love
金,Money
名前,name
子,Child
信,Trust
さあ,here we go
少し,a little
使,Use
全て,all
世界,world
教え,Teachings
通り,Street
来る,come
上,Up
入れ,Get in
人間,Human beings
行け,go
今日,today
物,Stuff
女,woman
呼,Call
生き,Live
あれ,that
じゃあ,Well then
止め,Stop
心配,worry
母,mother
連れ,Take
関係,Relation
外,Outside
家族,family
起き,Happened
意味,meaning
神,God
警察,police
力,Power
最後,last
作,Work
次,Next
息子,son
取,Preparative
全部,Whole
間,while
書,book
捜査,investigation
起こ,Oko
回,Times
別,Different
情報,information
理由,Reason
数,number
一人,One person
部屋,room
以上,that's all
人生,life
急,Sudden
食べ,eat
女性,Female
続け,continue
事件,Incident
始め,start
最初,the first
連絡,Communication
まあ,Oh dear
調べ,Examined
安全,safety
下さ,Please
楽し,Fun
殺人,murder
下,under
万,Ten thousand
友達,friend
約束,Promise
二,two
結婚,marriage
無理,Unreasonable
感じ,Feeling
得,Obtained
最高,Highest
送,Feed
計画,plan
仲間,Friend
先,Previous
可能,Possible
あいつ,that person
あと,after
明日,tomorrow
変わ,River
聞こえ,Hear
確認,Verification
命,life
着,Wearing
与え,Giving
全員,All members
動,Motion
理解,Understanding
二人,Two persons
開け,open
友人,friend
機,Machine
不,Not
あげ,Up
離れ,Apart
戦,War
先生,teacher
言え,say
質問,Question
置,Location
犯人,Criminal
受け,received
感,Feeling
第,The
あぁ,Ahh
伝え,Tell
素晴らし,Wonderful
ドア,door
本,Book
乗,Multiply
用,for
感謝,Thanks
正し,Correctly
言葉,word
大,Big
立,Stand
写真,Photo
２人,2 people
説明,Explanation
博士,PhD
強,strength
絶対,Absolutely
座,seat
国,Country
向か,Suited
名,Name
ある,is there
野郎,Rascal
番,Ban
一番,Best
重要,important
状況,Status
元気,energy
水,water
変え,Change
十分,sufficient
週間,weekly
やあ,Hi there
父親,father
間違い,mistake
王,king
了解,Roger that
相手,Opponent
員,Member
声,voice
会え,Meet
音,sound
多く,Many
消え,Disappear
会社,Company
簡単,Easy
選,Select
残念,Regret
自由,freedom
自身,Own
等,etc
一体,Really
人々,people
報告,report
読,Read
過ぎ,Past
通,Through
アメリカ,America
元,Origin
命令,order
高,High
体,body
大統領,President
月,Moon
警官,Police officers
語,word
学校,school
対,versus
決め,Deciding
真実,truth
初めて,The first time
口,mouth
大変,very
要,Required
変,Strange
戦争,war
学,Manabu
あそこ,over there
武器,weapon
店,shop
母親,mother
刑事,Detective
気持ち,The feeling
間違,Ma違
運,luck
記録,Record
光,light
手伝,help
深,Depth
落ち着,Fall wear
存在,Existence
実,Fruit
役,Role
病院,hospital
住,Living
責任,responsibility
あっ,Ah
普通,usually
行動,Behavior
大きな,big
監視,Surveillance
協力,Cooperation
多分,Maybe
実際,Practical
足,leg
地球,Earth
生活,life
任せ,Leave
気分,Feeling
解決,Resolution
結果,result
調査,Research
研究,the study
何処,where
発見,Discovery
場,Place
大事,Importance
止ま,Tomah
興味,Interest
大き,big
生,Living
なあ,I
運転,operation
ヶ月,months
多,Multi
１人,1 person
番号,number
状態,State
来い,Come
開,Open
上手,Proficient
済,Already
場合,Case
刑務,Prison
今度,now
以外,Other than
朝,Morning
飛行,Flight
あまり,not really
近く,near
後ろ,back
目的,Purpose
歌,song
面白,Interesting
弁護,Defense
客,Customer
売,Sales
特別,special
昨日,yesterday
少な,Small
認め,Recognized
死体,cadaver
医者,doctor
装置,apparatus
共,Both
唯一,Only
あんな,Anna
不明,unknown
限り,limit
信用,credit
美し,beautiful
用意,Preparation
話せ,Speak
移動,Movement
映画,movies
美咲,Misaki
取引,transaction
最近,Recently
現場,Scene
事故,accident
連中,Colleagues
過去,past
全く,Entirely
選択,Choice
完全,Perfect
信じ,Believe
信頼,Trust
町,town
何故,why
始ま,Begins
精神,spirit
付け,Bill
あら,Oh
女の子,girl
気づ,Care Dzu
記憶,Memory
頑張,Gamba
人,Man
素敵,Lovely
身,Body
価値,value
有,Yes
非常,Emergency
三,three
最も,most
両親,parents
人物,person
生まれ,birth
警備,security
以前,Before
無事,Safety
聞け,Hear
決して,never
銀行,Bank
馬鹿,fool
裁判,trial
降り,Down
大学,University
州,state
今回,this time
空,Sky
経験,experience
本物,Genuine article
部,Part
化,Of
未来,future
正直,Honesty
年間,Year
無駄,Useless
現れ,Appeared
島,island
病気,sick
内,The inner
風,Wind
結構,very well
治療,Treatment
予定,plans
点,point
人,Man
許可,Permission
勇気,courage
最悪,worst
本気,Seriousness
全然,Not at all
任務,mission
日本,Japan
作戦,Strategy
成功,success
進,Susumu
近づ,Closer
品,Goods
消,Consumption
小さな,small
科学,Science
放,Release
向こう,Over there
事実,fact
食,Eclipse
関,Seki
戦い,Fight
少年,boy
爆発,explosion
現実,reality
保護,protection
地下,underground
隊,Corps
地,Earth
別れ,farewell
時代,Era
使え,Use
組織,Organization
式,formula
落ち着け,Calm down
動物,animal
無し,None
下が,The lower
技術,Technology
個人,Individual
期待,Expectation
調子,Condition
線,line
局,Bureau
利用,Use
主人,master
館,Mansion
毎日,every day
付,With
当然,Of course
患者,patient
全,all
今朝,this morning
過ご,Over your
馬,Horse
あー,Ah ~
あたし,I
立て,stand up
地獄,hell
：,:
合,If
続,Continued
陛下,Your majesty
小さ,small
火,fire
平気,Unconcern
世話,Looking after
能力,ability
理子,Riko
検査,Inspection
アレックス,Alex
木,wood
号,issue
山,Mountain
解,Solutions
警部,Police inspector
食事,Meal
幸運,Good luck
構,Structure
侵入,Invasion
駄目,Useless
緊急,emergency
親父,father
気付,care
主,main
速,Fast
代わり,Substitute
休,Holiday
原因,Cause
警告,warning
山里,Yamazato
特に,In particular
部下,Subordinate
運命,Destiny
到着,arrival
自殺,suicide
屋,Ya
現在,Current
一部,part
行為,action
遺体,Dead bodies
大切,important
関わ,Involved
常,Ordinary
感情,Emotion
夕食,dinner
星,Star
達也,Tatsuya
手紙,letter
混乱,confusion
支配,Domination
影響,Impact
受け入れ,receiving
知れ,May
行方,Whereabout
少女,Little girl
位,Place
半分,Half
誕生,birth
超,Super
施設,Facility
殺せ,Kill
向け,Toward
機会,opportunity
人類,Human race
正確,correct
色々,various
活動,Activity
料理,cuisine
要求,request
再,Again
指示,Instruction
部隊,Force
何者,Who
音楽,musics
上げ,Up
管理,management
映像,The video
開始,start
議員,Rep.
反対,Opposition
勝手,Selfishness
器,vessel
反応,reaction
可愛,cute
権利,right
女王,Queen
師,Master
大好き,I love You
面倒,Troublesome
出発,Departure
引,Arguments
保安,security
上が,Above
決ま,Kemah
楽しみ,Pleasure
行き,Going
将軍,Shogun
担当,In charge of
事態,situation
一杯,a cup of
近,Near
発,Departure
取り戻,Regain
偉大,Greatness
結局,After all
ロシア,Russia
司令,command
平和,peace
解放,release
直,straight
事務,Business
瞬間,moment
教授,Professor
示,Shows
教会,Church
優し,Kindness
位置,position
以来,Since then
突然,suddenly
付き合,If attached
集中,Concentration
通信,communication
あっち,Over there
契約,Agreement
異常,Abnormality
殺し,Killing
部分,part
様子,Appearance
沢山,Lot
住所,Street address
参加,Participation
旅,Journey
社,Company
重,Weight
自然,Nature
殺害,Killing
園,Garden
速人,Hayato
途中,En route
証言,testimony
夏美,Natsumi
取れ,Take
前回,The last time
手術,Surgical operation
強盗,robbery
種,seed
魔女,witch
信号,signal
専門,Expert
閣下,Your Honor
会議,Conference
美月,Mizuki
提供,Offer
離,Away
荷物,Baggage
安心,relief
基地,base
目撃,Witness
動き,Movement
指,finger
〜,~
時々,Sometimes
怪物,monster
会話,conversation
受け取,Receive
一致,match
全体,Overall
徳井,Tokui
アンタ,Anta
親,parent
天使,angel
勝利,victory
主義,Principle
旅行,Travel
死亡,death
夫人,Mrs
目標,Goal
個,Pieces
中国,China
生徒,student
建物,building
確信,conviction
出会,encounter
使用,use
台,Table
社会,society
周り,Surroundings
市民,Citizen
色,color
停止,Stop
曲,Tune
実験,Experiment
直接,Direct
川,river
ありがと,Thank you
実行,Execution
半,half
乗せ,Place
後悔,regret
案内,guide
禁止,Ban
距離,distance
次第,Dependent
感染,infection
制御,control
有名,Famous
戦闘,combat
以内,Within
書類,Document
偶然,By chance
機械,machine
最終,Last
無視,ignore
』,""""
王子,prince
呼吸,Respiration
巨人,Giant
軍隊,army
支援,support
大人,grown up
同意,Consent
恋人,Lover
知り合い,acquaintance
努力,effort
白,White
足り,Enough
進め,Underway
惑星,Planet
味方,Ally
回復,recovery
新聞,newspaper
『,""""
話し,story
アパート,Apartment
組,set
アア,Aa
生き残,Survive
一生,lifetime
処理,processing
兵器,weapons
方向,direction
決定,Decision
当た,Per
アクセス,access
満足,Satisfaction
クレア,Claire
神経,Nerve
症,Disease
親友,Close friend
流,Flow
分析,analysis
不思議,Strange
限,Limited
半田,solder
物語,story
ア,A
練習,practice
久し,Eaves
他人,others
両方,Both
南,South
成長,growth
～,~
再び,again
医,Doctor
指揮,Command
最大,maximum
病,disease
記事,article
時計,clock
アラン,Alan
手段,means
高校,high school
太陽,Sun
具合,Condition
青,Green
向,Direction
才能,talent
交換,Exchange
所有,Ownership
最低,The lowest
救急,First aid
魅力,Charm
楽,easy
応答,response
最,Most
修理,Repairing
勉強,study
提案,Proposal
資金,Fund
社長,The President
ありさ,Is there
試合,match
気の毒,Pity
金持ち,Rich man
安定,Stability
指紋,fingerprint
流れ,flow
経,Through
団,Dan
代,Generation
日間,Daily interest rate
午後,afternoon
政治,Politics
正体,True colors
確保,Ensure
機能,function
優秀,excellence
動か,move
発生,Occurrence
英雄,hero
立場,position
電気,Electrical
帽子,hat
効果,effect
アンナ,Anna
条件,conditions
確実,Certainty
連邦,Federal
規則,Rule
土地,land
直ぐ,immediately
卒業,graduate
手がかり,clue
自己,self
列車,train
加減,Addition and subtraction
暴力,violence
立派,fine
石,stone
同様,Same
不安,anxiety
身体,body
ライアン,Ryan
無線,wireless
対処,Deal
権,Authority
起動,Start-up
誤解,Misunderstanding
治,Osamu
雄基,Yuki
接触,contact
名誉,honor
説得,Persuasion
特定,specific
標的,target
正義,justice
見張,Miha
導,Guide
無実,Innocent
アイツ,Guy
興奮,excitement
承知,Consent
納得,Consent
光栄,Honor
本部,Headquarters
変更,Change
大佐,Colonel
空気,air
支払,payment
あらゆる,every
表,table
片付け,Clean up
アダム,Adam
地図,map
法律,law
医療,Medical care
台無し,Spoil
非,Non
貴様,you
形,form
評価,Evaluation
都市,city
出身,Graduate
釈放,release
大した,Big deal
保証,Warranty
予想,Forecast
省,Ministry
疑問,Question
同僚,Colleague
変化,change
交渉,Negotiation
合わせ,Together
生命,life
村,village
作業,work
将来,future
面,surface
悠里子,Yuriko
空港,airport
指輪,ring
巨大,Huge
西,West
手配,Arrangement
工場,factory
城,castle
取り,take
話し合,Story if
東,east
あるいは,Or
目覚め,Wake up
金庫,safe
間違え,Make a mistake
馬場,Baba
内部,internal
艦隊,fleet
食料,food
あり,Yes
保険,insurance
得意,Customer
医師,Doctor
英語,English
離婚,divorce
子ども,Child
違反,violation
公,public
維持,Maintenance
男の子,boy
政子,Masako
味,taste
口座,account
大勢,Many
鉄,iron
親切,Kindness
仕業,Act
贈り物,gift
待機,Stand-by
戦士,Warrior
知らせ,Notice
尋問,Questioning
発射,firing
食べ物,food
系,system
駅,station
開発,development of
事情,Situation
育て,Raising
上司,boss
国家,Nation
大使,Ambassador
機関,organ
生物,Creature
超え,Beyond
天才,genius
量,amount
横,side
観,Look
入り,enter
正気,sanity
人質,hostage
有罪,Guilt
約,about
中止,Discontinuation
発表,Presentation
現金,cash
始末,Settlement
撮影,photograph
衛星,satellite
都合,Convenience
関連,Relation
間に合,If in between
小屋,Hut
公園,park
単純,Simplicity
王国,Kingdom
存知,Zonchi
加え,In addition
道路,road
育,Education
神父,Catholic priest
慎重,Prudence
生存,The survival
注文,order
物質,material
関心,interest
時期,season
駐車,Parking
乗れ,Ride
遺伝,Heredity
返事,reply
エイリアン,alien
化学,Chemistry
数え,Counting
緊張,tension
優先,priority
米国,USA
当て,Against
出来事,Event
設計,design
大量,A large amount
投げ,Throw
内容,Content
機密,Secrecy
授業,Lesson
義務,Obligation
突き止め,Ascertained
広,Wide
通報,Report
文字,letter
アップ,up
学生,student
オリビア,Olivia
暗殺,assassination
注目,Attention
暗号,Code
背中,back
囚人,Prisoner
完成,Complete
休み,Holiday
孤独,Loneliness
アイデア,idea
武装,Armament
果た,It was fruit
地域,area
始まり,Begins
見事,Beautiful
防衛,defense
人形,doll
カリフォルニア,California
着陸,landing
文句,Complaint
委員,Committee member
地元,local
自信,Self-confidence
貴女,you
知識,knowledge
予約,Reservation
メアリー,Mary
椅子,Chair
教師,teacher
賛成,Agree
操作,operation
要請,request
記者,Reporter
今後,from now on
畜生,damn it
伝説,Legend
主張,Claim
民,people
自ら,Personally
死者,dead
アンディ,Andy
機嫌,mood
小,small
アリス,Alice
あきらめ,give up
程,Degree
ばあ,Baa
証人,witness
議論,Discussion
一般,Common
先週,last week
放射,radiation
程度,degree
アホ,Aho
身元,Background
有難う,Thank you
アーサー,Arthur
強力,Powerful
同時,simultaneous
休暇,Holiday
拷問,torture
出口,exit
決断,decision
移,Move
大尉,Captain
小僧,Youngster
態度,attitude
記念,Commemoration
投資,investment
危機,crisis
持て,Able to have
アナタ,you
企業,Company
接近,Access
世紀,century
一方,on the other hand
動け,Move
知ら,Known
否定,denial
保管,Storage
ジュリア,Julia
吉森,Yoshimori
燃料,fuel
源,source
反,Opposite
千,thousand
順調,Favorable
道具,tool
状,Jo
非難,Condemnation
朝食,breakfast
環境,environment
役立,Role standing
午前,a.m.
アーマン,Amann
援護,Assistance
動機,Motive
売春,prostitution
令状,warrant
指導,Leadership
天国,heaven
この世,This life
代表,representative
投票,Vote
作れ,Make
最善,Best
地上,The ground
手助け,help
婚約,engagement
選手,player
保障,security
自動,Auto
呼び出,Call
売れ,Selling
策,Policy
伝言,message
経営,management
中尉,First lieutenant
休憩,break
数学,Math
院,Hospital
夜中,Midnight
番組,program
作品,the work
種類,type
手遅れ,Too late
外れ,Miss
警戒,Warning
ジュリアン,Julian
似合,Well-matched
犯行,crime
基本,Basis
影,Shadow
読め,Read
警報,alarm
不足,Shortage
門,gate
同士,Each other
動揺,upset
手伝い,help
対応,Correspondence
白人,White
科,Department
推測,Guess
航空,Aviation
国民,People
演奏,Performance
屋根,roof
呼べ,Yobe
初,First
神々,Gods
自宅,home
中毒,Poisoning
回収,Collection
特殊,Special
降ろ,Bath
市場,market
放せ,Let go
帝国,Empire
送信,Transmission
四,four
国境,National border
芸術,art
殺し屋,Assassin
人殺し,Murder
資料,Document
親し,Familiarly
年代,Age
飲み物,drink
正当,Legitimate
諜報,Intelligence
単なる,mere
感覚,sense
放送,broadcast
老人,Old people
夢中,Daze
配置,Arrangement
支持,support
来れ,Come
告白,Confession
教育,education
従業,Employment
看護,Nurse
宝石,jewelry
生か,is it raw
利益,Profits
黒人,Negro
農場,farm
金曜,Friday
着け,Wearing
アイス,ice
地区,district
保,Guarantee
候補,Candidate
認識,recognition
家庭,home
近所,Neighborhood
持ち,Have
中心,center
接続,Connection
艦,The ship
取得,Acquisition
臆病,Cowardice
若者,Youth
観察,Observation
大金,Lot of money
速度,speed
今年,this year
使命,mission
数字,The numbers
独り,alone
術,Art
中身,contents
座れ,Sit
登,Noboru
応援,Support
世間,World
不幸,Unhappy
アニー,Annie
済み,Settled
理論,theory
不能,Impossibility
訪問,visit
貴重,valuable
正,Regular
連れ出,Out of him
安,Ahn
阻止,Prevention
外出,Go out
処分,disposal
アレ,Ares
少佐,Major
来週,next week
権力,power
両手,both hands
優れ,Excellent
共有,share
載,Mounting
死刑,Death penalty
余計,Unnecessary
無罪,Not guilty
深刻,serious
対策,Countermeasure
運動,motion
係,Engagement
東京,Tokyo
愛し,I love you
浮気,Unfaithful
登録,Registration
発作,Fit
権限,Authority
か月,Months
輸送,transport
中央,Center
あんまり,not really
集団,Group
引っ張,Tensile
何百,hundreds
限界,limit
下げ,Lowering
波,wave
何事,Everything
ありがた,Thankfully
相当,Equivalent
岩,rock
着替え,Change of clothes
趣味,hobby
全力,Full force
解除,Release
計算,Calculation
降,Later
映,Film
財布,wallet
不満,Discontent
代理,Agency
去年,last year
賞,award
一言,A single word
連続,Continuity
太,Thick
最新,latest
金属,metal
とりあえず,The time being
教,Professor
イタリア,Italy
関与,Participation
人気,Popularity
生き延び,Survived
下ろ,Kudaro
通常,Normal
巡査,Police
報酬,Remuneration
署名,signature
一族,The clan
反逆,Treason
助手,assistant
過ち,Fault
美人,Beauty
進行,Advance
民間,private
余地,room
選挙,election
悲劇,tragedy
含,Including
財産,property
離せ,Tied up
共通,Common
滞在,stay
初め,beginning
合図,Signal
国際,international
事業,business
当時,at that time
成,Formation
電源,Power supply
強制,Force
革命,revolution
潜入,Infiltration
公平,fair
公式,official
復活,Resurrection
派,Faction
尾行,Shadow
軍事,Military affairs
合衆,States of
含め,Including
結,Sintered
物事,things
勿論,Of course
念,Sense
英国,The UK
分け,Divided
地面,Ground
単に,simply
一瞬,Moment
共同,Joint
販売,Sale
体験,Experience
用事,Stuff to Do
存,Exist
身分,Identification
集会,Meeting
火事,fire
車両,vehicle
挑戦,challenging
叔母,aunt
配達,delivery
入手,obtain
資格,Qualification
判事,Judge
小説,novel
呪文,incantation
美味し,Delicious
女房,wife
反乱,Rebellion
マリア,Maria
重大,Significant
聖,St.
産,Production
通過,Passing
正常,normal
アマンダ,Amanda
支え,Support
軍人,Military personnel
期間,period
アーロン,Aaron
加わ,Kuwawa
五,Five
医学,Medicine
不要,Unnecessary
天,Heaven
馬鹿げ,Ridiculous
調整,Adjustment
執行,Enforcement
製,Made by
補,Complement
必死,Frantic
バウアー,Bauer
不正,Injustice
クリア,clear
用件,Business
薬物,Drugs
創造,Creation
乗り越え,Overcome
規模,scale
悪化,Deterioration
置き去り,Left behind
言い訳,excuse
業,Work
申し上げ,I would like to
制服,uniform
顧客,client
護衛,escort
無人,Unmanned
信仰,faith
防,Explosion
造,Concrete
当局,authorities
告発,Indictment
日々,days
設定,Configuration
正解,Correct
変身,Transform
工作,Work
処刑,Punishment
役割,role
一員,member
発砲,Firing
女子,Women
電子,Electron
結論,Conclusion
真面目,serious
予測,Prediction
修正,Correction
対象,Target
一時,Time
風呂,bath
取り出,Eject
手錠,handcuffs
牧師,Pastor
半沢,Hanzawa
実現,Realization
区,Ward
種族,Race
時点,Point in time
代わ,Instead
土曜,Saturday
広が,Spread
戦え,fight
指令,Command
生き物,Living thing
美術,art
自慢,Boast
舞台,stage
上げろ,Raise
質,quality
交通,traffic
引き起こ,Spawning
建て,Built
上昇,Rising
心理,Mentality
楽しめ,enjoy it
検討,Consideration
勤務,Work
作用,Action
料,Fee
付き,Attached to
隠れ家,Hideout
隊長,Commanding officer
世代,generation
前進,Advance
決まり,Determined
繭子,Mayuko
死因,cause of death
続き,Continuation
酸素,oxygen
凶器,Deadly weapons
引き受け,Underwriting
助言,advice
国王,King
外科,Surgery
取り引き,transaction
此処,here
支払い,payment
背後,Back
図書,Books
際,When
症状,Symptom
話しかけ,Talk
引きず,Hikizu
用心,Precaution
転送,transfer
公開,Release
商売,business
隔離,isolation
理想,ideal
月曜,Monday
派遣,Dispatch
並,common
表現,Expression
ジュニア,Junior
乗客,passenger
初めまして,Nice to meet you
目指,Aims
年齢,age
虐殺,Massacre
アン,Ann
問,Asking
悪党,Villain
争,War
使い,use
現,Current
本人,Person himself
十,Ten
報道,Report
分離,Separation
発信,Transmission
印象,impression
正面,front
面会,Interview
ヵ月,Months
上院,House of Lords
目立,Conspicuous
戦略,strategy
下り,Down
艦長,Captain
心当たり,Clue
引退,Retirement
金融,Financial
無くな,Nakuna
何千,Many thousands
婦人,Woman
供給,Supply
同盟,alliance
毎晩,every night
族,Group
商品,Product
見当,Registration
職員,Staff
正式,Official
近づけ,Close
一切,All
祖母,grandmother
群れ,Herd
皇帝,Emperor
王女,princess
共和,Republic
自転,rotation
アブ,Abu
テア,Thea
世の中,world
級,Grade
引っ越,Moving
魔術,Witchcraft
死人,Dead person
進化,evolution
直ちに,right away
期,The period
北部,North
充分,sufficient
部長,Department
祝福,blessing
アイリス,Iris
庁,Agency
アウト,out
給料,salary
同情,sympathy
議会,Parliament
黄色,yellow
外国,Foreign countries
作動,Working
手掛かり,clue
大臣,The Ministry
話題,topic
校長,head teacher
恋愛,love
追加,add to
検索,Retrieval
連行,Taking
立ち上が,Rising
建設,construction
数百,hundreds
成果,Outcome
発言,Speech
苦手,Weak
画像,image
取り組,Taking set
何時,What time
類,Kind
株,stock
司法,Administration of justice
双子,twins
放棄,Abandonment
出番,Turn
電車,Electric train
玄関,Entrance
屋敷,Mansion
当たり前,Naturally
直面,Faced
共犯,Accomplice
笑い声,laughter
指名,name
具体,Concrete
野球,baseball
突入,A rush
救世,Salvation
儀式,Ritual
圧力,pressure
ノア,Noah
キャリア,Career
聖書,Bible
連れ戻,Brought back
アル,Al
周辺,Peripheral
高度,Advanced
及,及
大会,Tournament
職場,workplace
比べ,compared
あた,Ata
日曜,Sunday
アドバイス,advice
知恵,wisdom
融資,Loan
最中,Midst
乗り,Ride
議長,Chairman
信念,belief
連れ去,Tsuresa
入院,Hospitalization
気味,Feeling
借金,debt
整理,Arrangement
資産,Asset
感動,Excitement
検死,Autopsy
アレク,Alec
検察,Prosecutor
引け,Shrinkage
アディ,Adi
生涯,Lifetime
企,Companies
承認,Approval
間抜け,Stupid
アーメン,Amen
買い物,shopping
高速,high speed
解雇,Dismissal
アリバイ,alibi
昼食,lunch
天気,weather
引き金,trigger
獲物,Game
再生,Regeneration
古代,Ancient
降伏,Surrender
南上,On the south
役目,Duty
宗教,religion
一同,Everyone
録,Recording
界,Field
領域,region
ブライアン,Brian
屋上,rooftop
アルファ,alpha
暴行,assault
発明,invention
社員,The employee
静流,Shizuru
検事,Public prosecutor
世,world
半年,Half a year
入り口,Entrance
あたり,Per
同然,As good
悪人,Villain
達成,Achievement
弱点,Weakness
評議,Council
戦場,battlefield
物理,Physics
死に,Death
進展,Progress
受信,Reception
菓子,Pastry
高級,High grade
死ね,Die
アフリカ,Africa
主任,Chief
手順,procedure
野朗,To darn
あちこち,Here and there
時刻,Times of Day
無効,Invalid
防御,defense
送れ,Send
複数,Multiple
下手,poor
港,Harbor
死後,After death
少々,a little
電力,Electric power
分間,Minutes
廊下,Corridor
真ん中,middle
事項,Matter
選べ,Choose
処置,treatment
伝統,Tradition
地点,point
曲が,Song
新人,Newcomer
下ろせ,Orose
発電,Generation
保存,Storage
十字,cross
代償,Compensation
習,Learning
愛情,love
サマリア,Samaria
評判,reputation
誠人,Masato
挙げ,Cited
構築,Construction
解読,Deciphering
昇進,promotion
住民,residents
強化,Strengthening
手続き,procedure
親愛,Dear
直前,Just before
周囲,Surroundings
一歩,one step
博物,Natural history
偽物,fake
拡大,Enlargement
競争,competition
随分,Fairly
寄付,Donation
積,product
以下,Less than
永久,Forever
無用,useless
神聖,sacred
消防,Fire fighting
大物,Big shot
製造,Production
立ち向か,Suited Standing
党,party
公表,Published
録音,recording
素早,Quickness
ウィリアム,William
肉体,body
年寄り,Old
誘導,Induction
起訴,Indictment
内側,Inside
特徴,Feature
友情,friendship
やる気,Motivation
自体,itself
広げ,Spread
取り上げ,Pick up
やり直,Spear straight
不法,Lawlessness
展開,Expansion
予備,Reserve
手下,Minions
＝,=
カ月,Months
匿名,Anonymous
張,Zhang
偵察,reconnaissance
アンジェラ,Angela
アイザック,Isaac
国防,National defense
王妃,Queen
優勝,Championship
黄金,Gold
忠実,Fidelity
利口,Clever
中佐,Lieutenant colonel
取り除,Take removal
分野,Field
果て,Result
登場,Appearance
取締,control
拍手,applause
会計,Treasurer
懸命,Hard
部品,parts
本日,today
提出,Submission
売人,Dealers
谷,valley
争い,Dispute
再開,Resumption
人工,Man-made
座標,Coordinate
色んな,Many
地位,Status
出会い,encounter
置け,Put
開放,Open
経済,Economy
小便,Piss
作家,Writer
率直,Frankness
大声,Loud voice
手放,Teho
基づ,Based on Dzu
毎年,Every year
アビー,Abbey
多少,Some
編集,Editing
数千,Thousands
長年,Many years
独身,Single
材料,material
部門,Department
エリア,area
郡,county
土,soil
出入り,Out
意外,Surprising
参,three
模様,pattern
予言,Prediction
立ち去,Tachisa
植物,plant
文書,documents
善人,Good people
教わ,Attacked
先日,The other day
勝者,winner
追放,Expulsion
付き合い,Socializing
持ち主,Owner
適当,suitable
無料,free
孤児,Orphan
手伝え,Tetsudae
空腹,Hunger
演,Starring
宣言,Declaration
護,Mamoru
引き上げ,Pulling up
明白,Obvious
制限,Restriction
侵略,Invasion
米,Rice
幸福,happiness
合法,legal
作り,Make
職業,Profession
国内,Domestic
下着,underwear
合格,Passing
ライアス,Raiasu
化け物,monster
葬式,funeral
音声,voice
構造,Construction
黙示,Apocalypse
先ず,First of all
支店,Branch office
最強,strongest
地震,earthquake
解明,Elucidation
見付け,Find
済ま,# More than
購入,Purchase
電波,Electromagnetic wave
提督,Admiral
ツアー,Tours
同行,Accompanying
尊重,respect
期限,The deadline
メディア,media
空間,space
自白,confession
会見,Interview
動脈,artery
費用,cost
マイアミ,Miami
狂気,Madness
銀,Silver
海外,overseas
売り,Sell
劇場,theater
隣人,neighbor
木曜,Thursday
知り合,To know if
空け,Apart
多数,Large number
報復,Retaliation
面接,interview
外交,Diplomacy
アンドリュー,Andrew
内緒,secret
誠実,Sincere
中継,relay
原子,atom
表示,display
地方,Region
足跡,Footprint
本名,Real name
悪者,The bad guys
日付,date
引き継,Take over
守護,Protection
味わ,Taste
反撃,Counterattack
再会,Reunion
言語,language
アフガニスタン,Afghanistan
久利生,Kuri students
行き先,destination
結末,End
無く,Without
演技,acting
継続,Continuation
無限,infinite
固定,Fixation
製品,Products
送り込,Feed write
解け,Solved
貨物,cargo
離陸,take off
潜水,diving
任,Responsibility
上着,Jacket
空軍,Air Force
アリ,Ali
通話,Telephone call
押し入,Can push
火曜,Tuesday
児,child
一応,Once
体制,System
栄光,glory
技,Technique
単独,Single
自警,Vigilante
一晩,One night
加速,acceleration
過剰,excess
アボット,Abbott
丁度,exactly
不利,Unfavorable
人種,Race
民主,Democratic
交代,Change
果,Results
史上,Historical
引き渡,Pull passed
独房,Jail cell
民衆,people
陸軍,Army
書け,Write
アレン,Allen
イアン,Ian
有効,Effectiveness
検出,detection
集合,set
食え,Eat
ピアノ,piano
経歴,Career
判決,Judgment
利,Interest
所持,Possession
進歩,Progress
見解,Opinion
都,Capital
アーチャー,Archer
声明,statement
回避,Avoidance
文化,culture
粒子,particle
アイリーン,Eileen
通路,aisle
坊主,Buddhist priest
持ち込,Included have
設置,Installation
載せ,Place
報,Broadcast
業界,industry
取り返,Returned to take
意地,Obstinacy
獲得,Acquisition
変異,Variation
調達,Raising
情熱,passion
最適,Optimum
区域,Zone
変人,Crank
催眠,Hypnotism
現象,phenomenon
法的,legal
本能,instinct
葉,leaf
風邪,cold
仕上げ,Finish
重力,gravity
着信,Incoming
台所,kitchen
変態,transformation
白状,Confession
アカデミー,Academy
飛び降り,Jumping off
意気,Spirit
送り,Feed
近寄,Chikayo
成績,Record
合流,Confluence
是非,I'd love to
例外,exception
同志,Comrade
素直,Docile
ワイアット,Wyatt
本来,Originally
皆殺し,Massacre
各,each
応,Response
引き出,Pull out
主に,mainly
対抗,Opposition
充電,charging
墓地,Cemetery
座り,sitting
売買,Buying and selling
大体,Generally
創,Wounds
田舎,Countryside
万歳,Banzai
同じく,Same
休め,Rest
見張り,Lookout
論,Logical
番地,address
体重,body weight
直感,Intuition
伝わ,Tsutawa
一丿,Ichi丿
衝動,impulse
手首,wrist
持ち帰,Mochikae
一種,A kind
相応し,Correspondingly
直後,Immediately following
探知,Detection
生き返,Ikikae
有能,Efficient
高価,Expensive
人数,Number of people
団体,Organization
境界,boundary
制,Control
日常,Everyday
アナキン,Anakin
女優,actress
保持,Retention
迷子,Lost child
文明,civilization
有利,advantageous
向こう側,The other side
連合,Union
アリソン,Allison
宮殿,Palace
予感,Premonition
性的,sexual
市警,City Police Department
何に,What
先だ,It earlier
次元,dimension
付近,near
アナ,Ana
投与,Administration
回線,Circuit
管制,control
想定,Assumption
建築,Architecture
出所,source
大気,atmosphere
至急,Urgent
停電,Power cuts
直せ,Fix it
応え,Meet
戦術,tactics
比較,Comparison
次回,next time
悪気,Malice
雰囲気,atmosphere
持ち出,And out have
総督,Governor-general
退学,Withdrawal
不快,Unpleasant
中断,Interruption
差別,discrimination
秘書,Secretary
前科,Criminal record
一家,Family
同,same
地帯,Zone
鉱山,mine
伊勢,Ise
保釈,bail
アーム,arm
マフィア,mafia
教室,Classroom
能,Noh
採用,Adopt
拠点,Base
致命,Fatal
表情,Facial expression
話し合い,discussion
王冠,crown
決心,Determination
論理,logic
出動,Dispatch
職務,Duties
論文,paper
大げさ,exaggerated
取材,Interview
推理,Reasoning
以降,Or later
初日,first day
産業,industry
大胆,Daring
引き裂,Pull crack
処方,Prescription
気絶,Swoon
降下,Descent
動産,Personal property
回転,rotation
菜々,Nana
知性,intelligence
あかね,Akane
作成,Creating
銃声,Gunshot
大嫌い,hate
路,A road
偽造,Forgery
現地,local
和解,settlement
無力,Powerlessness
到達,Reaching
握手,Handshake
当たり,Hit
野蛮,Savage
不運,Bad luck
日記,diary
在,Standing
アイ,Ai
説教,Sermon
分かれ,Divided
隊員,Group members
生産,production
大将,General
爽太,爽太
変わり,change
アルバート,Albert
紗絵子,Shaeko
別人,Different person
ソフィア,Sophia
供述,Statement
セクレタリアト,Secretariat
写,Shooting
説,Theory
指環,ring
様々,various
上出来,Good performance
エンジニア,Engineers
小切手,check
愛人,mistress
合意,agreement
先月,last month
仮説,hypothesis
盲目,Blindness
参照,reference
取り戻せ,Get back
無礼,rude
温度,temperature
乗り込,Ride write
宣伝,Propaganda
止,Stop
務め,Served
賞金,Prize
現状,Current status
大麻,Cannabis
生き残れ,Survive
及び,as well as
潜在,Latency
料金,Fee
予算,budget
呼び出し,call
未知,Unknown
不審,distrust
派手,flashy
聴取,listening
手口,Trick
インディアン,Indian
模合,Mogo
決意,Determination
録画,Recording
成し遂げ,Accomplished
納屋,barn
習慣,Habit
人格,personality
義理,Duty
不死,Immortality
毎回,every time
アジア,Asia
合理,Rational
着せ,Dress
動かせ,You move
住人,Resident
郊外,Suburb
展示,Exhibition
人口,population
象徴,Symbol
家賃,rent
広告,Advertisement
広場,Plaza
食堂,Cafeteria
本質,The essence
独立,Independence
鉄道,Railway
過ごせ,Spend
初期,initial
火災,fire
金額,Amount of money
遺産,heritage
消せ,Indelible
協定,Pact
狂人,madman
向き,direction
花火,fireworks
俳優,Actor
身長,height
リアル,Real
馬車,Carriage
戦車,tank
エア,air
標準,standard
香港,Hong Kong
救命,Lifesaving
裁,Judge
外部,Outside
隠し事,Secret
殿下,Your highness
アルコール,alcohol
足元,foot
向き合,Direction if
我が家,Our house
火星,Mars
毎週,Every week
統合,Integration
形跡,evidence
親戚,Relative
住宅,Housing
大人し,Otonashi
動作,motion
反抗,Rebellion
構え,Posture
神秘,Mystery
アドレス,address
検視,Necropsy
わあ,Wow
増加,increase
毛布,blanket
常識,common sense
仕組,Arrangement
最良,best
運営,Management
バックアップ,backup
仮定,Assumption
抗議,protest
持ち上げ,Lifting up
ダイアナ,Diana
軍団,Army corps
男女,Men and women
路地,alley
年上,Senior
師匠,Teacher
主要,Primary
実在,Real
ありゃ,Arya
消去,Erasing
回り,Rotation
部署,Department
アライグマ,raccoon
相続,inheritance
銀河,Galaxy
審査,Examination
放置,Left
営業,Sales
退院,Leaving hospital
懸念,concern
全国,Nationwide
改善,Improvement
動画,The video
東田,Higashida
現代,present day
低下,Lowering
見知,Mississauga
競技,The competition
全滅,Annihilation
立ち寄,Care -
アー,Ah
野菜,Vegetables
悟空,Goku
組合,Union
異議,Objection
名乗,Self-introduction
生き残り,The survival
石油,oil
本心,True feelings
気楽,Comfortable
無茶,Unreasonable
化粧,make up
補給,Supply
野生,wild
フェア,Fair
退治,Extermination
知的,intellectual
経路,Route
アイディア,idea
麗子,Reiko
目だ,It eyes
通り抜け,Through
改造,Remodeling
大騒ぎ,Uproar
先頭,lead
雇用,employment
異星,Alien
成立,Establishment
数十,dozens
税金,tax
兵隊,Soldier
似合い,Well-matched
人員,personnel
電池,battery
コロンビア,Columbia
転が,Is rolling
交差,Cross
通知,notification
考え直,Thinking straight
首都,capital
基準,Standard
賞賛,praise
アイルランド,Ireland
昨年,last year
アレルギー,Allergy
観光,Tourism
最愛,beloved
防犯,Crime prevention
航海,Voyage
男子,Boy
安藤,Ando
大門,Daimon
画面,screen
名簿,Roster
先祖,ancestor
降ろせ,Orose
引っかか,Scratch
機器,machine
養子,Adopted child
流行,trend
前線,front
作り話,Fiction
周波,frequency
外せ,By removing
伝染,Contagion
配,Distribution
臓器,Internal organs
上級,Senior
再現,Reproduction
前方,Frontward
統治,Reign
乗組,crew
迅速,fast
物資,Goods
政権,administration
転換,Convert
観客,audience
入り込,Included enters
香水,perfume
後退,Recession
スチュアート,Stuart
区画,section
ソ連,The Soviet Union
制度,system
接,Contact
家具,furniture
専用,designated
整,Sei
安らか,Restful
あちら,there
祖国,Fatherland
再建,Reconstruction
貴族,Aristocracy
並べ,Line up
降参,Surrender
移送,transfer
転,Rolling
参考,reference
推薦,Recommendation
大戦,Great war
業者,Trader
不在,absence
総統,President
照ら,Shine
交わ,Majiwa
乱暴,Rough
野獣,Beast
厳重,Strict
見直,Reviewing
大和田,Owada
領主,Lord
回路,circuit
口論,Quarrel
射殺,Shot dead
乗っ取,Knot
暴動,Riot
手間,Time
言い,say
会場,Meeting place
採取,Harvesting
消滅,Extinction
文,Sentence
参り,Mairi
業務,business
価格,price
あが,Aga
警視,Police superintendent
子犬,puppy
出産,birth
節約,Saving
空想,Fantasy
重ね,Pile
別々,separately
演説,speech
手袋,gloves
入学,admission
外側,outside
階級,class
引き出し,drawer
弟子,Disciple
組み合わせ,combination
全身,Whole body
母国,Homeland
知事,Governor
引き換え,Exchange
アリシア,Alicia
女神,Goddess
設備,Facility
たどり着,Follow wear
群,group
感心,Admiration
摂取,intake
毎朝,Every morning
無謀,reckless
ミア,Mia
茶色,Brown
経過,Progress
表面,surface
照合,Collation
旧,Old
強烈,strong
加護,Divine protection
苦情,Complaint
延期,Postponement
探検,expedition
院長,Director
所属,Belongs
定め,Determined
猶予,Postponement
裏口,The back door
劇,Drama
解散,Dissolution
急ぎ,Urgent
力丶,Chikara丶
同感,Agreement
令,Decree
先端,Tip
事前,In advance
南部,Southern part
韓国,Korea
団結,Unity
公正,Fairness
聞き,listen
順番,The order
アンドレア,Andrea
照明,illumination
湾,bay
神話,mythology
受け取れ,Receive
寸前,On the verge
祐司,Yuji
会長,President
小人,child
入口,entrance
叫び声,Yell
不良,Failure
合成,Synthesis
聖職,Priests
中隊,Company
あけ,Open
知能,Intelligence
富,wealth
推定,Estimation
口径,Caliber
絵画,Picture
信者,Believer
見通し,Outlook
寛大,Leniency
産まれ,Born
信じろ,Believe
バージニア,Virginia
裕福,Affluence
一矢,Kazuya
特権,Privilege
後方,Behind
入力,input
作り出,Out to make
金髪,Blond hair
行い,Conduct
受け継,Joint received
外傷,Trauma
井戸,well
アッシュ,Ash
座席,seat
雨宮,Amemiya
機長,Pilot
通訳,Interpreter
モリアティー,Moria tea
補佐,Assistance
来年,next year
内臓,Internal organs
解剖,Dissection
あて,Addressed
血清,serum
まあまあ,So so
決着,Settlement
偽名,Alias
幹部,Leaders
子守,Baby-sitter
アンドリア,Andria
空っぽ,empty
食い止め,Halt
提示,Presentation
素人,amateur
アポロ,Apollo
アンジー,Angie
深夜,Late at night
出演,Performance
通れ,Impassable
抑制,Suppression
歌手,singer
右手,right hand
天井,ceiling
振り向,Pretend direction
共謀,Collusion
構成,Constitution
一気,Chug
アート,Art
分子,molecule
５千,5 thousand
共産,Communism
自爆,Suicide
場面,scene
街中,In town
送金,money transfer
呼び,Call
立ち,Start
生まれ変わ,Umarekawa
搭乗,Boarding
店員,Clerk
勢力,power
可哀想,poor
略奪,Looting
細工,Work
体内,Inside the body
化け,Garbled
帰国,Return home
聞か,Asked
食い物,Ripped off
放火,arson
部族,tribe
最期,Last moment
放題,Hodai
診察,Medical examination
角度,angle
美波,Minami
名付け,Named
通用,Spoken
立証,Demonstration
可笑し,Funny
打ち上げ,launch
救済,Relief
液体,liquid
あえて,Dare
平穏,Peaceful
公共,public
服役,Penal servitude
食欲,appetite
感想,Impressions
美,Beauty
予防,prevention
役者,actor
工学,engineering
野心,ambition
哲学,philosophy
抹殺,Obliteration
生え,Grow
理性,reason
欠点,Disadvantage
再度,again
整え,Trimmed
亡命,exile
オーストラリア,Australia
太平,Peace
近付,With near
あん,Ann
向かえ,Celebrating
点火,ignition
荷造り,packing
移植,Porting
箇所,Place
恩人,benefactor
役員,Officer
外見,Outward appearance
便利,Convenient
解析,analysis
魔力,Magical power
明信,Akinobu
要点,Gist
身代金,Ransom
将校,Commissioned officer
一掃,Clean out
名案,good idea
生み出,Out birth
鼓動,Beat
堂々,proudly
投稿,Contribution
意義,significance
反省,Reflection
食らえ,Kurae
野人,Yeti
失業,unemployment
国外,Outside the country
遂行,Execution
下水,sewage
支度,Preparation
要素,element
いやあ,Gee
解釈,Interpretation
周,Circumference
起爆,Exploding
学者,Scholar
計,Total
美味,Delicacy
警,Warning
進路,course
処女,virgin
毎,every
大抵,usually
青年,Youth
識別,identification
翌日,next day
無敵,invincible
取り消,Take consumption
手柄,Feat
仲直り,Reconciliation
公衆,public
食ら,"Food, et al."
衛生,Health
変装,disguise
測定,Measurement
依存,Dependence
立ち入り,Entrance
アンバー,amber
アロー,Arrow
身内,Relatives
破産,bankruptcy
村田,Murata
司祭,Priest
アシスタント,assistant
会合,Meeting
未亡人,widow
アンダーソン,Anderson
昼間,Daytime
傍受,Interception
あふれ,Overflowing
不倫,Adultery
過激,Radical
電,Power
警護,Escort
究極,ultimate
ムーア,Moore
区別,Distinction
何十,Dozens
引き離,Pull away
コア,core
ビクトリア,Victoria
孤立,Isolation
ボランティア,volunteer
一流,top notch
ぶっ殺,Buyya
学べ,Learn
民族,People
報い,Rewarded
兵団,Army corps
活躍,Activity
真下,Directly below
高貴,Royal
占領,occupation
後部,rear end
水曜,Wednesday
加地,Kaji
大砲,Cannon
浄化,purification
親指,thumb
不死身,Invulnerability
解毒,Detoxification
顔色,complexion
前向き,Prospective
新入り,noob
治せ,Naose
見当た,Miata
傑作,masterpiece
上等,Choice
分類,Classification
名声,fame
明朝,Tomorrow morning
人材,Human Resources
ピアス,Earrings
アビゲイル,Abigail
国連,United Nations
家内,wife
群衆,crowd
講義,lecture
交信,Communication
光景,Scene
使者,messenger
概念,concept
組み立て,assembly
乗船,On board
過程,process
旧友,old friend
傾向,Trend
浅野,Asano
結合,Combining
単語,word
徹信,ToruShin
平凡,Mediocre
解体,Dismantling
移民,Immigration
閉店,closed
常務,Managing director
見分け,To tell
取り付け,attachment
補助,auxiliary
窮地,Predicament
策略,Trick
運べ,Carry
敵対,Opposition
ジョシュア,Joshua
丈,length
助け合,Help if
設立,Establishment
楽勝,Easy victory
グレアム,Graham
国土,"Land,"
平均,average
教訓,Lesson
読書,reading
備後,Bingo
調理,cooking
過,Over
上品,Elegant
オーストリア,Austria
独占,Monopoly
片付,With pieces
ダンブルドア,Dumbledore
食品,Foodstuff
丁,Ding
上空,Sky
指摘,Pointing out
上官,Superior officer
復元,Restoration
断言,Affirmation
容器,container
男達,Men
王家,Royal family
点け,Turned
真っ直ぐ,straight
対面,Meeting
一旦,Once
所在,Whereabouts
措置,Measure
アデル,Adel
人手,starfish
クライアント,client
振動,vibration
罪人,sinner
地雷,Land mine
撃ち殺,Killing shooting
照準,Alignment
両,Both
独自,Original
新品,Brand new
社交,Social life
名刺,Business card
分解,Disassembly
アンドレ,Andre
感知,Sensing
発展,development
教官,Instructor
校,school
牧場,Pasture
シリア,Syria
景色,view
却下,Rejection
ユーモア,humor
物体,object
基礎,Foundation
玉座,Throne
重罪,felony
決勝,final
該当,Applicable
向かい,opposite
収入,income
元老,Elder statesman
学習,Study
発動,Activate
一連,The series
防弾,Bulletproof
切り離,Cut away
乗員,Crew
迷路,maze
アップロード,upload
入国,Immigration
同期,Synchronization
アナベル,Annabel
探査,Probe
政策,policy
長者,Millionaire
引き返,Exchange for
後継,successor
資源,resource
法則,law
美女,Beautiful woman
目当て,Mercenary
乱,Ran
認証,Certification
宝物,treasure
自覚,Awareness
適任,Qualified
妥協,compromise
視界,Field of vision
名義,The name
商人,merchant
近道,Short cut
気配,Indication
要望,Demand
当,This
パイア,Paia
先輩,Senior
指定,Designation
響,sound
愛し合,If love
画,Picture
豪華,Gorgeous
不気味,Eerie
安置,Enshrined
フロア,floor
アメリア,Amelia
横たわ,Yokotawa
終身,Whole life
生死,Life and death
無傷,Uninjured
アルフレッド,Alfred
大勢い,Large momentum
出世,Promotion
通り過ぎ,Past
アイアン,Iron
行儀,Manners
予期,Expectation
職人,Craftsman
豊富,Wealth
粉々,In small pieces
別荘,Villa
属,Sp.
定期,Regularly
機体,Aircraft
食物,food
足止め,Confinement
手入れ,Care
長期,Long term
同居,Living together
空中,air
対立,Confrontation
協会,Association
防備,Defense
鑑定,Expert opinion
其処,That place
酒場,Bar
靴下,socks
総,Gross
無能,Incompetence
育ち,Growth
着用,wear
株式,stock
持ちこたえ,Held up
経由,via
夜間,At night
休息,rest
家畜,livestock
知人,acquaintance
上陸,landing
アルマ,Alma
撤回,Withdrawal
ミリアム,Miriam
工事,Construction
落下,Fall
預言,Prophecy
全面,Whole surface
乗り切,Noriki
次々,One by one
続行,Continue
本音,Real intention
倫理,ethics
早速,immediately
高め,Increase
投獄,Imprisonment
薬品,Medicine
体調,Physical condition
大いに,Great
清掃,cleaning
本番,Production
取り掛か,Torikaka
融合,fusion
居所,Residence
発行,Issue
持ち物,Belongings
よそ者,Outsiders
改良,Improvement
アーチー,Archie
手動,Manual
中東,Middle East
放出,release
風船,balloon
対戦,Competition
好物,Favorite food
火傷,burn
西村,Nishimura
アバドン,Abaddon
ああー,A
役人,Government official
独特,Characteristic
家出,Running away from home
アカウント,account
ソフトウェア,software
敷地,site
重荷,The burden
ピアース,Pierce
奨学,Scholarship
アーニー,Ernie
派閥,Factions
住まい,House
アーノルド,Arnold
視,Viewing
打ち合わせ,meeting
執着,Attachment
有力,Leading
あくまで,Only
視聴,Viewing
有り,There
待ち合わせ,Appointment
情け,Compassion
実力,Merit
通じ,Through
起,Cause
実習,Training
余分,extra
進入,Entry
方々,Persons
元々,originally
専攻,Major in
人体,human body
強要,Extortion
記,Record
度胸,courage
企み,Trick
定義,Definition
売却,sale
局長,Director-General
アストラ,Astra
出現,Appearance
依然,still
側面,side
持ち場,Post
長生き,Live longer
生体,Living body
支局,Branch office
発進,Take-off
大地,Earth
規制,Regulation
人違い,Wrong man
大型,large
心得,Knowledge
要員,personnel
臨時,Special
ジア,Zia
裁き,judgment
手当て,allowance
引用,Quote
切り取,Cut
大衆,General public
大陸,Continent
楽器,Musical instrument
漫画,Cartoon
一目,glance
殺戮,Slaughter
土産,gift
ピア,Peer
リディア,Lydia
遺言,will
身近,Familiar
演じ,Play
子孫,descendants
始動,Starting
城壁,Rampart
八,Eight
経緯,Circumstances
主役,Leading part
引き取,Hikito
親衛,Monarch's guards
平等,equality
理,Management
対決,Showdown
受賞,Winning
アンソニー,Anthony
文章,Sentence
共感,Empathy
自首,Surrender
近藤,Kondo
曲げ,bending
解き放,Release solves
疫病,Plague
本題,Main question
気晴らし,Recreation
要塞,Fort
結晶,crystal
内密,Privacy
やり直せ,Redone
申し立て,Allegation
居住,Residence
止まり,Blind
親密,Intimacy
アクション,action
路上,The streets
ジュリアナ,Juliana
物件,Article
丁寧,Polite
任命,Appointment
引っ越し,moving
あいつら,Aitsura
財務,Financial
放り出,Out tossed
器用,Skillful
最小,minimum
口説,Lover's tiff
成年,Majority
山田,Yamada
大半,The majority
褒美,reward
命中,hit
児童,Children
視線,Gaze
押し付け,Pressing
緑色,green
左手,left hand
委ね,Entrusted
規定,Provision
久美子,Kumiko
国務,Secretary of State
仕様,specification
強姦,rape
指図,Instruction
演出,Performance
起こせ,Okose
農家,Farmer
立ち止ま,Tachidoma
積極,Positive
寄生,Parasite
子猫,kitten
歩き回,Arukimawa
私立,private
吐き気,nausea
リア,rear
役所,Government office
制作,Work
出力,output
止血,Hemostat
評決,verdict
反射,Reflection
持ち去,Mochisa
頭部,head
小鳥,Small bird
同胞,Brethren
有機,Organic
アルミン,Aluminate
入隊,Enlistment
仕向け,Destination
留置,Indwelling
居心地,Cosiness
薬局,pharmacy
妥当,Reasonable
体育,physical education
桜井,Sakurai
人民,People
国中,All over the country
整備,Maintenance
あいにく,Unfortunately
演習,Exercises
滅多,Seldom
王座,throne
三角,triangle
道間,Between the road
諸島,Archipelago
強大,Mighty
愛国,Patriotism
アトランタ,Atlanta
手品,Magic
権威,authority
ガーディアン,The Guardian
悪口,Abuse
早急,Urgent
力強,Strength
アリン,Allin
おとぎ話,fairy tale
果物,fruit
少数,a few
落書き,graffiti
次長,Deputy general
聖杯,Holy Grail
空爆,The bombing
回せ,You turn
盛り上が,Moriaga
病人,Sick person
検問,Inspection
アラーム,alarm
合体,Union
難民,refugees
雇い主,employer
手当,allowance
受け止め,Caught
電磁,electromagnetic
来月,next month
盗品,Stolen goods
通行,Passage
出張,Business trip
呼び戻,Return call
同性,Same sex
アンテナ,antenna
称え,Praise
称賛,praise
台本,Libretto
先ほど,Earlier
弁当,Lunch box
凍結,frozen
別名,alias
王族,Royalty
見張れ,Mihare
記入,Record
万が一,By any chance
アメリカン,American
自得,Jitoku
上海,Shanghai
反論,Objection
一線,Clear distinction
口実,excuse
北西,Northwest
名字,Surname
言い分,Excuse
除外,Exclusion
鳥井,Torii
聖堂,Church
交流,Alternating current
教団,Cult
広報,public relations
連隊,regiment
炭素,carbon
放て,Hanate
万全,Perfection
並み,Average
自業,Jigo
戯言,Nonsense
アルゴリズム,algorithm
安らぎ,peace
思い知ら,Know I
病棟,ward
物音,Sounds
分別,Separation
膨大,Expansion
潔白,innocence
時速,Speed
親子,Parent and child
小型,Small size
読み,reading
ギア,gear
点検,inspection
顧問,Adviser
楽園,Paradise
取り調べ,investigation
注入,injection
かあ,Kaa
浜辺,beach
体温,Temperature
支部,Branch
天皇,Emperor
つきあ,Tsukia
毒殺,Poisoning
中学,Junior high school
仮面,mask
住め,Uninhabitable
アムステルダム,Amsterdam
義父,father in law
会員,Member
アンド,and
受付,Acceptance
屋根裏,attic
出会え,Meet
加害,Assault
審議,Deliberation
アイビー,Ivy
変換,conversion
個性,Personality
じゃあまた,see you
製作,Production
感傷,Sentimentality
横切,Transection
如何,How
献身,dedication
差し上げ,Give
人事,human resources
買い手,buyer
配線,wiring
視覚,Vision
家系,Family tree
老師,Roshi
形成,Formation
北朝鮮,North Korea
なあに,Nani
一撃,blow
好調,Favorable
確定,Confirm
小銭,coin
本性,Real nature
口出し,Lead-out
里親,Foster parents
原始,Primeval
情けな,Nasakena
愛せ,Love
真犯人,The real culprit
団長,Grandmaster
壮大,magnificent
無害,Harmless
足首,ankle
推進,Propulsion
植え,Potted
改革,reform
年金,pension
魔物,Goblin
糞野郎,Kusoyaro
主催,Sponsorship
適用,Application
アスガルド,Asgard
食糧,Food
日焼け,Sunburn
減少,Decrease
実家,Home
検証,Verification
性質,nature
回答,Answer
開催,Held
出向,Seconded
感激,Deep emotion
代金,price
響き,sound
応じ,Depending
歌え,Sing
組め,Kume
少尉,Second lieutenant
執事,Butler
寺院,Temple
次期,Next term
ケア,care
視点,point of view
辿り着,Follow wear
劇的,dramatic
悪事,Crime
埋め合わせ,Make up for
致死,lethal
発音,pronunciation
火薬,Gunpowder
ヴィジュアライズ,Visualizers Arise
不潔,Filthy
戦死,Killed
半径,radius
西側,West side
祖先,ancestor
介入,intervention
西部,Western part
下院,House of Representatives
限定,Limit
原,original
作り上げ,Created
そりゃあ,Oh yeah
気違い,Crazy
正午,noon
酸化,Oxidation
階下,downstairs
検知,Detection
象,elephant
傷付け,Hurt
下品,Vulgarity
休日,holiday
大阪,Osaka
企画,Planning
気温,temperature
手本,Model
一夜,overnight
ダイアン,Diane
気まず,Awkwardness
連れ出せ,Tsuredase
衛兵,Guard
後半,Latter half
アルメイダ,Almeida
取り乱,Take turbulent
無知,ignorance
蘇生,resuscitation
森田,Morita
通せ,"Passed,"
観念,Idea
立ち直,Upright
気取,Kido
都会,City
今月,this month
雑音,noise
統計,statistics
気取り,Panache
分裂,division
心地,feeling
言い聞かせ,Telling
金塊,Gold bullion
拘置,detention
アプリ,Application
過小,Too small
牢屋,Jail
保留,on hold
傷口,wound
呼びかけ,Call
制圧,Suppression
アラブ,Arab
落ち合,Fell case
アップル,Apple
健全,Health
引き寄せ,Attracted
ああっ,A'
キックアス,Kick Ass
売女,Bitch
一味,A little bit
引き,pull
引き抜,Pull disconnect
配備,deployment
防げ,Prevent
勝ち目,Odds
至る所,Everywhere
勝ち取,Kachito
農民,farmers
水道,Water supply
天然,Nature
美容,Beauty
向上,Improvement
船員,Sailor
工,Engineering
出航,Departure
愛想,Civility
結びつけ,Tied
ジョージア,Georgia
天候,the weather
導き,Guidance
工業,Industry
消費,consumption
手前,This side
隙間,Gap
領事,Consul
発揮,Display
アリゾナ,Arizona
暗示,Hint
規律,Rules
復旧,restoration
リリアン,Lillian
ジョアン,Joan
岩崎,Iwasaki
健太郎,Kentaro
不滅,immortal
エイドリアン,Adrian
書斎,Study
アーヤ,Arya
成分,component
画家,painter
洪水,flood
台詞,lines
手帳,Notebook
徐々,gradually
決闘,duel
理屈,reason
原稿,Manuscript
水中,Underwater
言い争,Says war
毎月,monthly
北東,Northeast
公聴,Hearing
人目,Glimpse
用語,the term
無数,Countless number
忘れ物,Lost article
アール,R
引き続,Continue
単位,unit
アイランド,Island
防護,protection
住居,Dwelling
不可欠,necessary
聖人,saint
気まぐれ,Capricious
シェア,share
最上,Best
毒物,Poison
出資,Investment
アルビン,Alvin
突っ立,Erect stand
淑女,Lady
目玉,Eyeball
基,Basis
急速,rapid
小隊,platoon
元帥,Marshal
各地,Various places
獅子,lion
不可解,Inexplicable
返済,repayment
関わり,Relation
体力,Physical strength
アル中,Alcoholism
アザ,Aza
同一,Identity
灰色,gray
気持,feeling
処罰,Punishment
アレクス,Arekusu
改めて,again
教科,Subject
時―,Time-
鳴き声,cry
挑発,Provocation
家政,Household economy
行進,march
貫通,Through
身柄,Custody
見学,The tour
示唆,Suggestion
２千,2 thousand
発達,development
等し,Equal
やり直し,Redo
一面,one side
騒音,noise
消耗,Consumption
機材,equipment
複製,Duplication
岸川,Kishikawa
漁師,Fisherman
関節,joint
基金,Fund
領土,territory
一夕,Isseki
花木,Flowers and trees
任意,Any
走り回,Hashirimawa
惨事,disaster
条,Article
アソコ,Dick
手元,At hand
国税,National tax
言及,Reference
手足,limbs
所長,chief
下げろ,Sagero
急行,Express train
気遣い,Solicitude
抗生,Antibiotic
車庫,Garage
活発,Lively
敏感,sensitive
試作,Trial production
和平,peace
精子,sperm
縄張り,Demarcation
広め,Spread
活性,Activity
認知,Recognition
植民,Colonization
若造,Youngster
初心,Original intention
台湾,Taiwan
小児,Child
認可,Approval
退役,Retired
あんま,Massage
光線,Ray
大昔,Long ago
取り合,Take case
代替,Substitute
割り当て,allocation
あの世,The afterlife
振り回,Pretend times
シアトル,Seattle
配慮,Consideration
詩人,poets
アインシュタイン,Einstein
刺青,tattoo
乱れ,Disturbance
あ～,Ah ~
刑期,Prison term
車輪,Wheel
広ま,Hall
消え去,Kiesa
結びつ,Musubitsu
召し上が,Meshiaga
ペア,pair
莫大,enormous
巡回,Patrol
過ぎ去,Sugisa
多田,Tada
墓場,Boneyard
交戦,Battle
アマ,Flax
業績,performance
離脱,Withdrawal
南側,South side
連鎖,chain
適応,Adaptation
仲谷,Nakatani
使い捨て,disposable
達人,Expert
王位,throne
学園,Academy
主婦,housewife
電灯,Electric light
結成,Formation
立ち上げ,Launch
客人,Guests
化石,fossil
宿命,Fate
無理やり,By force
万一,Should
中間,Middle
在庫,stock
総合,Synthesis
学期,semester
問い合わせ,Inquiry
停車,Stopping
ウィリアムズ,Williams
透視,X-ray
マニュアル,manual
加担,Complicity
生理,Menstruation
伊賀,Iga
休戦,Truce
見回,Kai seen
君主,Monarch
米軍,U.S. Army
戦艦,Battleship
消毒,Disinfection
治癒,healing
伝達,Transmission
満月,full moon
親族,relatives
アルバム,album
総理,Prime minister
人助け,Act of mercy
上層,The upper
企て,Attempt
無法,Lawless
金貨,Gold coin
適合,Compatible
来客,Visitor
同類,Same kind
実施,Implementation
フィラデルフィア,Philadelphia
あい,Love
強引,Pushy
誓約,Pledge
方面,Direction
動力,power
一刻,Moment
騒動,Riot
誤魔化,Ayamamaka
存続,The survival
シリアル,Serial
大聖,Daisho
持ち歩,Have Ayumu
搬送,Transport
子息,son
特許,Patent
あわせ,Together
確立,Establishment
用い,Used
一定,Certain
番人,Watchman
調教,Torture
投げろ,Let 's throw
エアコン,Air conditioning
つま先,Toe
陽気,Weather
不意,Unexpected
葉巻,cigar
投げ出,Out throwing
成り行き,Course of events
元カレ,ex boy friend
レア,rare
動転,Being surprised and stunned
あだ名,Nickname
道理,Reason
南西,Southwest
アントン,Anton
散々,Terrible
射程,Range
ベア,Bear
機動,Maneuver
自力,Own
法務,Ministry of Justice
中華,China
手先,Fingers
グロリア,Gloria
ありか,Whether there
肉屋,Butcher
不当,Unfair
施,Facilities
各自,Each
根本,root
送り返,It sends back
仕組み,How it works
一口,bite
小娘,Puss
焦点,focus
長引,Nagahiki
電流,Electric current
星系,Star system
素性,Identity
専念,Devote
旅立,Departure
取り残,Take the remaining
有益,beneficial
総省,Sosho
手数,Trouble
無口,Reticence
間近,Nearness
射手,Shooter
協議,Discussions
後戻り,Backtrack
服用,Dosing
有害,Harmful
リーアム,Liam
一人ぼっち,alone
混合,mixture
速やか,Speed
経費,Expenses
血統,Pedigree
食器,Tableware
実感,Feeling
聞き出,Out to hear
アヒル,duck
素材,Raw materials
アッラー,Allah
頑丈,Sturdy
火葬,Cremate
村人,Villager
減速,Deceleration
半端,Incompleteness
溺死,Death by drowning
中立,Neutrality
代役,Stand-in
消化,digestion
幼児,Infant
移住,Immigration
由梨,Yuri
不吉,Sinister
吸引,Absorption
促進,Promotion
擁護,Protection
結び,Conclusion
入札,bid
類似,Analogy
空き,Free
行使,exercise
敗者,loser
面談,interview
親権,Custody
国籍,Country of Citizenship
朝飯,breakfast
パトリシア,Patricia
勘定,Account
ヴィヴィアン,Vivienne
思い当た,Omoiata
電報,telegram
生まれつき,Born
切開,Incision
光速,speed of light
見上げ,Look up
罰金,fine
流血,Bloodshed
名乗り出,Come forward
あァ,Ah
同席,Attended
順位,Rank
応用,application
頭取,President
手出し,Mess around
球,ball
分かち合,If share
重傷,Serious injuries
横断,Crossing
見送,Mioku
ヘア,hair
預金,deposit
前例,Precedent
万事,everything
往生,Death
交際,Association
娯楽,Amusement
狂信,Fanaticism
長旅,Long trip
清め,Purification
人前,public
威力,power
毒素,toxin
向う,Face
アダムス,Adams
司教,Bishop
ボルチモア,Baltimore
よ〜,Yo ~
消し去,Removed by off
榎本,Enomoto
仕立て,tailoring
日光,sunlight
遺書,Suicide note
情,Affection
接点,contact
アストリッド,Astrid
取り下げ,Withdrawal
品質,quality
具,Ingredients
登れ,Climb
九,Nine
治安,Public order
アキレス,Achilles
出国,Departure
道化,Buffoonery
転校,Change schools
勇者,Brave
足音,footsteps
配属,Assignment
引きつけ,Attracted
アフガン,Afghan
欧州,Europe
本土,main land
水素,hydrogen
最速,Fastest
抹消,Erasure
積荷,A cargo
終結,End
有望,promising
アドレナリン,Adrenalin
地中,Underground
旋回,Turning
っ子,Kid
２、３,"2, 3"
泣き声,cry
懐中,Pocket
アッ,Up
磁気,Magnetism
人狼,Werewolf
黒崎,Kurosaki
３千,3 thousand
脚本,Scenario
主導,Initiative
出生,Birth
三木,Miki
福祉,welfare
由美子,Yumiko
保て,Maintained
貯金,savings
無縁,Unrelated
送還,Repatriation
短気,Quick temper
懸賞,Sweepstakes
回れ,Maware
あれこれ,This and that
連盟,League
無断,Without permission
布,cloth
アロン,Aaron
当事,Concerned
及ぼ,Adversely
全域,Whole area
縫合,suture
一息,breath
寿命,lifespan
師団,Division
でっち上げ,hoax
標識,Mark
アンダー,under
得点,score
投入,Turned
発掘,Excavation
記述,Descriptor
手強,Tezuyo
人身,Trafficking
手榴弾,Grenade
身代わり,A scapegoat
感電,Electric shock
開拓,Pioneer
船体,Hull
清潔,Cleanliness
分割,Split
同級,Same class
ブライア,Bryher
集結,Gathered
ひと言,Word
線路,line
自供,Confession
事例,Example
自家,House
生贄,Sacrifice
片手,one hand
建造,Building
アハハ,Well done
半数,Half of
運用,Investment
条約,Treaty
、,","
改装,Remodeling
大いなる,Great
やり取り,exchange
消息,News
領収,receipt
有毒,Poisonous
作曲,Composition
当選,Winning
亭主,husband
当初,At first
浮上,Surfacing
呼ばわり,Cry
統一,Unity
出場,Participation
手始め,Outset
限度,limit
直美,Naomi
アンドレイ,Andrey
アベル,Abel
当分,For some time
書き,Write
防止,Prevention
就任,Assumption of office
楽観,Optimism
安物,Cheap article
遺族,Bereaved family
呼び名,Nickname
愛らし,Loveliness
裏付け,support
水着,Swimsuit
シンシア,Cynthia
口紅,lipstick
利己,Self-interest
洞察,insight
部外,Outsiders
迂回,Detour
解消,Cancellation
変形,Deformation
アラスカ,Alaska
成人,adult
広大,Huge
乗り物,vehicle
開店,Open
前後,Before and after
高潔,Nobility
従者,Servant
製薬,Pharmacy
信心,Faith
公爵,Duke
葉っぱ,leaf
形式,format
黒子,Beauty spot
新作,New work
連れ帰,Tsurekae
自尊,Self-respect
発想,Idea
世辞,Flattery
近頃,recently
書き留め,Writing down
論争,Controversy
餌食,prey
聞き覚え,Sounds familiar
引き付け,Attracted
丁目,Chome
早朝,early morning
帝王,Emperor
北京,Beijing
渓谷,Valley
習得,Learning
文学,literature
あいさつ,Greetings
アンドロイド,Android
取り憑,Take possession
コロニアル,Colonial
頂上,the top
量子,quantum
盗人,thief
素手,bare hands
二十,twenty
南東,Southeast
あッ,There
乗車,Entraining
宗介,Sousuke
本件,This matter
投げ込,Included throwing
見物,Sightseeing
入れ墨,tattoo
乗り換え,transfer
引越し,moving
実績,Performance
消失,The loss
鋼鉄,steel
性能,Ability
ドリアン,Dorian
餓死,Starvation
人権,human rights
討論,Debate
気遣,Canon
千,thousand
調和,Harmony
細部,details
在住,Resident
強い,strong
水泳,swimming
可,Yes
山脈,Mountain range
艦内,Submarine
即座,Immediate
搭載,powered by
入場,Admission
王室,The royal family
仕置き,Punishment
見下,Under look
進軍,Marched
市内,city
アーヤン,Ayan
命じ,Ordered
隕石,meteorite
手作り,Handmade
景気,Business
大男,Giant
毒島,Busujima
察,Police
大目,Condone
前日,The day before
アシュリー,Ashley
一斉,All at once
優位,Superiority
踏み入れ,Stepped into
居間,Living room
大通り,Main street
頂点,vertex
布告,Proclamation
あげろ,Raise
よ～,Yo ~
手法,Technique
立入,- site
田鶴,Tazuru
大家,Landlord
乱用,abuse
学長,University president
利点,advantage
処,place
流出,Flowing out
濃度,concentration
小川,stream
廃止,Abolition
演劇,theater
投げ捨て,Throw away
取り決め,Agreement
歯科,Dentistry
大王,Great king
見付か,Or find
日誌,Diary
人殺,Killing people
忌々し,Imaimashi
護送,Convoy
アテネ,Athens
田舎者,Hick
悪名,Bad name
遺物,Relic
如何なる,Any
拡張,Extension
商,quotient
両者,Two
ヾ一,Isuzu one
放り込,Included tossed
真山,Mayama
引き止め,Hold back
気前,Generous
返信,reply
迷信,superstition
町中,The whole town
農業,Agriculture
内通,Secret understanding
夏休み,Summer vacation
工藤,Kudo
歌声,Singing voice
必然,Inevitable
横取り,Intercept
技師,Engineer
金子,Kaneko
観測,Observation
罪状,charges
元妻,Ex-wife
懲役,Jail time
要因,Factor
万端,All set
送り出,Out Feed
新年,new Year
セオドア,Theodore
照会,inquiry
器具,Equipment
密売,Smuggling
移行,Migration
野放し,Uncontrolled
全額,Full amount
成り立,Become standing
開き,Open
南アフリカ,South Africa
アビゲール,Abigail
統制,control
司会,Chairmanship
判定,Decision
大樹,Big tree
化合,Compound
汽車,Train
先導,Lead
死神,Reaper
タリア,Thalia
快楽,pleasure
金田一,Kindaichi
アリー,Ally
体操,Gymnastics
アドラー,Adler
当てはま,Applies
アレキ,Alexandrescu
輸入,Import
あきれ,Unstoppable
取り返し,Irreversible
人命,Life
瀕死,dying
強迫,Obsessive-compulsive
総員,All hands
中古,second hand
投下,drop
売り上げ,Earnings
表紙,Front cover
読者,reader
モリアーティ,Moriarty
所詮,after all
持参,Bringing
放浪,wandering
引っ込,Hit Included
監査,audit
アナル,Anal
重症,Serious illness
アダマ,Adama
安っぽ,Cheapness
手渡,personal delivery
学位,degree
整形,Shaping
重役,Director
相応,Correspondingly
早期,Early stage
排水,Drainage
水平,Horizontal
王者,King
修行,Training
磁石,magnet
大手,Leading
日の出,sunrise
式典,ceremony
聖域,Sanctuary
待ち構え,Waiting
ガリアン,Garian
競売,Auction
ありのまま,as is
食い,Eat
調書,Working papers
水槽,Water tank
保守,Maintenance
スクエア,Square
主な,main
担保,collateral
陸,land
行な,Line of
財団,Foundation
直行,Nonstop
アルカディア,Arcadia
発火,Firing
中傷,Slander
竹本,Takemoto
代物,Thing
高官,High official
逆転,Reversal
脱水,dehydration
全能,Almighty
送電,Power Transmission
人道,Humanity
捕食,Predation
顔面,face
作物,produce
教皇,Pope
手短,Briefly
私物,Personal effects
公演,Public performance
枢機,important state matters
腕前,Skill
監察,Inspection
残業,overtime
不全,Incomplete
資本,capital
戦利,Booty
家中,Whole house
先手,First move
近親,Relatives
永井,Nagai
皇太子,Crown Prince
絞殺,Strangulation
聞き込み,Kikikomi
取り替え,Exchange
アスピリン,aspirin
ありふれ,Common
日没,sunset
日向,Sunny place
死角,Blind spot
抜群,Excellent
イライアス,Elias
アナリスト,Analyst
銃創,Gunshot wound
一見,Glimpse
配給,distribution
性交,Sexual intercourse
石炭,coal
陽動,Diversionary
編成,Organization
見放,Miho
恐れ入,Osorei
取調べ,Interrogation
付き添,Appendix attached
察知,Infer
強奪,Extortion
火山,Volcano
動員,mobilization
合併,merger
無論,Of course
各国,The countries
羽目,Wainscoting
議事,Proceedings
生地,Cloth
ハア,Haa
感銘,Impressed
ヶ所,Locations
アルカイダ,Al-Qaeda
師範,Teacher
和らげ,Soften
格子,lattice
水分,moisture
内蔵,Internal
東部,Eastern part
行き詰ま,Ikizuma
高ま,Takama
病的,Abnormal
早起き,Early rising
ガイアス,Gaiasu
目隠し,Blinkers
見過ご,Over your look
取り込,Captures
信託,trust
視野,Field of vision
白雪,White snow
後任,Successor
自立,Self-reliance
灯台,Lighthouse
戸,door
あああ,Oh Oh
標本,Specimen
倒産,bankruptcy
客観,objective
当社,Company
夜通し,All night
大西,Onishi
書き換え,Rewriting
ペンシルバニア,Pennsylvania
目印,Mark
張り込み,Stakeout
重な,Heavy I
蒸気,vapor
思い付,With think
合計,total
芝生,grass
あらら,Oops
年取,Toshitori
配管,Plumbing
元哉,Moto哉
友子,Tomoko
専務,Senior Managing Director
病室,Hospital room
言い切れ,Ikire
河,river
株価,Stock Price
庭師,Gardener
便所,Toilet
支給,Supply
信条,Creed
配送,delivery
情緒,Emotion
ルイジアナ,Louisiana
起立,Standing up
形態,form
過酷,Severity
火炎,flame
来世,The afterlife
歌詞,lyrics
特有,Peculiar
ベアー,Bear
盛大,Grand
家宅,House
殉教,Martyrdom
共存,Coexistence
視力,Eyesight
優雅,Elegance
渡真利,Marie De
賢者,Wise man
アクセント,accent
掛け直,Hanging straight
子羊,Lamb
真っ先,First and foremost
連携,Cooperation
本意,Original purpose
上流,Upper stream
税関,Customs
屠殺,slaughter
系統,system
記載,Described
水族,Water group
生還,Survivor
運び出,Out carry
怠け者,sloth
奪い取,Ubaito
学び,Learn
年月,Months and years
原告,plaintiff
あなただ,You're
荒野,wilderness
関知,Concern
見習,apprentice
藤村,Fujimura
数値,Numeric value
気候,climate
当面,for the time being
異教,Paganism
原則,principle
佐久間,Sakuma
表彰,Commendation
大群,Large crowd
横領,embezzlement
うわあ,O snap
病質,Disease proteins
スケア,Scare
駆け引き,tactics
審問,hearing
循環,Circulation
形見,Memento
換気,ventilation
会談,Conference
片目,one eye
独裁,Dictatorship
分隊,squad
放課,Hoka
音波,Sound wave
落第,Fail
賛同,Support
付きまと,Tsukimato
アプローチ,approach
落ち着き,Calmness
受か,Uka
予知,Prediction
戦線,Front
忍者,Ninja
掲示,Bulletin
矯正,Correction
投降,surrender
作法,Etiquette
アルトン,Alton
世論,public opinion
当日,The day
アクセル,accelerator
乗務,Crew
白紙,White paper
富豪,Millionaire
近隣,Neighborhood
あのう,Excuse me
大隊,battalion
選び,Select
赤外,infrared
農夫,Peasant
時空,Space-time
腹部,abdomen
訂正,correction
アニ,Ani
手間取,Tematori
子宮,Uterus
肉食,Meat diet
公務,Official business
日暮れ,Sunset
停戦,Cease-fire
中退,Dropped out
闘技,Contest
翌朝,next morning
大蛇,Python
飛び回,Tobimawa
用途,Use
創設,Founding
手荒,Rough
決めつけ,Kimetsuke
ウィリアムス,Williams
山﨑,Yamazaki
味見,Tasting
走行,Traveling
整列,Alignment
無欲,unselfish
平静,Calm
参謀,Staff officer
由来,Origin
取り返せ,Torikaese
錯乱,confusion
胎児,Fetus
中庭,courtyard
内務,Internal affairs
私生,I live
あーあ,Aa
通告,Notice
有難,Grateful
導入,Introduction
一帯,Zone
秒間,Seconds
持続,Continuation
積り,Estimates
多大,Much
賃金,wage
気高,Qi with high
引き込,Pull write
義母,Mother-in-law
代々,From generation to generation
見殺し,Letting die without helping
決,Determined
不味,Distaste
スタジアム,Stadium
イリア,Ilia
青春,Youth
アマチュア,amateur
平方,square
方程,As the person
小麦,wheat
側近,Close associate
中世,middle Ages
アタマ,Your head
名づけ,Named
大腿,Thigh
一貫,Consistency
乙女,Maiden
運搬,Transportation
取り込み,Uptake
スコア,Score
浜,beach
中西,Nakanishi
抗争,Dispute
下宿,Boarding house
置き,put
通称,Alias
アニキ,Big Bro
察し,Guess
実践,Practice
石鹸,Soap
金銭,money
気流,air flow
先住,Native
申し分,Alright
悲観,Pessimism
歓声,Cheer
草原,Grassland
孝則,Takanori
宣戦,Declaration of war
セルビア,Serbia
運び屋,Mules
風景,Scenery
伯母,aunt
自衛,Self-defense
架空,Aerial
見本,sample
アルド,Aldo
多量,A large amount
絞め殺,Killing strangled
辞任,Resignation
重量,weight
手際,Skill
不平,Complaint
著名,Famous
調合,Compounding
ミリアド,Myriad
飼育,Breeding
ルーマニア,Romania
近辺,Neighborhood
戦力,War potential
勃起,erection
原料,material
アラゴルン,Aragorn
大至急,ASAP
年頃,Age
挿入,Insertion
着地,Landing
ギリシア,Greek
エミリア,Emilia
原理,principle
接種,Inoculation
兵力,Military forces
編,Editing
代弁,Spokesman
アーティ,Artie
足取り,gait
両側,both sides
大工,carpenter
主演,starring
アメ,Candy
直樹,Naoki
シアーシャ,Shiasha
後援,Support
ガルシア,Garcia
生成,Form
お手上げ,Given up hope
疑念,Doubt
アマゾン,Amazon
受け取り,Acceptance
関口,Sekiguchi
売り物,Article for sale
竹下,Takeshita
守衛,Security guard
通気,Ventilation
過失,Accident
冷戦,The cold war
同伴,Entrained
覆面,Mask
中年,middle aged
路線,Route
新米,New rice
引き取り,Pick up
見知り,Mishiri
再婚,Second marriage
ファイアウォール,Firewall
上達,Progress
送り届け,Forwarded
足手,Foot hand
大口,Large
比,ratio
満員,Full house
異論,Objection
急激,Sudden
特技,Special skill
生意気,Saucy
中村,Nakamura
大喜び,great joy
組み込,Embedded
急げ,hurry up
精通,Familiar with
航行,Cruise
精製,purification
縛り付け,Strapped
感触,Feeling
発売,Sale
室内,Indoor
奥深,Profundity
捏造,Forgery
半ば,middle
引き揚げ,Withdrawal
責務,Obligation
取り分,Share
起源,origin
通貨,currency
大晦日,New Year's Eve
鈴木,Suzuki
改め,Revised
ブレア,Blair
アヘン,Opium
アドバイザー,Adviser
活用,Take advantage
自制,Self-control
下降,Descent
対話,Dialogue
進学,Go
身動き,Motionless
飛び立,Fly standing
親類,Kin
電線,Electrical wire
言わ,Said
即死,Instant death
味わえ,Taste
義兄,Brother-in-law
制裁,Sanction
特異,Singular
失調,Ataxia
仙崎,Senzaki
項目,item
車内,Car
国立,National
アーデン,Arden
東側,East side
あらあら,Oh dear
予告,Prior notice
病原体,Pathogen
域,Pass
経理,accounting
肯定,positive
子育て,Raising children
言動,Words and deeds
特性,Characteristic
対価,Consideration
速報,Prompt report
末期,Last stage
心強,Kokorozuyo
偽者,Imposter
機内,Flight
常連,Regular customer
賭博,Gambling
再発,recurrence
アーク,arc
横浜,Yokohama
聞き出せ,Kikidase
店長,Store Manager
早々,as soon as
呼び寄せ,Summoned
アゴ,Jaw
特集,Feature
基盤,Foundation
リビア,Libya
津波,tsunami
人相,Physiognomy
気難し,Picky
モーフィアス,Morpheus
船内,Ship
安静,rest
アミン,Amine
清算,Liquidation
前列,Front row
供,Supply
点滴,Intravenous drip
リアクター,reactor
海水,Ocean water
野,field
一変,Complete change
薫子,Kaoruko
周年,Anniversary
たどり着け,Tadoritsuke
海上,Sea
更生,resuscitation
支障,Difficulty
資質,Nature
気圧,Atmospheric pressure
誇張,Exaggeration
アレクサンダー,Alexander
立ち去れ,Begone
発つ,Leave
獣医,Veterinarian
遺骨,remains
好機,Good opportunity
音量,Volume
元素,element
予選,Preliminary contest
殺意,Murderous intent
召使,Menial
仕入れ,Stocking
総監,Commissioner
圏外,Out-of-service
介護,Nursing
見習い,apprentice
か所,Place
洗面,Wash
引き留め,Detained
達者,Skillful
変動,Fluctuation
立て直,Straight vertical
食べれ,Eat
助力,Assistance
主だ,It main
小学,elementary
人的,Human
強調,Emphasis
あわて,A hurry
進捗,progress
学費,Tuition
ユリア,urea
トビアス,Tobias
合唱,Chorus
引き出せ,Withdraw
補償,compensation
時折,sometimes
証書,Certificate
学年,School year
茶番,farce
留学,Study abroad
引き返せ,Hikikaese
アメフト,American football
自滅,Self-defeating
新入,New
空飛,Sky Fei
切手,stamp
アメリー,Amery
講演,Lecture
異動,Change
口笛,Whistle
競馬,Horseracing
超越,Transcendental
フィアンセ,Fiancé
話せよ,Hanaseyo
王都,Imperial City
引き入れ,Drawn
アスペン,Aspen
初耳,News to
不断,Unremitting
運び,Carry
天塩,Teshio
起き上が,Okiaga
ダイアモンド,Diamond
アジト,Hideout
白血,White blood
アーティスト,Artists
アントニオ,Antonio
工具,tool
伝,Den
口止め,Forbidding to speak
大当たり,Jackpot
失神,syncope
マニア,Mania
思い知,Omoishi
回数,Number of times
教区,parish
店主,Shopkeeper
見合,Commensurate
粘土,clay
需要,demand
用紙,A sheet
不通,Interruption
外壁,outer wall
空手,karate
良々,Good people
リアム,Liam
あのー,Ummm
千,thousand
表明,Expression
出直,Dejika
大義,Cause
年度,year
コーディア,Cordia
貸金庫,Safe-deposit box
産物,product
准将,Brigadier general
導師,Guru
自主,Autonomy
平行,parallel
っ放し,Leave
軍用,Military
審理,Trial
筋書き,Plot
言いつけ,I told her
形状,shape
装着,Installing
新規,A new
拓馬,Takuma
アイラ,Ira
休養,rest
算数,arithmetic
弁解,excuse
募金,Fund raising
オリヴィア,Olivia
面識,Acquaintance
害者,Victims
泣き言,Whining
アーカイブ,archive
長所,Advantages
真上,Just above
掘り起こ,Digging Oko
小夜子,Sayoko
白鳥,swan
理事,Director
死傷,Casualties
取り付,Installing
行き着,Clothes go
義足,Artificial leg
アレス,Ares
調節,Regulation
氷河,Glacier
半神,Demigod
目視,Visually
選考,Selection
アラー,Allah
小遣い,Pocket money
戦隊,Squadron
求女,Motomeon'na
無名,Anonymous
木々,The trees
回り道,detour
以後,Thereafter
チェックアウト,check out
物的,physical
上位,Higher order
一団,Party
久々,Long time
後ほど,later
本山,Motoyama
淫売,Prostitution
アポ,Apo
地平,Ground level
取り出せ,Taken out
アベンジャーズ,the Avengers
動き回,Move around
付き添い,attendant
縁起,Omen
投げつけ,Threw
造船,shipbuilding
治ま,Osama
素質,Quality
あした,Tomorrow
切り開,Cut open
解任,Dismissal
非道,Outrageous
別居,Separation
大して,much
木馬,Rocking horse
アンサリード,Answer lead
方式,method
長谷川,Hasegawa
人食い,cannibalism
東洋,Orient
直線,Straight line
毎度,Every time
ルシアン,Lucian
本格,Full-scale
御座,Throne
名人,Expert
時差,time difference
水面,Water surface
後回し,Postpone
行事,Event
森口,Moriguchi
アタック,attack
宅配,delivery
玩具,toy
全速,full speed
人魚,mermaid
明後日,day after tomorrow
対等,Equivalent
個別,Individual
補足,Supplement
追及,Pursue
だあ,Daa
屋内,indoor
石版,Lithograph
万能,Omnipotent
無さ,Lack
表れ,Appear
略,Almost
迷宮,Labyrinth
群が,Group is
祖父母,Grandparent
補充,Replenishment
美穂,Miho
モアナ,Moana
医務,Medical affairs
株主,Shareholder
健在,In good health
木戸,Wicket
変わり者,Oddball
子豚,Piglet
脳波,Brain waves
食卓,table
病状,Medical conditions
先代,Previous generation
昔々,once upon a time
先行,Preceding
アァ,Ah
推論,inference
生け捕り,Ikedori
高齢,Advanced age
宴会,Banquet
半身,Half-length
意向,intention
内面,Inside
打開,Break
言い争い,A quarrel
充実,Enrichment
元カノ,Ex-girlfriend
実質,Substance
発令,Official announcement
容体,condition
立ち入,Tachii
引き渡せ,Hikiwatase
金儲け,Moneymaking
到来,Arrival
生じ,Occur
前夜,The eve
勿体,Overemphasis
ノックアウト,knock out
観衆,Spectators
容認,Approval
局員,Clerk
あばずれ,Bitch
王殺し,Regicide
赤子,Baby
加工,processing
断念,Abandoned
取り囲,Take enclose
野望,ambition
自発,spontaneous
私有,Private ownership
アバズレ,Bitch
あせ,Sweat
誘発,Induction
医薬,Medicine
シアン,cyan
安泰,Peace
噛み付,With bite
数々,many
富樫,Togashi
郎,Ichiro
乗り切れ,Norikire
同等,Equal
放り投げ,Tossed
銃口,muzzle
元夫,Ex-husband
症候,Symptom
転職,Change of occupation
展望,Outlook
丈夫,Strong
中味,Content
依子,Yoriko
召使い,Servant
中途,The middle
見世物,Pageantry
空調,air conditioning
上がり,Rise
生き抜,Live unplug
闘争,Conflict
立ち会,Standing Board
千尋,Chihiro
アイヴォ,Aivo
芝山,Shibayama
日中,Daytime
口外,Reveal
山分け,Equal split
電圧,Voltage
独りぼっち,alone
グルジア,Georgia
オア,OR
本社,head office
母校,alma mater
多額,Great amount
素,Elementary
中枢,Center
創作,Work
隅々,Every corner
アンブレラ,Umbrella
相対,relative
アイロン,Iron
あさって,The day after tomorrow
氏名,Full name
丁重,Courteous
強情,Stubbornness
上回,Exceeded
空白,Space
客室,Guest room
ファイアー,Fire
観点,Point of view
アルバレス,Alvarez
挙げろ,Agero
一服,Dose
引き戻,Pull back
汚名,stigma
目前,The current
常習,Habit
ダミアン,Damien
高所,high place
やり手,Whiz
流儀,Style
農園,Plantation
補強,Reinforcement
解き,Solve
人造,Man-made
外観,appearance
読み上げ,Read aloud
抜き取,Sampling
時限,Period of time
不可,Improper
アーチ,arch
立ち直れ,Get over
肥料,fertilizer
急用,urgent business
現役,Active duty
一度,one time
洗車,car wash
言い張,Iha
ディアス,Diaz
呼び起こ,Called Oko
地表,Earth's surface
結社,Society
金色,Golden color
受け付け,Acceptance
オフェリア,Ophelia
私的,private
和,sum
着手,Start
体格,Physique
彗星,Comet
沼地,A bog
至近,Close
自,Own
多様,Diversity
発覚,Discovered
小包,parcel
連れ込,Tsurekomi
乗馬,horse riding
書面,Document
田宮,Tamiya
気象,weather
変質,Deterioration
ダイア,Dia
行政,Administration
コリアー,Collier
馬身,Umami
縮小,Reduction
方位,Direction
落着,Settled
気づき,Noticed
並外れ,Extraordinary
作者,author
認定,Certification
照れ,Shy
消灯,Extinction
蒲生,Gamo
聖霊,Holy Spirit
聴聞,Hearing
目覚まし,The alarm
未知子,Michiko
う〜ん,Yup
技能,Skill
名乗り,Self-introduction
入居,Residents
保有,Possession
結束,Unity
砂浜,Sandy beach
サンティアゴ,Santiago
傍観,Look on
頭上,Overhead
点灯,Lighting
漂流,drifting
ババア,An old hag
奏者,player
場違い,Out-of-place
入れ替わ,Swapped
新種,New species
ソマリア,Somalia
アグネス,Agnes
民兵,militia
マレーシア,Malaysia
フェリシア,Felicia
満点,Perfect score
アニス,anise
着席,sit down
バリア,barrier
取り押さえ,Overpowered
ビア,Vias
南極,Antarctic
一平,Ippei
規範,Norm
知り,Know
各々,Each
ディアナ,Diana
立た,Stand
用だ,I use
心変わり,Inconstancy
戦時,War time
高値,High price
予報,forecast
焼き殺,Killing baked
自棄,desperation
間隔,interval
悪役,villain
受取,Receipt
刃物,Cutlery
毛深,Hairy
解説,Commentary
記号,symbol
褒め言葉,Praise
小物,Accessory
残高,Balance
戸惑,To惑
手ぶら,Empty-handed
一環,Part
末次,Suetsugu
上々,great
前提,Premise
退場,Out
クエストリア,Quest rear
家事,Housework
跡形,A trace
急襲,Raid
アミラ,Amira
応募,Application
究明,Investigation
地理,Geography
同い年,Of the same age
出馬,Candidacy