Kazakh,English
мен,and
ол,it
жоқ,no
сен,you
не,what
бұл,This
керек,must
оны,it
ба,whether
ма,whether
жақсы,Good
менің,my
иә,Yes
маған,me
бар,have
бе,whether
деп,that
емес,not
оның,his
сіз,you
біз,we
ал,but
мені,me
де,too
ғой,is
жатыр,uterus
енді,now
үшін,for
олар,they
сенің,your
бір,one
да,too
бірақ,but
қайда,where
саған,to you
сені,you
неге,why
адам,man
осында,here
болады,will be
келеді,I want to
доктор,doctor
оған,him
хаку,Haq
николас,Nicholas
мына,these
болды,was
тек,only
бәрі,everybody
рахмет,thanks
дұрыс,right
сол,that
мүмкін,possible
және,and
тағы,else
жұмыс,work
еді,would
басқа,other
ме,whether
болып,is
егер,if
осы,This
біздің,our
мында,here
солай,so
едім,I would
өтінемін,please
міне,there
президент,president
малдер,Mulder
екен,was
сіздің,your
кетті,Expired
тұр,get up
кәзір,now
болған,was
өте,very
ештеңе,nothing
кім,who
сияқты,kind of
болса,If
қалай,how
білмеймін,I do not know
скалли,Scully
шығар,probably
бізге,U.S
кешіріңіз,I am sorry
джо,Joe
жарайды,OK
алып,giant
әлі,yet
сэн,Sen
сізді,you
пе,whether
сізге,you
ғана,only
жерде,here
ше,What about
бәрін,all
кеттік,let's go
бола,be
сәлем,Hello
жүр,is
шын,real
уганда,Uganda
жерден,from
адамдар,people
туралы,about
жерге,ground
сонда,there
қалды,remained
келді,came
мырза,Sir
тірі,alive
деген,that
болар,have been
білемін,I know
онда,then
әкей,Father
жаңа,new
қой,sheep
әй,hey
қайырлы,good
тихиро,tïxïro
меніңше,it seems
а,a
фбр,FBI
бірге,with
қан,blood
қатты,It is tough
тым,too
себебі,because
таң,morning
екенін,that
кел,Come
келген,any
тауып,found
өз,its
дейді,says
көріп,see
бер,give
тіпті,even
оларды,them
алмаймын,I can not
осылай,so
олай,so
гариган,Gary
білесің,you know
бірдеңе,something
қол,sign
амин,amino
одан,more
бері,since the
жатырмын,I'm
әке,father
қайта,again
мынау,this
ең,most
келе,coming
у,y
қандай,What
апа,grandmother
сондай,such
көп,lot
қажет,necessary
мұнда,here
нәрсе,thing
тұрмын,I have
үлкен,large
әрине,certainly
кешірім,forgiveness
ешкім,nobody
бізді,U.S
па,whether
бүгін,today
қарашы,Look at
іздеп,Looking for
тиіс,should
уәде,promise
сендер,you
менде,me too
қарай,to
дене,body
соң,after the
кейін,after
тез,quickly
юбаба,yubaba
тарт,Pull
біреу,somebody
болмайды,Do not
ана,mother
тыныш,silent
өзім,I
құдай,God
тұрсың,do you
дәл,exactly
жағдай,situation
ойлап,come up with
екі,two
болмаса,If you do not
айтты,said
келдім,I came to
артқа,back
қуаныштымын,I am happy
қарсы,versus
арнайы,special
былай,said
шынымен,really
қиын,difficult
түс,Color
келіп,to come
бол,Be
тоқта,stop
қайдан,Where
барлық,everything
үш,three
комази,komazï
жүріңдер,Walk
ақ,white
әйел,woman
өзің,you
барып,go to
алтын,gold
өтінем,please
өмір,life
көмек,help
отыр,sit down
болу,stay
кәне,come on
қонақ,guest
кішкене,small
әдемі,beautiful
алмай,can not
келмейді,I do not want
әлде,or
керемет,miracle
адамдары,The men
деймін,I want to
жеп,eat
бойы,for
сэр,Sir
дегенмен,however
өзі,self
кей,some
боп,as
шығып,out
табылған,found
тезірек,rather
әрі,and
біраз,somewhat
оларға,them
барлығын,all
бұны,it
бара,going
бұның,it
сенімен,with you
аласың,can
ой,thought
айтып,tell
дем,breathe
алған,received
қош,Welcome
бала,child
күтіп,waiting for
едік,would
ауырып,ill
керегі,need
неткен,What a
бос,free
әшейін,just
қарап,Look at the
аха,aha
маңызды,important
қанша,how many
сізбен,you
айтарым,I have to say
алайда,However
өзен,river
сайтан,devil
қызық,interesting
әкем,father
жоғалып,disappeared
секілді,such as
кетіп,leave
сізде,you
жауап,answer
келдіңіз,Welcome
қолымнан,I could
алды,received
кеткен,has
қалдым,I'm
алмайсың,You can not
сонымен,as well as
джона,John
бо,Wrecked
шақырып,called
адамның,human
кешір,I'm sorry
сау,healthy
дейін,before
соншалықты,so
маккензи,Mackenzie
кезде,when
тамаша,excellent
болатын,was
қашан,when
үйге,home
онымен,with him
қалған,remaining
тұрсыз,You're about to
берші,me
күн,day
сондықтан,therefore
бұрынғы,former
міндетті,mandatory
қорықпа,do not be afraid
жөнінде,about
қазір,now
айтасың,say
дейсіз,you say
болсаң,If you are
жол,road
баланы,child
о,o
жақсымын,i'm fine
келдің,come
қашып,fled
көрген,seen
джонас,Jonas
ден,more
кет,Get away
ұста,blacksmith
аласыз,You can
мынаны,says
жаман,bad
тоқтат,stop
бәрібір,what ever
айт,Tell
мұны,do it
тура,exactly
тоқтай,stop
жақын,close
сара,Sarah
әкеліңдер,Bring
осындай,the same
өлтіреді,kill
ойлаймын,I think
келесі,following
айтшы,tell
сөз,speech
зат,thing
ойлайсың,do you think
рин,Rin
қара,black
жарайсың,well done
иісі,the smell of
ем,treatment
бізде,we have
барады,go to
таба,find
едің,would
береді,gives
жасап,make
істеп,doing
іс,business
балақай,baby
осындамын,here
жұмысқа,to work
жиіркенішті,repulsive
юбабаның,yubabanıñ
фокс,Fox
ауру,sick
хабар,message
болдың,You're
кісі,man
берген,issued
баратын,to go
білесіз,you know
істеуге,to do
қаша,to escape
өмірін,life
сұрап,courtesy
жатырсың,are
тұнба,sediment
моника,Monica
түрде,in the
тоқтаңыз,Stop
васва,vasva
бірі,One of the
күшті,strong
оботтың,obottıñ
ауыру,disease
агент,agent
естіп,hear
рет,time
осыны,this
өлі,dead
айта,say
содан,and
арада,soon
жатқан,being
кеш,It's late
тұрыңдар,Keep
есімім,name
өзіңді,yourself
түсінемін,I understand
бас,head
дейсің,"say,"
құпия,secret
рұқсат,permission
сұрақ,question
көре,view
жеке,private
жұмысы,work
ашық,open
ондай,such a
обот,obot
пойыз,train
қорқып,fear of
қызмет,activity
ер,male
өліп,die
дана,a piece
кейде,sometimes
көмегің,this with
көреміз,see
ұшып,fly
су,water
лас,dirty
дайын,ready
әйтпесе,otherwise
оңай,easy
етіп,so that
алмаймыз,We can not
келмей,not want to
көр,Try
едіңіз,Did you
көмектесе,help
соған,it
шығарсың,You may
отырмын,I'm sitting
вирджиния,Virginia
бұдан,further
жер,land
болсын,Let
біледі,know
нашар,bad
ертең,tomorrow
келсе,If you want to
істейді,There are
шотландияда,Scotland
кристиан,CHRISTIAN
көрдім,I saw
менен,me
болдым,finished
британ,British
ешкімге,anyone
амансыз,Amanda
таптым,I found
сезіп,feel
жалғыз,only
барасың,go to
штаты,The staff of the
сатып,buy
кіріңіз,Come in
алатын,able to
түрлі,various
кедей,poor
қалайсың,how are you
қуып,catch up
ұшақ,aircraft
сезім,feeling
олардың,their
ойладым,thought
британдықтар,British
елден,the country
агентін,Agent
соңғы,last
аш,hungry
қала,city
ұлы,great
ұстап,hold
айтпақшы,by the way
қал,birthmark
екінші,second
жұмысым,work
емдеу,treatment
уақытта,time
малдерді,malderdi
операция,operation
өзімнің,my
қарапайым,simple
анда,there
госпитальға,hospital
экстрасенс,psychic
беріп,giving
қайтайықшы,qaytayıqşı
бітті,completed
істей,do
ұйықтап,asleep
жолмен,way
жәй,just
халық,population
анау,over
айтасыз,do you think
дәрігермін,doctor
еске,memory
маймылдар,monkeys
ақпарат,information
жоғалған,lost
бұрын,ago
жек,hate
көруге,see
тұрыңыз,hold
тамақ,food
мінекей,Well
жіберді,sent
қояды,puts
ата,grandfather
қолы,signature
ешқашан,never
бойынша,according to
жаққа,side
бере,give
артық,excess
олардан,them
көрейік,Let us
сендерге,you
үкімет,government
барамын,go to
алмадым,I could not
екеуміз,I
тұрады,consists of
кете,to leave
мейірімді,kind
ауруы,disease
шешім,decision
болғандықтан,Since
таста,pruning
арналған,for
жайлы,comfortable
жете,to reach
жан,soul
беріңіз,Give
оян,wake up
үйде,at home
сене,trust
тездет,Hurry
болуы,be
өңсіз,faded
сенемін,I hope
естідім,heard
сенбейсің,do not trust
алмайды,can not
берсін,Let
кісілер,contacts
тездетіп,haste
өзіңіз,you
мұз,ice
пайда,profit
тұра,stand
айтамын,I say
беріңізші,Please
бэннан,bénnan
сонша,so
айтқан,said
қай,which
болмақ,will be
көптеген,many
өзінің,his
менімен,me
үстінде,over
министірі,Minister of
жерді,earth
угандаға,Uganda
әне,Here
ақымақ,fool
айттың,Ait
қатысы,related to
ешқандай,no
крис,Chris
ақша,money
қағаз,paper
дедіңіз,said
кетемін,am leaving
өтірікші,liar
отырыңыз,Sit
барам,bars
бірдей,same
сандхофф,you suspect Sandhoff
кеттің,did you
қыз,daughter
ацепромазин,acepromazïn
көресің,you see
сағаттан,hours
терең,deep
әміршісі,the ruler of
гариганмын,garïganmın
қылмыс,offense
ұқсайды,looks like
тұрғаным,down
түсіндім,I realized
жігіт,guy
барлығы,all
дәрі,medicine
алу,pick up
әйелдер,Women
бірнеше,several
заңсыз,unlawful
күтпеген,unexpected
көзіңді,your eyes
дәмді,tasty
ала,get
саулық,health
ел,country
дәрігер,doctor
апам,sister
мұның,it
сосын,and then
қалады,will remain
айтады,says
соны,this
айтыңыз,tell
он,ten
төмен,low
емеспін,I'm not
қарым,relations
басына,the beginning
мінеки,here it is
мүшесін,a member of the
бізбен,contact us
адамға,people
салынған,built
болмай,not
қойшы,shepherd
кімсің,who
келіңіз,Come
анық,obvious
қолым,hand
хабарласып,contact
емхана,clinic
елдің,the country
жоғалт,lose
танысқаныма,to meet
болыңыз,Be
мыналарды,These ones
ұрдым,hit
кетеді,It takes
ас,meal
кешкі,evening
басқаша,otherwise
көреді,sees
аян,a vision
сағат,hour
біртүрлі,strange
белгілі,definite
құдайдан,of God
кісіні,the man who
алдында,before
ричмонд,Richmond
қолдана,the use of
жасалған,made of
үйіңе,house
дәрігерсің,doctors
жаныңда,close
жатырсыз,Are you
дегенің,that the
құрып,to create
кеткір,ketkir
күдікті,suspect
екеуміздің,I
сөзімді,word
бұрында,in the past
ұрлап,stolen
әңгіме,story
баланың,the child
стоун,Stone
көрдіңіз,ever
тұрған,are
өкілі,The representative of the
қою,put
машина,machine
қамап,locked up
адаммен,the person who
сақтап,save
барда,While there is
сөйлесіп,talk
көрсет,Show
отырсың,do you
ағылшын,English
емді,treatment
кез,any
анаң,mother
емханаға,clinic
сөйлесуге,to talk
орнына,instead of
кэмпбел,kémpbel
талғам,taste
адамдарға,people
меннен,me
із,footprint
кімге,to whom
білесіңбе,do you know
шық,dew
батыл,bold
тұрғанда,when the
қолынан,the hands of
шотландық,Scottish
әсіресе,especially
кімсіз,Who
айтқанымды,say
драмми,drammï
өлтірмекші,to kill
президентті,the president
мүшелерін,members of the
болсам,I am
отырған,who
атып,shot
ойын,game
жүріп,walking
ойлайды,think
дым,wet
тоқтамай,does not stop
тырысам,try
дедім,I said
жануар,animal
таптыңыз,find
қосылып,turned on
оқасы,you're welcome
әкеммен,my father
дәрігерімін,doctor
әбден,quite
қойды,signed
етпейді,does not
күйеуім,husband
тыңдашы,Listen
екенсің,Thou art
жас,young
қайдасыз,Where are
байланыс,contact
табады,finds
қалайды,wants
жіберген,sent
мақтан,proud of
шаршадым,I am tired
телефон,phone
себеп,cause
атап,noted
мама,Mum
сенеді,believe
қолында,in the hands of
уақыт,time
етеміз,We will
қайғылы,sad
шықты,came out
күте,wAIT
қыздың,girl
көрдің,Have you seen
алғашқы,first
ауырды,ill
раушан,rose
туалет,toilet
түбі,the bottom
ей,O
иттер,dogs
ақылсыз,foolish
минуспен,mïnwspen
тұтқындар,prisoners
жіберіңдер,send
теңіз,sea
келіңдер,Come to
алады,can
күні,day
тастадым,took
жаншып,crush
мерит,Mérite
ретінде,as
тыңда,listen
беремін,I will give
істейсіз,do you do
алдым,I got
ие,owner
қам,consisting of
әскерлер,troops
сөйлейсіз,speak
боламын,am
ағылшынша,in English
апасын,the quality
батпақ,mud
автобус,bus
елес,ghost
жүреді,happens
қалып,to stay
тыныштал,calm down
зоодүкен,zoodüken
үйшікке,house
аз,less
берем,give
шыдай,withstand
шықтым,I
ашыңдар,Your
жыл,year
бірінші,first
есімімді,wore
тоқтаңдар,toqtañdar
қоғамдық,public
сұрай,ask for
ауыр,heavy
айтам,say
сиқыршы,magician
ұнамайды,do not like
істегім,to do
жібереді,sends
атың,name
өсиеті,the commandment
келуіне,the arrival of
жасай,create
дзэниба,dzénïba
өздері,themselves
астына,underneath
кеттім,I went
ұ,U.
аялдама,stop
отырып,sitting
жолы,the way
жай,simply
деді,said
атаға,Claus
келісімшартқа,contracts
сендердің,you
аузыңды,uP
өзімді,myself
қайтып,return to
жердің,earth
сенбеймін,I do not believe
түсас,tüsas
жұмысын,work
агенті,agent
айналып,bypass
құдайдың,God's
дәрігері,doctor
жылаймын,cry
мақсат,goal
үкіметі,The government of
аминге,Amina
көрінеді,looks
жергілікті,local
адамдарды,people
оларда,they
есіміңді,your name
жүрмін,I'm walking
өлім,death
хат,letter
қызды,girl
келдік,came
батыс,western
берейін,Shall I
келгенін,to come
қолыңнан,You Can Do
заттар,substances
ауылға,to the village
тікен,thorn
жасайтын,create
же,eat
бастап,from
та,too
ішке,inwards
тоқтама,do not stop
бетін,page
бонни,Bonnie
кеше,yesterday
нәрсені,what
алдық,were able to
таза,clean
саламыз,We construct
өлең,poem
әжей,grandmother
келемін,I have
жуынды,drain
рухы,spirit
тақтайша,tiles
нигихаями,nïgïxayamï
адаммын,am
адал,faithful
қылмыскерлерді,criminals
мейман,guest
жағдайына,the state of
көрсеткім,show
мәссаған,Wow
кесіртке,lizard
өзін,yourself
доғар,stop
көмектескен,helped
асығыспын,a hurry
өмірі,life
шеше,mother
есімде,I remember
түсті,color
қонағымыз,guest
жолың,way
атаққа,the title
болғаным,Out of
шексіз,endless
сәл,slightly
толығымен,fully
айда,month
несі,What
қонаққа,to visit
жігіттер,guys
далбаса,Rats
адамдарым,people
түсімде,dream
көргем,'ve seen
ұмыттың,Forgot
сыйлаймын,give
сұраған,asked
оқиғаларға,events
сенесіз,believe
істер,Affairs
жауыз,evil
сыртқы,external
жүрсіңдер,Are
жабық,closed
президенттің,President's
атым,name
іздеу,search
сияқтымын,like
бұрыннан,for a long time
босқа,vain
көріңіз,try
жатып,lying
қалайсыз,how are you
қолмен,manually
алыс,far away
болмасын,Whatever
екіншісі,the second
адамсың,man
бердің,Thou hast
жылдар,years
сөйтіп,so
жібереміз,we will send
сенгім,to believe
ішімдік,liquor
холидей,Holiday
суға,water
хакудың,Hakuba
сендерді,you
бұнымен,the same
маскүнем,alcoholic
шапшаң,fast
көмекші,helper
жағдайы,condition
айналыспаймын,do
еліме,country
жұмысшы,worker
байланысты,it depends
ванна,bath
келмейтін,do not
бөлмесіне,room
жібер,Email
кеңесшімсің,keñesşimsiñ
әрқашан,always
шетке,aside
барын,the existence of
жетеді,reaches
түнде,night
бөлмеге,the room
емі,treatment
естідік,We have heard
жоғарыға,up
кездесетін,meet
кеп,'re
бермейді,does not
көмекшісі,Assistant
сирек,rare
орнында,in place
ұйықтай,sleep
жаным,my soul
айқайлама,cried out
бәлішті,bricks
ұзын,long
ойыңды,thoughts
кісіге,the man who
ойыншықтарды,toys
берді,gave
тастаңызшы,Take
қорқынышты,terrible
жылама,do not Cry
шулап,noise
сұрау,query
кеттіңдер,own souls
тірімін,'m alive
төсектегі,bed
қане,"Joel,"
баға,price
есімің,name
жатпайды,not applicable
іздері,traces
немене,What
қолда,available
жағып,burn
өрескел,rough
қайтарыңдар,Respond
күндей,days
өкпе,lung
өлімге,death
шақырдыңыз,been invited
құдайды,God
келгенше,the arrival of
жылдам,quickly
балам,son
жұмысты,work
транквилизатор,tranquilizer
береміз,give
ары,further
тұрсаңыз,If you
қояншық,hysteria
ауыруы,pain
есімі,the name of
басымды,priority
қойыңыз,Place
қызға,girl
сенікі,yours
нәтижесін,the results of
терапия,therapy
сынап,mercury
құстар,birds
әңгіменің,the story
жина,Gather
ыңғайлы,handy
түсіре,shoot
әлгі,that
басынан,the beginning
тірісің,alive
басып,print
алмақшы,going to
тоқтатты,stopped
кір,laundry
бастады,started
құлатып,the overthrow of
көргім,like to see
істесем,do
тығып,hide
артыңа,look behind
қайдасың,where are
табасыз,You'll find
көлік,transport
дәрігерге,doctor
тұрасыз,do you live
балаға,child
көпірге,bridge
туфлиім,shoe
лайық,deserve
емдеуге,to treat
дакота,Dakota
жап,sHUT
жомарт,generous
президентке,the president
лақтырып,throw
балама,alternative
сенен,you
осымен,thereby
дәрігерлердің,doctors
мүмкіндікті,feature
алғысымды,to thank
алмасам,can not
демалуға,to rest
бәрің,all of you
әкелді,brought
айдаһар,dragon
сыйлығым,something
лифт,Elevator
жарадың,wound
көрінетін,visible
ет,meat
ұстаған,detained
тастадың,did you
көмегіңіз,help
сұра,Ask
алдап,deceive
безгек,fever
бәріне,for all
сандырақ,nonsense
шамалы,minor
hostages,hostages
сыртында,out
көрсете,to show
шығарып,remove the
ентебиге,entebïge
жоққа,deny
кездескен,met
жойып,to destroy
кепілгер,guarantor
болмаған,In the absence of
ұйықта,sleep
материаландырған,materïalandırğan
тимей,does not touch
дәрісін,a lecture
үлгі,sample
ұнайды,like
дәріні,drug
жібергенде,When you send
алыңыз,Get
құрт,worm
тойдым,'m full
жағдайын,the state of
кінәлі,guilty
әкесімен,his father
қараңдар,See
серуендеп,a walk
шығу,Exit
жалаңаш,naked
әр,each
түсінікті,understandable
биші,dancer
ұрланып,stolen
істейсің,do
әлеміне,the world
алғыр,able to
жеткіземін,express
қалу,to stay
агенттің,agent
әкеңнің,your father
бөлме,room
басында,initially
емеспіз,not
жасадың,done
кішкентай,small
қойса,If
минут,minute
қойдым,I have
ханымға,Ms.
апаруға,drop
жалған,false
басым,dominant
қолыңды,your hands
заттармен,substances
нәтижелері,results
анализ,analysis
ойыңа,permissiveness
жасаған,made
томас,Thomas
сомерсет,Somerset
көзімді,fleece
қауіпті,dangerous
ауруханасы,hospital
біліп,know
тіке,spontaneous
әулие,saint
асықпаңдар,asıqpañdar
қатарды,row
шықпаймын,does not appear
ұстаңдар,keep
бармайсың,going
істедік,did
баруға,to go
құтылуым,get rid of
амалым,choice
біратала,biratala
жақта,there
кетуі,take
күнде,day
өзенге,the river
есіме,I remember
өзіміздің,our
бәріміз,all of us
басқару,management
аламыз,we will take
түсірдім,filmed
достарымызға,friends
кохакугава,koxakwgava
құтқару,rescue
тексеру,check
мәжбүр,forced to
кесірінен,because of
пен,and
барыңдар,Go
атымды,my name
әже,grandmother
болмағанда,In the absence of
азиаттарды,azïattardı
келеміз,have been
айтпадың,did not
бәріңе,all of you
ауруына,disease
істеу,do
ауырады,to smile
бұрылма,turn
израилдықтар,Israel
сеніміңізге,trust
тұрып,before
аламын,I can
жарық,light
жұт,jute
алты,six
шошқаға,pigs
естиді,hears
жеуің,eat
түссіз,colorless
уақытты,time
жүгір,run
әкең,father
қояйын,I will not
бұған,it
жегім,erythematosus
дуаны,hermit
сиқыршының,magician
беруге,to give
ірі,large
жатақхана,dormitory
сиқырлы,magic
көмектесуі,help
сөзіңді,your word
дәлел,argument
алам,inquire
оқушысы,pupil
анам,mom
парк,park
қаштық,fled
алма,apple
істемесе,does not
мақаланы,article
оқыдың,read
есікті,the door
түсініктеме,Comment
бүкіл,everything
кіретін,included in the
зым,zım
кесіп,cut
шошқа,pig
ұқтың,grasp
үміттеніп,hope
пайдаланып,using the
жақсылап,well
уайымдама,do not worry
қымбатты,dear
шығарма,essay
сендерсіз,you
келіпсіз,Welcome
үргенін,barking
келуіңізбен,Welcome
байқап,try
африка,Africa
айдаһардың,the dragon
көресіз,you will see
орал,Ural
өзімде,reserve
ғылым,science
сөзіне,According to the
букет,bouquet
қайтам,again
өлу,die
мектеп,school
жетеміз,Reach the
жүрсің,Are
кететін,leave
нені,What
үйің,house
кетсең,If
кезінде,during the
білмейсің,do not know
емессің,Are
көз,eye
негізінде,On the basis of
табылды,Found
дауысын,the voice of
қайт,Back to
жоғалғаннан,disappearance
ойлаймыз,think
виски,whiskey
батып,drowned
тихироның,tïxïronıñ
түсінбедім,I did not understand
күші,force
кері,backwards
шығады,will come out
туған,native
еш,no
уақытымызды,time
жүру,go
асылмашы,Suspension
қылмысқа,crime
күдік,suspicion
аяқ,foot
күт,Wait
бармаймын,I will not go
сөйлес,speak
кешірмеймін,keşirmeymin
жүккөлік,jükkölik
ауа,air
бірден,immediately
агентті,agent
мәселе,issue
естисің,you hear
қақпаға,the gate
шомылдығы,şomıldığı
жұмысың,work
құдайлар,the gods
тап,face
хабарласты,contacted
көрсетемін,show
бергенсің,made a
еттің,meat
алтыншы,sixth
ғимарат,building
сеніп,to believe in
әкел,bring
күйде,state
ұлым,son
ұзақ,long
сөндірулі,switched off
жалынды,emotional
сауыққа,partying
қонамыз,guest
баласы,son
элиосқа,élïosqa
ішінде,within
білмейміз,do not know
атты,the name
кірісейік,Let's get
бүгінгі,today
айтпайсың,do not say
көбірек,more
іште,indoors
болғанда,when
африкан,Africanus
кіммен,with whom
жылдан,From
фейсбуктан,Facebook
бөлшектері,details
таңдадың,choose
угандықтар,wgandıqtar
сенімдісің,convinced
немесе,or
шотына,account
бөлім,section
әзірше,yet
тастайды,throw
тәуелсіз,independent
апарып,drag
африкандықтар,Africans
қолдарыңды,hands
тастаңыз,Remove the
қоса,In addition to
генерал,general
өткенде,later
танисыз,know
сыйырды,sıyırdı
алуға,to receive
қалаға,city
істі,case
ән,song
біргемін,am
апта,week
еттім,I conveyed
оқиға,event
талшықты,fiber
могамбодағы,mogambodağı
ай,month
қойған,already
үйлер,Houses
құрал,device
әскерлердің,troops
аларсың,will find the
білетін,know
түсір,Shoot
жарай,be used
алуда,are
сенде,you also
ева,Eva
жазылыпты,written
болатынмын,was
төңкеріс,coup
көрейін,I'll try
тәрізді,similar
жүріңіз,Take the
қауіп,danger
итни,ïtnï
қалауың,want
аман,Survived
браслет,Bracelet
болмаңыз,Do not
белгісіз,unknown
ойымды,idea
әкейдің,Father
стамаңдар,stamañdar
затты,thing
соншама,so
таныс,familiar
театр,theater
күдіктінің,the suspect
таныспын,I know
неше,How many
сыйырдың,sıyırdıñ
кеудесіне,chest
келесің,to be
алдыңыз,You've
қолын,hand
исак,Isak
күйзелісті,shock
ізі,traces
ингрид,Ingrid
түсінеді,understands
крон,kroon
әйелім,my wife
бес,five
болжау,forecast
туды,was born
құдайым,my god
саламатсыз,Hello
шыққан,from the
жоғарғы,upper
өмірімді,my life
шынында,in fact
сөйлестім,I talked to
ант,oath
шынайы,true
оқиғалармен,events
кету,exit
аянышты,pitiful
мырзалар,"gentlemen,"
қолыңыз,hands
көріпкелдігі,vision
әкеймен,äkeymen
шығарсыз,As you may have
алсам,I have
өткізіп,skip
шегін,threshold
қағазы,paper
бару,visit
әкейге,Father
дәреже,rank
таптық,class
тексеруім,make an
дайындалыңыздар,dayındalıñızdar
бастаймыз,will start
алыпты,normal
жамшит,jamşït
уақытқа,time
керексің,need
әскері,army
кем,at least
құдайға,god
біреуі,one
тапсырамыз,pass
жоқпын,I do not
скиннер,Skinner
ете,making
тексеруге,check
рас,true
ордеріміз,voucher
жегіп,Goshen
ісім,business
шотландықпын,şotlandıqpın
қана,only
көзге,eyes
иесі,owner
затқа,substance
жағымсыз,negative
үйленген,married
жағдайым,condition
ресми,official
ұмытып,forgot
мүлдем,absolutely
айтпаймын,I can not say
көмектесіңдер,Help
қажеті,need
өкінішті,sorry
неліктен,why
тастама,do not leave
еткім,like
үйіне,the house of
жалақы,wage
босатыңдар,Release
үйім,house
сағатта,hours
жіберем,I will send
тастап,leave
донор,donors
келмеді,did not want
ненің,what
кезімде,When I was
жүрмекпісің,jürmekpisiñ
тік,vertical
патшалардың,the kings
алар,could
жазып,writing
барамыз,we will go
ғажап,amazing
күдіктенсең,in doubt
машинаны,machine
есім,name
министірімін,Minister of
жағдайда,In the case of
әлем,world
жеңемін,win
ететін,that
баламды,my son
тұрамын,I live in
сізден,you
мінейтін,mineytin
ендеше,so
тәурат,Bible
ауыстыруға,to replace
түн,night
бассейнге,the swimming pool
табамын,I find
салған,built by
әкеледі,leads
лауазымның,position
жәрдем,help
айттыңыз,said
шет,foreign
сияқтысың,like
арзан,cheap
келуге,visit
әйнек,glass
назар,attention
қаласыз,stay
мүмкіндігі,the ability to
ғафу,Sorry
бағалы,valuable
жатыңдар,stacked
екеуінде,both
ісік,tumor
етіңіз,Make
халыққа,population
тиым,a ban on
ұнады,liked
ісі,affairs
істейтін,working
аты,Name
қалап,laid
дейтін,"say,"
ауыз,mouth
жасаймын,do
іштегі,the rising
мәртебелі,His Excellency
жедел,operational
дэвид,David
кампалада,Kampala
өмірім,life
барасыңдар,go
сұрайын,ask
дэвидтің,David
жеті,seven
күнге,Day
салем,Hi
істегені,done
мейірбике,nurse
көбіне,often
масанга,masanga
екеуің,ye
үйшік,little house
төзгісіз,inhumane
бірнәрсе,one thing
сэнді,Sand
штатында,the state of
аздап,a little
қаламаймын,I do not want
азып,degradation
юбабаға,yubabağa
ойынан,expectations
түрді,species
күдіктіге,suspects
жерім,with you
көндіру,urge
тыңдамады,did not listen
сенгің,to believe
келмесін,come
оенжисіңдер,oenjïsiñder
білесіңдер,you know
көрмейсің,not see that
әйтеуір,ever
жегенін,eating
үйленгенін,to marry
қайтармақ,return
атанды,became the
диагноз,diagnosis
суреттерді,pictures
жаманы,worse
махаббат,love
атттарыңды,atttarıñdı
шпалмен,şpalmen
істесек,do
кіргізді,into
емдеуін,treatment
құбылтек,qubıltek
жағыңдар,Stay
тұратынын,live
достарым,friends
әкелген,led to
жарықты,light
айтыңызшы,Tell us
қызметі,service
бұлар,They are
мыналар,these
бәр,on one
құтқарған,rescued
тасымал,transportation
барлығың,all
массачусетс,Massachusetts
құтқарамын,save
киімімді,clothes
жетуіне,Troy
агентімін,Agent
офисті,office
алуыңда,taking
өздеріңнің,you
жетерсің,exalted
ойлайсыз,do you think
шақырдым,invited
есіктеріңді,doors
үшеуді,Three of
офисын,office
бүтін,whole
сізсіз,sizsiz
үнемі,constantly
қайтарда,return
біржаққа,one-sided
қайтатын,low tide
бозарып,wan
мақсатымызға,goal
көздері,sources
жасасын,Hail
жанып,last minute
шатастырып,confused
мөрді,seal
сақтадым,I saved
әпкесіне,sister
екеуі,both
стадыңдар,stadıñdar
естен,forget
хакуды,Hakuba
барма,Do
қабатты,storey
шығыңдар,Come on
сенген,believed
көңіліңіз,satisfied
тоқтатыңдар,Stop
алмас,diamond
жетістіктерге,success
мұндай,such a
қырық,forty
алдың,did you
билеттері,tickets
көмегіңізге,help
әкеп,lead to
тапты,found
алтынын,gold
мөрде,printing
қараңыз,See the
доғарыңыз,Stop
қорққанымнан,qorqqanımnan
ойыныңызды,game activity
кешірер,be forgiven
әпкем,my sister
айдаһарға,the dragon
жойылғаны,destruction
бағындыру,submission
неғып,why
жайғас,position
қорқасыз,are you afraid
қалпын,attitude
қайтара,return
неден,what
сиқырдың,magician
алмаңыз,Do not miss
тастапты,left
дуаның,hermit
болмады,Could
жатқанда,while
қойғаның,Paying
шығарады,Produce
қорықпайсың,fear
жақсарды,improved
денсаулығы,health
станциямыз,stations
иығыма,the shoulder
минуттай,minutes
отырсаң,You sit
кіріңдер,Enter
қайрылы,qayrılı
келгеніне,want to
келгендерің,you come
отырыңдар,Keep
шәй,tea
дайындайын,for your
қайтаруға,return
сұрауға,ask
әкеле,bring
жойылған,deleted
шарт,agreement
қалыптарыңа,qalıptarıña
мүлде,absolutely
шығарғаным,issued
көргенімді,seen
келмес,coming to
сиқырмен,sïqırmen
аяқта,leg
тындырмайың,tındırmayıñ
ілмекті,latch
қалса,If
жарайсыңдар,well done
сойып,slaughtered
шашыңды,hair
жинай,to collect
тұмарың,amulets
байлауышты,bandage
тоқыдық,Ducks
жараң,wound
жиырма,twenty
тілектер,wishes
жасымда,At the age of
көмектесесіңдер,help
кешкіріп,keşkirip
кітабы,book
бөлекпіз,'re separated
өзімшіл,selfish
егіз,twin
мыстандар,witches
қиындық,difficulty
тудырады,cause
көмектесер,help
әлемнің,the world
заңы,The law of
досыңды,friend
құтқаруыңа,salvation
кітаптап,READING
екеуіміз,and I
ұғу,comprehend
мағынасын,meaning
сияқтымыз,like
кездесулер,meetings
ұмытылмайды,forgot
ұстау,detention
дәйексөз,citation
қиратты,destroyed
қайтарасыз,return
орнықты,persistent
дей,edit
соңымыздан,followed
жүзіп,sail
бізідң,was our
жаяу,infantry
аялдаманы,bus stops
түрлде,various
қайтарып,review
апарасың,drag
оңбайсың,oñbaysıñ
өтініш,request
кімдікі,whose
ояндың,you awake
естіген,heard
есіңде,remember
қараңғылықтан,darkness
ақытты,TIME
суреттегі,in the picture
аялдамасына,stop
жолдан,way
жүргем,Lay
тоқашты,buns
қағып,interception
чу,Chu
кеміргіш,rodent
танымайсыз,cognition
алға,forward
шақырыңдар,call
көндіре,to persuade
барғың,to go
тамақтанғың,eat
беруді,to give
шештім,I decided to
шіркеудегі,church
астам,More than
досы,friend
бұнда,here
қалғаның,the rest
керекті,necessary
жұмысберушісі,employer
жемекпісің,jemekpisiñ
шақырғаны,the invitation
қысымы,pressure
дауысқа,the vote
жертөледе,in the basement
дөрекілік,rudeness
қашаннан,when
орыс,Russian
кеткенсің,As
балшық,clay
сәбиімді,säbïimdi
жібердің,sent
оңбаған,ungrateful
қазынаңыз,treasurer
тасымалдаушы,carrier
ойлай,think
сөйлесуім,talk
сәбиіңізді,baby
шақырды,invited
қайтарамын,return
ақысына,tuition
сэннің,sénniñ
жүрегі,heart
жеңіп,won
ашыңыз,Open the
көзіңізді,sure
иммигрант,immigration
екенмін,I have
махаббаттың,love
шығынды,loss
шомылып,swimming
жабуға,coating
жетпейді,is not enough
табыс,success
бассейнінде,in the pool
босатылды,relieved of his duties
ұсталды,were detained
сату,sale
қалар,like
бүлдірген,raspberry
түсінді,understood
құрыпталды,qurıptaldı
ұмытты,forgotten
шошқаларды,pigs
жейтін,eat
шұжық,sausage
талпындым,tried
тырысамын,try
қайсарлығың,dedication
үйренгім,to learn
тоңып,heat
қасында,beside
тастаймын,will
айналысуым,employment by
отыруыңа,otırwıña
алтынмен,gold
сұйықтық,liquid
төлейсің,pay
кімнің,whose
жылу,warmth
малдерге,malderge
жасағансыңдар,done
ұйқысы,sleep
шам,lamp
өшетін,turn off
ашығып,hungry
дауыс,voice
төлеймін,I pay
түсіремін,shoot
франкенштейнін,Frankenstein
қонағыңызбын,qonağıñızbın
жауыннан,rain
өшіремін,turn off
әйгілі,popular
ісігінен,cancer
сэннен,sénnen
алыңдар,Take
барлығыңа,all of
есебімнен,report.The
ұнтағын,powder
дәлелдеймін,prove
әділдік,justice
әділдікке,righteousness
жазбаған,did not write
жейсің,eat
будым,I am
былықтарды,bılıqtardı
істетеді,put
сыбайлас,Corruption
қылмыскерлерге,criminals
хабары,message
деседі,They say
ұстады,detained
шомылғым,şomılğım
көтер,Raise
скальпельді,scalpel
семіріп,gain weight
кетпесе,persists
шешу,take off
ақылы,paid
табамыз,we find
жасайсың,do you
орындаңдар,observe
берілме,do not give up
салыңдар,Hear
мойнын,neck
хакусың,Hakuba
жараласың,wounded
трукаларды,trwkalardı
қорқпашы,qorqpaşı
қожайынына,his master
шығарыңдар,out
жазым,accidents
сөйлейді,speak
шығысты,output
докторына,doctor
тани,Recognizing
апамды,She
жақтырмайды,does not like
боласыздар,will
жағалауда,on the beach
от,fire
қойыпты,put
ұйықтағам,uyıqtağam
жегісі,eat
қалғанын,the rest
қарармын,The resolution of
интернеттен,the Internet
кетпеді,did not
бардың,bar
роуд,road
жинаңдар,Store up for yourselves
еңбегіммен,eñbegimmen
беллфлауэр,bellflawér
ашпын,aşpın
жеткізу,deliver
жібермейік,Do not
бармағаның,the journey
оятқанды,WAKE
көшесінде,on the street
жабатын,covering the
өлді,died
франкенштейн,Frankenstein
көрсін,Let the
істемейтін,non-performing
қабылдауымыз,accept
қараңғы,dark
бетінше,independently
болмайтын,can not be
шақырылмаған,invited
сұраймыз,Please
қараңғыдан,the dark
опреацияны,surgery
бөлмелеріңізге,in rooms
қайтыңыз,return to
тапсырмаң,"instruction,"
жуындырасың,wash
көмірге,coal
шиеленітпе,şïelenitpe
айналасың,would
жағдайды,the situation
әдепсіздік,immodest
қоймасы,warehouse
қылып,disappearance
кетіңіз,Take
радиология,Radiology
анықтайсың,to identify
беріпті,Sting
унға,wnğa
сто,Sto
арқанды,rope
тартсаң,Disobedience
ебедейсізсің,ebedeysizsiñ
тұнбаға,precipitate
кептірілген,dried
құрттарды,worms
қосады,adds
тазаламадың,Do not clean
ұстамасаң,attack
ап,up
келейін,The disclosure
ханым,Lady
рэнди,Randy
дайынсыз,Are you ready to
бастауға,to start
жақындап,approaching
сөзін,the word
ақшаны,money
қақиып,qaqïıp
арқан,rope
мықтап,gain a foothold
тоқтағаным,Toktaganym
айтқанын,said
ердім,followed
сендім,believed
топтасып,the group
сенді,believed
қылмысын,crime
велосипед,bicycle
балаларға,children
тартамыз,refuse
қылу,make
тыңдайды,listen to
куәлікті,certificate
қанды,bloody
шығардың,released
трубкаларды,Tubing
мойнынан,neck
тозбалаңға,tozbalañğa
таңертең,in the morning
төменде,below
сұрағаны,asked
шайтанның,the devil
тамағымыз,food
терезе,window
күлкілі,funny
амалы,How to
шайтан,devil
қолдарымен,hands
айтқысы,mean
қабырғадан,wall
кетпедің,Do not
ұстауда,hold
ауруханада,the hospital
дәлелдеп,to prove
жүрді,walked
кешірілген,forgiven
орындалса,are met
атадан,from
суды,water
жіберуді,to send
сұрадым,asked
қымбыт,qımbıt
қозғалма,Do not move
өзімен,with him
ізгі,good
жетіңдер,jetiñder
жеріңе,find your way
бұзылып,distorted
жаралы,casualty
райы,Weather
ұры,thief
бөлесіз,zucchini
ақытыңызды,aqıtıñızdı
әпкемнің,my sister
келгеніме,visit
аңшылауғы,añşılawğı
айтқандай,As the
мөрімді,mörimdi
сүйген,loving
бұлай,so
істемейді,does not
жазылды,subscribed to
түсініп,understand
түсінбейді,do not understand
айдаһарды,the dragon
сиқыршыға,sorcerer
рецепті,The recipe
барлап,spy
ойнаймын,play
ойнағып,to play
бензин,gasoline
жаңағы,these
жауып,close
кіш,kiş
кетпеймін,will not
шыда,patience
жабыңдар,stare
сатқаныңыз,sold
толық,full
анасынан,his mother
ажыраталмай,ajıratalmay
қозғалу,move
қалсын,Keep
аузың,the mouth
күйеді,burns
көмегіңмен,kömegiñmen
сата,sell
сіізге,siizge
сенбейді,do not believe
болғысы,wants to be
оын,pays
бәліш,donut
сындыру,break down
сөйлейтін,speaking
тілінде,language
сындыр,sındır
әпкесінен,his sister
дзэнибаның,dzénïbanıñ
өзінен,itself
шетел,foreign
мөрі,a stamp
шағыр,Shagyr
былық,chaos
шығарыпты,removed
сенбейтін,unbelievable
жеткізгім,express
жара,wound
деңгей,level
өкпенің,lung
сиқыршылық,witchcraft
әйелді,woman
ащы,bitter
алшы,Remember
басқаларын,others
мөрге,seal
дуа,Dua
сақтауым,to maintain
оқылған,read
қатынасым,relationship
өледі,dies
зызбен,connection to the girl
кезінен,Since childhood
сенімдіммін,senimdimmin
дизель,diesel
долырып,dolırıp
танымаймын,know
ұрлауы,trying to steal
құлама,slope
жағдайың,circumstances
демі,breath
бітуде,Lead
ішінен,from the
қайтару,return
көмектеседі,helps
бағаламаппын,underestimated
лабораторияда,laboratory
мойнына,neck
жіберші,Send out
құрметті,Honorary
мырзам,my lord
жаңадан,again
неңе,neñe
күліп,laughing
скаллимін,Scully
күлдің,ash
ббарлығы,bbarlığı
осындайда,like that
өлмейсің,will not die
алмаңдар,Do not
құбылай,Mecca
түсіндің,you understand
сараңданып,sarañdanıp
кімді,whom
кіргізгенімізді,kirgizgenimizdi
білмеппіз,did not know
шара,event
қолданбаңдар,use your
аса,More than
кетіңдер,Get
тараңдар,tarañdar
машинам,car
телефоны,phone
байлығын,the wealth of
сыйлайтын,who respects
кең,wide
мырзамыз,lord
жауған,heavy snowfall
сыйлаңыз,Treat
мындамыз,here
құр,empty
кілемімді,kilemimdi
қалмайын,Do not
өрт,fire
қар,snow
қалың,thick
өткен,past
болғаны,that
вальтер,Walter
вашингтоннан,"Washington, DC"
тиген,in contact with
бастықпен,the chief
уыстап,wıstap
қойғанын,that it has
бүлдірдің,raspberry
көзің,eye
емспін,emspin
сыртқа,outward
эксперименттер,experiments
зерттеуінде,study
клеткалары,cells
зиянды,harmful
талшық,fiber
хабарлама,message
құрығып,we tried to create
ойна,play
ауырасың,heavy
тексеріңіз,Make sure
тоқталды,stopped
шықсам,If the
ауырам,heavy
ауыруың,disease
қымбат,costly
принтер,printer
сырқат,ailment
бактерия,bacteria
сүреді,live
бактериялар,bacteria
ресейде,Russia
жойыңдар,Devote
тыңдаңыз,Listen
звондаңыз,", call"
керуетте,bed
ұйықтамайды,sleep
полицияға,police
тәтті,sweet
ұйықыда,uyıqıda
соқпаған,It took
жолықтырыңыз,to meet
анаңды,mother
жұмыстары,works
ауырттың,painless
фосса,Fossa
көмегіңе,help
улауға,Pickling
хабарлас,Contact
эксперимент,experiment
денесіне,a body of
сыртта,outside
білсем,know
істегендеріңді,what
әкеңмен,father
кешіремін,forgive
табылатын,which
отырсыз,You're
түсініксіз,incomprehensible
іздеумен,looking for
айналысқанмын,prosecuted
естігіміз,hear
қорапта,the box
делік,Let's say
планеталықтар,aliens
ұрлаған,for stealing
қарындасыңызды,qarındasıñızdı
машинадан,the machine
шабуылдаған,attacked
орнын,location of
әйелдің,a woman
агентім,agent
шешуге,to solve
әкелдіңдер,brought
сандырақтап,mad
ұсақ,minute
жаңалықтардан,news
жоқсыз,are not
аралығында,From
құбыжық,monster
келмеген,did not want
жұмысына,the work of
сұрағанын,he requested
кісілерге,men
жаста,years old
керекпін,need
ад,hell
канингэм,kanïngém
шерил,Cheryl
ххх,xxx
жүргенімізді,we are
етпес,taking
адамда,person
әртүрлі,different
полицейліксіз,polïceyliksiz
тізімі,List of
полицейлік,police
аймақта,in the region
дайындаңдар,prepare
өтірік,lie
күнәсінен,sin
арылу,get rid of
істедіңіз,did you
лютер,Luther
ли,Lee
боггз,boggz
транквилизаторын,tranquilizer
клайд,Clyde
бракман,brakman
бастысы,The main thing
джеральд,Gerald
шнауз,şnawz
аймақтың,region
патологоанатом,pathologist
ұқсамайды,does not look like
оқиғаларды,events
талқыладым,the issue
жұмысыңыз,work
жинағанға,collected
ояттырады,oyattıradı
ішкі,internal
экстрасенстермен,ékstrasenstermen
іздерін,traces
табылғанын,found
қолдауға,support
ватиканға,Vatican
жүздеген,hundreds of
шіркеуге,church
оралуын,to return
ісін,business
папаны,Pope
сендірудің,persuasion
елшісі,Ambassador Extraordinary and Plenipotentiary
оқиғалар,events
арасынада,among
санайсыз,do you
түстік,of the color
ізіне,to pursue
санаймыз,We believe
айналатын,circulating
сезесің,feel
шешімнің,decision
жаңалық,discovery
шағарсын,Raise
табатын,finds
ондаған,tens of
айлар,months
ұнамаймын,I do not like
оралмаған,unpackaged
ұйықтаған,to sleep
сұрағы,the question
көрсетсек,show
өмірімнің,my life
сақтығын,safety
сурет,picture
ести,hear
шкафтар,cabinets
хлор,chlorine
баламен,the child
жатқыным,jatqınım
тілмен,language
қатып,freeze
киім,clothing
жеткізе,to deliver
білдің,You knew
шомылатын,swimming
тілді,language
сумкасы,bag
кірсін,Give access
алатыныңды,can
кірме,driveway
еркімен,voluntarily
шықпай,without leaving
бөксесінен,böksesinen
сүйер,lovers
күнді,the date
кешегі,yesterday's
жүргіземін,conduct
түрмеде,prison
педофил,pedophile
төсегіне,bed
қойыңдар,Pay
жүргізесіз,run
нәсіпқұмарларға,näsipqumarlarğa
журнал,magazine
комплексті,complex
басқарып,headed
полиция,police
атқарады,plays
ұқсайтын,similar to
көршісімен,neighbor
жастар,youth
естімесе,heard
мұмкін,Absolutely
спорт,sport
жолда,Along the way
шаршаған,tired
төбелес,fight
жұлынған,cut
жүрген,who
алыған,derived
таппай,can not find
қолды,hands
табатындарың,tabatındarıñ
дегеннің,means
сұмырай,douchebag
кілті,The key to
сынған,broken
екендігі,that
қайтамыз,get back
жанындағы,under the
экстрасенстің,psychics
көңілдеріңді,heart
көтеріңдер,up
жеккөрінішті,contemptible
бұрылыс,rotary
ойым,thoughts
еледің,elediñ
ашайық,We open
нда,in
артын,the back
машинаның,machine
бейшара,the poor
тиісіп,assaulted
ойыңыз,Comment
күресіп,struggling
агентте,agent
отырмасаң,sit down
иттердің,dogs
кеткені,that
жүргеніңіз,you have
екеніңізді,you are
медииналық,medïïnalıq
ұмыттыру,forget
бөксесін,hips
болғанымыз,Being
сүю,love
шықпады,did not
көрсететінімді,render
сезіміңіз,feelings
қалғысы,Peaceable
сүйрей,drag
айтарымды,say
ауруханаға,taken to hospital
ит,dog
феронға,feronğa
транквилизаторды,Sedation
иттерге,dogs
сандырағын,shock
шешкің,to solve
келіскендей,agreed
жастарын,of young people
білсе,know
шығармыз,might
жастары,the youth
келіскен,agreed
сенесің,you believe
алло,hallo
орынға,place
итнимен,ïtnïmen
пациентті,the patient
шешімімізді,resolve
көмектесіңізші,Help
жеткіздім,conveyed to
транкрилизаторы,trankrïlïzatorı
толтыра,fill
алмайтын,can not
орын,place
қалдырған,leave
қарғай,curse
тұрайын,Allow
қозғадық,affect
сақалың,whiskey
келістік,agreed
қырып,destruction
токсикологиқалық,toksïkologïqalıq
есебі,report
есебін,report
радияциямен,radïyacïyamen
уланған,poisoning
берілетін,provided
дәрінің,drug
мүгедектер,people with disabilities
пациетті,patients
жануарға,animal
қосамын,add
тұрыңызшы,Hold
звондағаныма,zvondağanıma
жеңіле,light
қайтқым,to go
тоқтамаңдар,keep going
импрессариом,booking agent
айтамың,You're
қатем,fault
шақырғанмын,Report
экскаватор,excavator
ара,bee
іздеген,looking for
қарындасыңды,"sisters,"
кесетін,cutting
бетон,concrete
құралдарды,instruments
құралдар,media
қарындасым,my sister
іздей,search for
аңшылауға,añşılawğa
күректер,shovels
басқалар,others
дегені,means
көрінбейді,is not visible
машиналарыңды,maşïnalarıñdı
кімнен,those who
кісіден,man
оңға,right
бұрылыңыз,Turn
сарайға,the palace
бұрыңғы,the former
жіберіңдерші,jiberiñderşi
кімсіңдер,who are
бүіг,büig
жұмысшылармен,workers
байқамай,accidentally
соққаным,having scored
жасағым,make
шаруа,peasant
кешіріңдер,Forgive
шаршады,tired
шақырғаныма,invited
соққаныма,soqqanıma
ақыт,TIME
көздерді,sources
бітетін,expire
ішімізде,inside
ильямнан,ïlyamnan
нешеде,How old
терапиясы,Therapy
клетка,cell
біліктілігім,professionalism
жүйесі,system
гугл,google
телефонға,the phone
емдеген,healed
квантико,Quantico
кедергі,interference
қабылдауын,the adoption of
нәтижелерді,results
бересіз,give
азабын,suffering
ұзарту,extend
ауруды,disease
тайыз,shallow
макларен,McLaren
бассейні,swimming pool
бассейн,pool
хабарыңызды,your message
айтуым,tell
мұздағы,ice
дәрігердің,the doctor
денелерін,bodies
алынған,already taken
машинаға,the machine
кесіліп,cut off
жүк,Baggage
машинасы,machine
тауьымыз,tawımız
табуымыз,find
әрбіреуі,each
жолығып,by contacting
бөлшектерін,parts
қатар,In addition to
ойландым,thought
ойландың,you thinking
алаңдата,care
қайсы,which
бэннандікі,bénnandiki
басы,beginning
қарайын,visit
біліктілігіңізге,skills
айтқаны,said
төсегінен,the bed of
әкімшілікпен,administration
әкімшілікке,administration
иллардтың,ïllardtıñ
пациетіміз,patients
палатасында,Chamber of
қалмайды,will not
жатысым,Terni
қимайсыз,qïmaysız
пациетім,patients
шығармайды,does not
қаттылығы,the stiffness
пациетіңіз,patients
қарған,a curse
ұйықтамай,sleep
қарсымын,against
қию,to cut
сөйлестік,talked to
өмірге,life
әкелгені,resulted in
үйреніп,accustomed to
жасы,age
пациеті,pacïeti
қабылданды,adopted
шешілген,resolved
өлімнен,from the dead
келіспесеңіз,do not agree
шешеді,decides
шешпейді,will not solve
әкімшілігі,administration
аурухана,hospital
шешімді,decision
ешкімнің,no one
балаңыз,child
обалына,obalına
жолығыңыз,Please contact your
баланының,child
пациентім,a patient
клеткаларды,cell
аралық,intermediate
аурумен,disease
туралымаған,twralımağan
тыңдағысы,listen to
мамандар,experts
қабырға,wall
шықпайды,does not appear
салуға,the construction of
айналдыратын,converted to
сенер,you believe
қарда,snow
грин,Green
линцезияңызды,lïncezïyañızdı
прокуратурасынанбын,prokwratwrasınanbın
барсін,BARS
жақындамаңдар,to come
коэль,koél
роберт,Robert
еріп,accompanied by
түсініңіз,understand
медиқалық,medïqalıq
ақытым,TIME
картаны,card
осындағы,here
асығуым,to hurry
ақылдастым,consulted
ғашық,in love
ансплантанты,ansplantantı
тр,Tr
мүшесі,a member of the
бадди,a buddy
жаздаппыз,jazdappız
кард,card
бауырын,brother
басшыңыз,manager
шықтық,We have
тасымалдап,transported
көлікті,car
толықтай,full
шаң,dust
қалыпты,normal
бұзақылық,mugging
дұрын,durın
осыдан,here
пациент,patient
ауруханасына,hospital
мемориал,memorial
иллоу,ïllow
жеткізуіңіз,make
көрсетіңіз,specify
қатардан,line
шықпаңдар,Do not
лицензияны,license
өзіңізбен,you
мария,Maria
соға,beating
мазалайтын,concerns
сөйлестіңіз,talked to
ибарра,Ibarra
ұқсас,similar
ферменттер,enzymes
мидан,mïdan
липидті,lipid
шығармай,does not
түсінетін,understanding
ми,brain
тоқтайды,stops
гексозаминдас,geksozamïndas
болсаңыз,If you
ештеңеміз,nothing
деңгейін,the level of
кристианға,Christian
әсерін,the impact of
тексеріп,check the
түрімен,overlooking the
танысайын,get acquainted
ауруымен,disease
дәрежелі,degree
шешіміміз,determination
емнің,treatment
алмасуы,exchange of
ферметтердің,fermetterdiñ
денеге,body
таралуы,The prevalence of
лизосомды,lysosomes
заттардың,substances
болсақ,As for
жиналу,get together
табылады,will be found
аяқтарыңның,your feet
дәрігерісіз,doctor
бастағанда,When you start
қона,landing
лизосомын,lysosomes
зерттедіңіз,researched
үзуге,interrupt
отырғаным,sitting
мидың,the brain
қолданбағанымыз,not in use
әсері,The effect of
жылдамдық,speed
ауруының,disease
баяғыда,a long time ago
қалуға,stay
мінедіңіз,minediñiz
сырыңыз,scratching
кохаку,koxakw
нуси,Nucia
құлап,fall
кеткенің,left
туфлиыңды,twflïıñdı
алайын,like
толқындар,waves
айтқыңыз,tell
көтеріп,lift
жағаға,the shore
шығарды,released
боны,Coupons
әкелемін,I will bring
сенбейсіз,do not believe
ренжітпеді,renjitpedi
байғұс,poor
болғансың,when
аталатын,called
сенетін,who believe in
емессіз,You are not
сүреміз,live
құмаршылық,qumarşılıq
қорғауың,to protect
балақайлар,the kids
қайтататын,qaytatatın
кетпейміз,stay
чи,chi
қалсаңшы,if you
шаруаға,routinized
көмектесесің,help
құмаршылығымыз,sickening appetites
өзімізді,ourselves
жоғалтпа,Do not lose
десе,almost
құлаппын,qulappın
өзеннің,the river
аталғанын,called
әлемі,world
құбыжықтар,monsters
жексұрындар,abominations
кәріптасты,amber
күйеуңіз,Husbands
сізідң,sizidñ
бергенсіз,issued
шешімің,decision
таптың,class
алақай,Hooray
жеңдің,defeated
білдіремін,express
болыңдар,Keep
туннелден,tunneling
шыққанша,until the
отырмаймын,otırmaymın
оқушылар,students
кіргіңіз,log
қатарынан,in a row
шығамын,I go out
қайтардым,returned
әлемге,the world
күдіктімін,the suspect
ораламын,will return
кездесеміз,meet
рұқсатсыз,unauthorized
нақты,real
мүмкіндігің,the opportunity to
боссыңдар,bossıñdar
тапсаң,find
қайтарыңыз,Return the
ережелер,rules
сараңсың,greed
уақытымды,time
көңілді,merry
өткіздім,Chaired
ереже,rule
сэнды,Sand
ренжітсең,renjitseñ
тиелген,immersion
көрмеймін,I do not
немен,what
ережені,rule
көріністен,view
түсіндірді,explained
бұлардың,these
арасынан,among the
тыңдамауға,disobey
апаңды,apañdı
табуың,find
айналысатынымды,job
айныдық,loyal
кеңес,consultation
сөйлесейік,Let's talk
ш,three
ооған,ooğan
дәлеліміз,argument
жұлынып,uprooted
үйінен,the house
шақырым,km
алушы,recipient
қабылдап,accepted
қанмен,the blood of
таңдап,select
гаражы,garage
ауыстыру,replacement
бен,and
құралдарында,media
қаны,blood
қылмыспен,crime
байланыстырасыз,link
ине,needle
топ,group
ү,V
төртінші,fourth
жексенбі,Sunday
құтқаруыңыз,rescue
жеткізгеніңе,jetkizgeniñe
тасымалдаушылардан,carriers
айтпа,Do not
үнемдейді,saves
келгеніңізге,you came from
итнимін,ïtnïmin
білімің,knowledge
хабардарсың,awareness
аурухалар,hospitalized
малдерсіз,maldersiz
орындап,Follow the
айтамыз,say
тапсырыты,order
білген,knew
сонысын,including
материалдар,materials
ісімен,deed
иелері,owners
мониканы,Monica
жоғалғаныңа,missing
тұтқындағанға,arrested
іздегендей,When you search for
болдық,have been
бел,waist
қолдануға,the use of
өткендегі,past
бэннанмен,bénnanmen
шақырттым,sent
өткізгім,to cancel
шындығында,reality
мазам,am anxious
діни,religious
білімді,knowledge
ісінде,in
тығылып,hiding
агентіңіздің,agents
жағдайыңды,circumstances
білмей,do not know
сенімділікте,assurance
жағы,Top
сенбеуіміз,not trust
бэннанды,bénnandı
байладым,decided
қолданып,using the
көрмеген,seen
қолданбақпын,applying
джозеф,Joseph
фитцпатрик,Fitzpatrick
екеуін,both
болағн,bolağn
шкафы,cabinet
криссман,krïssman
барған,went to
агентпен,agent
қалдырып,leaving
аймағы,zone
шіркеу,church
католик,Catholic
жоқсың,have not
білу,know
өтпейінше,until
бэннанның,bénnannıñ
өткізілу,carrying out
экстасенсорлы,ékstasensorlı
опреация,surgery
өзгерттің,to change
жұмысшысы,worker
колумбия,Colombia
вашингтон,Washington
шартым,condition
қараңқының,qarañqınıñ
веленанге,velenange
немістер,Germans
сезімталдықты,sensitivity
білгенге,learning
жориды,interpret
мидағы,the brain
арқасында,thanks
болмысы,The nature of the
сезімсіз,insensitive
отыруымыз,to keep
түңгі,Night
ұқсаймын,am like
өзгермегенге,has not changed
сандыраққа,crap anymore
сенетіп,who believe in
принстон,Princeton
біріншіден,First of all
паранормалды,paranormal
айнер,Jadeon
өзгерте,change
ауф,Auf
көздерім,eyes
мүмкім,possible
кереспе,Please do not argue
кешріңіз,keşriñiz
тоқташы,does not stop
келмеймін,shall not
дегің,you mean
жаз,summer
кітап,book
келгеніңізді,mishaps
лабораториясы,laboratory
малдермен,maldermen
хабарлассаңыз,contact
агентінің,agent
сақтайсыз,save
жүрсе,exercises
білетінім,I know
жеңілтек,windy
кездеспей,met
кетіпсің,look
артымда,behind
істемеймін,do not
жақтың,party
жабылмақ,will be closed
беруің,give
алдымызға,in front of us
болатынын,that
сеннен,to you
іске,run
тұрмыз,are in
құтылғанына,rid of his
қуанған,rejoiced
жалғастырмайды,continue
шақырған,invited
құтылғаныма,escape
звонда,peal
прокуратурасына,The prosecutor's office
ешкіммен,anyone
араласпай,interfering in
кеткеніңе,leave
бақыттымын,I am happy to
жауабыңды,answers
бастау,start
келістім,agreed
алдақашан,has already been
ұстағысы,keep
доктормын,Doctor of
шығару,release
жайында,regarding
кешіреміз,all is forgiven
көмектессең,you help
тағылған,accusations
кінәлерді,kinälerdi
кешірмек,forgiveness
жұмысымды,work
қынжылататыны,qınjılatatını
шыдап,tolerated
жолығайын,refuge
жұрт,the people
қылды,spiny
әсер,effect
екеумізге,me
қынжылып,upset
көмектесемін,help
дәлелдемесі,evidence of
болыпты,was
тыққым,ABC
қараңқыға,qarañqığa
мазақ,ironic
жаһандық,global
of,of
үміттемін,I hope
қорыққандығыңыз,qorıqqandığıñız
өміріңіз,life
екендігін,that
білдіреді,means
көрдіңізбе,have seen
дәрігерсіз,doctors
философсыз,The philosopher
отбасынанмын,family
білуіңіз,know
үйді,house
өлуден,die
тазалағыш,cleaning
жудым,wash
ұрушы,urwşı
қабырғаны,wall
сал,paralysis
дәретхана,toilet
қаз,goose
президентімін,the president
жатыңыз,Lie
кампаладамын,Kampala
ұсынды,proposed
қазандарды,boilers
тең,equal
құлмен,slave
әлсіз,weak
тыңдап,listening to
пуф,Poof
отырыңызшы,Follow
ішіңіздің,Drink
тұрам,Parking
дегенде,at least
тұруыңызды,accommodation
сұраймын,ask
әжептеуір,margin
болашақта,in the future
есіңізде,remember
сыра,beer
аспиринді,aspirin
араластырмаңыз,Do not mix
жағдайымды,situation
көргенің,you have
шошып,horrified
ортада,environment
нәрселердің,things
сақтаймын,save
бергем,Berger
қорқыныш,fear
көрсеткен,specified
әдетте,usually
ескермес,NOTE
түсінкті,tüsinkti
көңілі,disappointed
танысып,acquainted with the
деңіз,say
айтайын,I will say
дегенім,mean
ұялмай,Without any hesitation
досымсың,best friend
тығыз,tight
қатысымыз,involvement in
басқармасы,Department of
мырзамен,Mr.
ерекше,exclusive
қатынаста,relationship
екеніңіз,own
хабардар,aware
екенімізді,that we are
қатынас,access
айтарыңыз,Something to Say
қошемет,applauded
көрсетіп,show
бөлісуіңізді,share
қолдаймыз,support
айтуға,to say
үйрететін,complain
жағдаймен,As of
білетіндеймін,biletindeymin
джолли,jolly
кешіріңізші,i am so sorry
тигізе,have a
пайдаң,profit
тиер,tomer
сенем,believe
әулетін,dynasty
емдеуден,treatment
етуіңе,Large
медецина,medicine
бөліміміздің,department
коридордың,corridor
жағында,at the
орны,place
қаржылайды,benefited
мулагоға,mwlagoğa
амансызба,amansızba
госпиталіміз,Hospital
үйренген,accustomed to
стандартқа,standards
сәйкес,In accordance with the
үмттенеміз,ümttenemiz
алдыңда,before
джунджу,djwndjw
сәтке,moment
аманыз,Amanda
себебін,the reason
істеуім,do
өлтіргісі,kill
қосыласыз,connect to
ғанибетпен,pleasure
бәлесің,shocking
коммунистер,communists
есте,Remember
әскерінен,Syrians
кар,Kar
орап,wrap
комиссияға,commission
жіберіңіз,Please send
әрекетін,behavior
мықты,firm
достым,friend
кетсінші,ketsinşi
тілі,language
халіңіз,"Working in pairs,"
келгеніңе,came
әйелдеріммен,äyelderimmen
таныстырғым,to introduce
маляму,malyamw
нора,Nora
таңдым,At the
футболкаңызға,fwtbolkañızğa
үкіметтік,government
кэмпбелдің,kémpbeldiñ
кешке,in the evening
көлігім,car
құрмет,respect
болғым,to be
халқым,my people
тыңдаңызшы,Sey
қызметін,activity
дамыту,development
миллиондаған,millions
себіңіз,sprinkle
тиеді,transshipped
мойын,neck
уәкілдік,empower
жарға,wall
жықтырамын,jıqtıramın
түсінесіз,understand
болғыңыз,Want to be
мұндағы,here
айтпасқа,mention
шытырмақ,solve
күйеуі,husband
пасық,low
қызықтысыз,interesting
уақытыңызды,time
бекер,in vain
ертеңмен,erteñmen
мектептеріңіз,schools
анасымысыз,anasımısız
таныстыруым,presentation
философиясын,philosophy
арабтар,Arabs
дәрілерін,medicines
тарихты,history
етуіміз,we treat
ұлтымыз,nation
өмірміз,life
тату,tattoo
экономикамыз,economy
қуатты,mighty
қуат,power
барлықтарыңыз,All of
дегенге,link
сенбеген,believed
едіңіздер,Did you
асқа,dinner
астың,food
еті,meat
соңғым,last
дереу,immediately
өлтіргілері,kill
ішіңізді,Drink
көруім,see
өздерінің,their
адамдармен,people
гректер,Greeks
басталған,started
перкинс,Perkins
досым,friend
гариганмен,garïganmen
әріптесі,colleague
сөйлесем,talk
естуімше,I've heard
істеуде,are
ретке,streamline
келтірер,bring
ақкөңіл,good-natured
екені,that
жанымда,with me
болғанына,that
скот,Scott
ханымдар,Ladies
достар,friends
айтпақшымын,aytpaqşımın
кейінірекке,later
қалдырсам,leave
мас,drunk
естімей,hearing
қаласыздар,to stay in
цивилизация,civilization
африкада,Africa
саламат,Salamat
жанына,near
өлтірді,killed
жүрер,depended
жоспарым,plans
жеткізілген,delivered
арамызда,among us
сатқын,traitor
айналамның,around
сатқындар,traitor
масанганы,masanganı
адамдарымның,the people
бүгіннен,today
қауіпсіздігіме,A security
жауапты,responsible
жауаптысың,responsible for
министірім,Minister of
министір,mïnïstir
жанында,next to
кеңесшім,adviser
санайсың,Do
үлгерді,has already
аяудың,ayawdıñ
өлтіргілерің,kill
әзір,willing
өлмеймін,not really die
өлтіре,kill
оботқа,obotqa
болмағанымда,Had
секемім,sekemim
шығындар,costs
ек,EC
көлігіңді,your car
айдайсың,are going to
айдағаныңды,aydağanıñdı
қарағаным,watched
ұнамай,like
бұзады,violates the
керегінің,need for
құтқаратын,salvation
кенелген,full of
байлық,wealth
көрмегенсің,never seen
ойладыңыз,thought
түсінбейтін,do not understand
талқылама,discussion
жегенің,eating
ойландырды,wondered
ескерем,NOTE
әңгімелерді,stories
ұнатамын,I like it
көңілдігіңді,köñildigiñdi
пікіріңді,view
көлігіңде,your car
әскерім,army
етесің,Will you make
әділ,fair
сөйлеген,Speaking at the
төреші,referee
күннен,days
есептер,reports
жатырмыз,are
орнатылған,installed
тәртіпке,the order
аузын,the mouth
ашқан,opened
зия,Zia
айыптағың,accused
алдыға,forward
анықтамалар,definitions
анықтамаларыңды,anıqtamalarıñdı
қалам,pen
басшысының,Head of the
нәрсеге,something
қаралай,dirt
бастадыңдар,bastadıñdar
жетіп,reached
күтуге,what to expect
сеніңше,do you think
қолдарын,their hands
оқыдым,I have read
өлтірмексіңбе,trying to kill
таймстағы,taymstağı
жұмыстарым,works
президентіңмін,the president
оқып,read
қалғаны,the rest
ескі,old
тізімін,list
қалдырдым,leave
ойыңда,your mind
инға,ïnğa
іштім,I had
васваны,vasvanı
тұрғанын,that
нәрсесі,Things
еместей,worry
көрінді,it seemed
айтқанымдай,I said
бауырыңа,brother
футболкаңызды,fwtbolkañızdı
талғамы,taste
итере,pushing
армандап,dreaming
президентпен,president
лондонға,London
сапарға,trip
қызумен,heat
жеудің,pointless to guess or
дыбысын,the sound of
жақтан,from
дәлірек,more accurately
айтқанда,In
талапқа,requirement
сай,in accordance with the
болашағының,the future
рәмізі,a symbol of
конгресс,Congress
кеңесшілерім,Consultants
твидлдам,tvïdldam
твидлди,tvïdldï
өңдегенін,edited
өңдемедім,öñdemedim
қырагерсің,qıragersiñ
джонада,Jonathan
түгіл,Far from being
өзіне,to yourself
касетөм,kasetöm
шалбары,trousers
министірлік,Ministry
қағаздарға,securities
қойсаңыз,If you
қоям,Am I giving
қарағаны,consideration
ұсынысы,the proposal of
қарайтын,look at the
ұсынысын,the proposal
институтынан,Institute
жеңдім,won
ұмытпай,do not forget
өтінішім,application
аптада,week
ливияда,Libya
болам,bolam
орныма,place
жыйналысқа,jıynalısqa
қатысшы,Parties
жиналыс,assembly
пікір,opinion
қойыңыздар,Ask
өтінеді,asks the
көмегімді,help
сұрады,asked
автрия,Austria
роммель,Rommel
алдыңғы,front
қатарлы,leading
архитектор,architect
брунер,Brun
азаматтық,citizenship
инженер,engineer
алғаш,first
оқ,bullet
байқамаппын,busy
орталығы,Center
балаңызда,child
тұрама,Parking
балаларына,children
кесел,monitor lizards
маккензиді,Mackenzie
қабылдауға,take
жазам,punishment
қаншалықты,how
бергеніңізді,that you have
бергенің,continue to
айтпай,not to mention
ұнай,like
дегеніңіз,You mean the
сыйлық,gift
көңілің,heart
толды,filled with
әуежайға,airport
апар,drag
ливияға,Libya
киінуім,dress
келем,Holding On
түрмені,prison
госпитальда,hospital
ақымақтық,foolish
көкірек,chest
тұрғанымызды,are on
тұрмайсыз,Not Live
үлкейген,Mature
желкөз,jelköz
үлгісі,model
өкпеқұртын,ökpequrtın
көрсетеді,shows
дыбыс,sound
макиндай,Makin
түрмесі,Imprisonment
тұрмысың,Are
тоқтатшы,stopped
бұрындары,in the past
болыппа,was
дізесін,dizesin
ұстаңызшы,keep
естимісің,estïmisiñ
реттеп,adjust
апарамыз,Take
қолыңызжан,qolıñızjan
жасаңыз,Create
апару,drop
айырылдым,lost
сұрамай,without asking
әйелдерімен,wives
туылғалы,birth
қусырып,obsessed with
жіберемін,send
кірді,entered
қәне,qäne
барайықшы,barayıqşı
исакты,Isak
шақыруға,invite
көнсең,könseñ
білем,I know
болғанды,to become a
исактың,Isak
кетейін,seen
құрбыларыңды,peers
іргетасы,the cornerstone of
шақырсаң,call
баруыма,go to
шартымды,provider
орындасаңдар,do
киндред,kïndred
феуердің,fewerdiñ
концерті,concert of
лібә,libä
кетіппін,ketippin
білмейм,do not know
жалпы,general
бауыр,liver
дегендей,at
қалау,wish
іргетасын,the foundation
билет,ticket
қуаныштысыңдар,qwanıştısıñdar
шоуға,show
үйірмесіненбіз,üyirmesinenbiz
үйірмесінде,the circle
келуің,arrival
курста,course
оқисың,read
алдағы,upcoming
жылдағы,year
өміріңнің,of life
негізін,the founder of
келгің,going to move
аргентина,Argentina
никола,Nikola
никовска,nïkovska
расында,really
мұғалімді,teacher
адамнан,people
нәрселерді,things
мектептің,school
биыл,this year
өміріміздің,of life
сезінем,am
тергейтіндей,tergeytindey
көрмедім,have not seen
анықтап,identify
нура,Nura
қыздарды,girls
жезөкше,prostitute
қыздардың,girls
хламидиозды,Chlamydia trachomatis
жұқтыру,infect
қаупі,Risk of
ға,to
достарыңның,friends
бірін,one
келермін,come
вилда,Wilde
бұндай,such a
сөздеріңді,words
бөлгеніме,bölgenime
сұрайм,question
кристі,Chris
криспін,krïspin
атымыз,My name
аттас,namesake
екенбіз,perhaps
негізі,the basis of
әңгімеміз,conversation
қатысамыз,participate in the
оқисыңдар,oqïsıñdar
тіліне,language
нурамын,Nura
алуыңыз,be able to
сатқындықтың,betrayal
құрбаны,victim
проблеманы,the problem
көрмегені,Watching
өзсенімін,özsenimin
жоғалтқан,lost
сөзді,password
жайып,spread
саласыз,Let us
өзіңізге,you
қажытпайды,exhausted
тығырықтан,deadlock
шығатын,from the
елемей,ignore
сөйлесуіміз,to talk
сағындым,miss
деші,deşi
бояп,paint
жіберіпсің,sent
жезөкшеден,prostitution
аумайсың,exactly
жынданып,mad
испан,Spanish
сүйісудемін,süyiswdemin
жағдайдасың,situation
жағдайдасыз,conditions
уақыты,time
көбеюде,is growing
шарты,a condition
еркіндікке,freedom
шапалақтамас,applause
түсіру,drop
тұтынушы,consumer
орта,medium
перудегі,Peru
кофе,coffee
дәніне,seed
тәуелді,dependent
үндістандағы,India
балалар,children
арқылы,through
өндірілетін,produced
тағаммен,with food
қоректенеміз,feed
ұят,shame
тақырыбын,topic
шарттары,Conditions
өзгертсем,changed
онсыз,without
төмендеуде,decreasing
ойларың,thoughts
азғана,just a few
қоректеніп,feed
діл,accurate
әлемдік,the world
сауда,trade
бостандығы,Freedom of
көтерме,wholesale
базарлық,souvenirs
либерализмге,liberalism
жылжып,Scroll to
мүмкіндіктерге,features
толы,full of
армандар,dreams
орындалатын,performed
естілетін,audible
қоғамның,society
бөлігі,part of the
капиталдық,capital
жүйе,system
азап,torment
уайымсыз,carefree
сүріп,live
планетадағы,the planet
сапасыз,poor quality
тағамдармен,dishes
зауыттарда,in factories
сөйлеспедік,talk
тамақпен,food
дегенді,that
өздерін,themselves
papsi,papsi
max,max
атайды,called
сөйлесе,to chat
тістеп,bite
істейсіңдер,do
хабарласпақшы,xabarlaspaqşı
телефоның,phone
батарея,battery
қуаттап,confirmed
алмадың,did not
элиостың,élïostıñ
үйінде,at home
исакпен,ïsakpen
бағана,column
тарап,side
кеткендеріңді,ketkenderiñdi
недеген,What is the
оқудан,trained
шығарылғандар,released
жағдайға,the situation
кінәлісіз,the culprit
родригеспен,rodrïgespen
қоректену,power
мектепке,to school
кірпіктер,lashes
жазыпсың,wrote
өзгертесің,change
әдейі,deliberately
жаздым,I wrote
қайталауды,duplication
көркемдеуші,decorator
пайдаланамын,I use
айтқым,I would like to
жігітің,boyfriend
қырларың,Edges
киінесің,dressed
тісіңді,your teeth
тазалай,to clear
осылар,these
ойла,Think
хабарласамын,back to
джонастың,Jonas
жанындасың,near
бармадың,Go to the
өтті,took place
сараның,Sarah
суретін,the picture
жасанды,artificial
өздеріне,themselves
пәк,virgin
қалмаш,qalmaş
фильм,the film
қолыңызбен,hands
фермермен,farmer
сөйлесіңізші,Talk
үнін,the tone of
өшіріңізші,switch off
түсіндіруге,to explain
тырысып,trying to
естімеймін,estimeymin
қаруымды,rifle
могамбо,mogambo
жүйесінде,system
етем,pray
британдықсыз,The British
демейсіз,Consequently
мау,Jun
мауға,mawğa
шотландықтармен,şotlandıqtarmen
күрескем,fighter
угандалықтан,wgandalıqtan
жирен,red
шашы,hair
әелдеріңе,äelderiñe
жиіркеніш,disgust
созғансыз,stretch
футболкаңды,fwtbolkañdı
сіңіріңізді,siñiriñizdi
істеңдерші,isteñderşi
күшейтеміз,strengthen the
еркін,arbitrary
тұршы,Hold on
жүрейік,let us
те,too
экономикасын,the economy
банк,bank
айналдырды,turned
мүмкіндік,opportunity
берсеңші,Give
көрерміз,see
алла,Allah
байқаусызда,inadvertently
зақым,damage
сақтасын,forbid
сынды,such as
фермердің,farmer
көзін,source
құртыңдар,qurtıñdar
зақымдалған,damaged
бармағыңызды,thumb
планка,the bar
сыйырмен,sıyırmen
сынбаған,broken
жақсартамыз,improve
кэмпбелге,kémpbelge
балаң,Your son
қойсын,lay
мүмкіндігінше,possible
таңғышын,bandage
алмастыртпақшы,almastırtpaqşı
таныстыққа,acquaintance
көлігіне,the car
үйі,House
джанджу,djandjw
көріскеніме,to meet you
нағыз,genuine
айтудан,bias
жасқанбайды,strained
ұсынысты,proposal
қабылдайсың,perceived
дәрігеріңіз,doctor
етпексіз,plans
еткіңіз,want to
президентінің,President of the
саулығына,health
қарағаннан,consideration of
саулығы,health
өлетінімді,would die
түсіме,dream
сапарды,trip
ұнар,enjoy
белгіленген,established
двидке,dvïdke
жейдемді,jeydemdi
генералсың,general
көрші,neighbor
қайтуым,Back to
шиллинг,shilling
тұратынына,home
сенімдімін,I am sure
жібергенің,sent
жынды,mad
сусынға,the drink
қарайсың,do you feel
кетуім,to go
сусын,drink
ішеміз,drink
екенімді,am
түсінгенің,understanding
түсінбейсің,not understand
түскен,from
кешірші,I'm sorry
келіпті,came
денсаулық,health
сұрайтын,asking you to
сауалымыз,REQUEST
жұма,Friday
қате,wrong
елді,country
тамақтанбай,eat
сарамын,shed
жұбайы,his wife
саламатсызба,Hello
көрсетуге,to show
әдеттегі,ordinary
жеттіңіз,You have reached
сапарым,visit
алғырдай,alğırday
артыңда,remembered
ешкі,goat
тұрса,If the
мұрның,your nose
астында,below
біреудің,of someone
қолтығы,qoltığı
сапарымда,trip
талып,While
жаздағам,jazdağam
күттім,I waited
уайымдай,worrying about
төңкеріске,revolutionary
ілінісіп,engage
ықпал,contribute to
елдік,country
алынды,has been received
қуырып,fry
ойлағам,'ve thought
жігерлендірілген,encouragement
даярмысыз,dayarmısız
стю,Stu
өтетін,to be held
тамшы,drip
жіберерміз,sending
менікіндей,me
әулет,the fathers
стакандарыңызды,stakandarıñızdı
көтерсеңіздер,köterseñizder
тост,toast
әкесі,father
бірлескен,joint
болашақ,the future
канада,Canada
қолға,take
жемеңіз,do not
аминнің,Amina
күресуде,the fight against
бақытты,happy
кәсіпкер,entrepreneur
білімімді,knowledge
қолданам,i use
толу,maturity
ішіп,drink
радиодан,radio
басқармақшы,basqarmaqşı
сандал,sandal
кимегендіктен,kïmegendikten
өзгеріс,change
жасасам,make
көрсем,I see
өзгеше,differ
шотландия,Scotland
білмейсіз,do not know
бастықты,Failed
қызығатын,interested
етпеймін,do not
бергім,like
әрекет,attempt
мектептер,schools
жолдар,roads
формасын,form
киуіме,kïwime
екеніңді,that you are
екеніңіді,ekeniñidi
менмін,I am
әскерлерімді,äskerlerimdi
сұрашы,Ask
әскерлерім,Troops
нәскимен,näskïmen
хабарлап,inform the
жағымды,pleasant
ренжімессің,Rather than
қызу,hot
бөлмесі,room
процедуралар,procedures
барсың,got
қызықты,interesting
халықтың,population
пайызы,percent of
бақсыға,Witchcraft
барғанды,going to
мұхит,ocean
сүзіп,combing
жатқандай,that
даярмысың,dayarmısıñ
дайынбысың,dayınbısıñ
анжелла,anjella
мугишаның,mwgïşanıñ
нәрестесі,baby
қиналып,suffering
барайын,go to
барғаным,go to
анасын,mother
танимын,I know
секір,jump up
онша,less
анықтама,definition
деймісің,deymisiñ
зомбылыққа,violence
аттракцион,attractions
көптеп,a lot of
банкрот,bankrupt
солардың,them
кеттіңіздер,kettiñizder
есітіп,heard
ыңырсуда,moan
жел,wind
өзімізбен,us
көліктегі,on transport
өзіміз,ourselves
бутербродты,sandwich
істемек,do
иісті,aromatic
әліде,still
артта,behind
қалма,Do not
айналада,around
кілең,basically the feminine
ресторан,The restaurant
қаларлық,whimsical
тапсырыс,order
салмаппыз,placed
маңда,close to the
естідіңдер,Hear
қайдамыз,Where are
көк,blue
ерте,Early
бұрып,Swivel
жіберіппін,jiberippin
қаламыз,city
үйшіктер,house
шіркеушелер,şirkewşeler
үйшігі,hut
кездежүр,kezdejür
оданда,more
абайлашы,Warning
туннел,tunnels
неғылған,neğılğan
құрылыстар,structures
әктастар,limestone
тартып,Pull
андағы,When the
тихиром,tïxïrom
бопты,boptı
кілтті,the key
қойдық,We have
жайғастырады,arrange
көлікте,transport
тамақтан,food
төлей,pay
дәмдіге,pieces of
тола,full of
лезде,instant
деміңді,Breathe
қонақтар,Guests
соңымнан,me
иісін,the smell of
ұғып,Understand
сәтті,successful
жаймен,slowly
құтқаруды,to Deliver
түсіндірем,explain
расымен,really
қимылдама,act
артқы,rear
қақпашадан,qaqpaşadan
шығасың,fight
текпешекпен,tekpeşekpen
төменге,down
түсесің,you will
қазандыққа,boiler
қазандықта,boiler
сұрануға,"solicit,"
тырыс,Try to
аңға,hunting
әлсіретеді,weakens
шеттегі,third-party
сиқырымды,sïqırımdı
кейіндеу,later
әлдеқандай,some
құс,bird
сұмдық,terrific
кетейікші,let us
ұрысады,scold
қасыңда,alongside you
әмиәні,ämïäni
сүйектері,bones
жұмсақ,soft
қыша,mustard
рақмет,Thank you
жүруіңе,ways
шамдар,lights
жануда,cycle
бойымен,along
ұстай,hold
кетсін,let
тағамын,food
кетесің,You'll
айналмайсың,around
татып,taste
тигізіп,touching
жарады,break
күш,strength
ерткен,ertken
сергіп,refreshed
саналмайды,shall not be considered
кейбір,some
босатылып,released from
кетпей,persists
үлгересің,you have time
киіп,wearing
айтсам,I will tell
өлтірген,killer
өлген,dead
күнәңды,sin
ақтау,excuse
бірдеме,anything
жеккөрініштен,hatred
сүру,Lifestyle
құқымыз,we have
шындықты,the truth
тағдырым,destiny
қайтіп,is just
бағыт,direction
париж,Paris
израилмен,Israel
қатынасты,access
нашарлатқан,worsened
мұсылмандар,Muslims
келгенде,when the
христиандар,Christians
released,released
will,will
өзіңнен,yourself
үлкеннің,large
әйеліне,his wife
ағашқа,the tree
теріңнен,nutrition
іліп,hang
шыңғырғаның,şıñğırğanıñ
сайын,every
ішіңдегі,işiñdegi
отырады,is
өтеді,will be held
израиль,Israeli
келісім,agreement
жүргізуге,to conduct
келісті,agreed to
so,so
as,as
a,a
gesture,gesture
арналады,is dedicated to
good,good
faith,faith
all,all
be,be
айналдырып,Scroll to
израил,Israel
шабуыл,attack
nettverk,nettverk
гибли,perished
студиясы,studio
қайғырма,mourn
көрісеміз,see you
ауыл,village
керегімізді,keregimizdi
үйренеміз,learn from
мектебің,School
сүйкімді,pleasant
бұрынғысы,previous
гүлдер,flowers
солып,The desiccating
қолыңмен,hands
қысып,pinch
отырдың,kept
тіріледі,will rise
өмірімдегі,life
оныда,onıda
қоштасарда,parting
сыйлады,presented
күніңдегі,küniñdegi
гүл,flower
kvaloy,kvaloy
күштері,forces
аударған,translated
білмейді,do not know
тұтқыннан,captivity
тұтқындардың,prisoners
босатты,freed
халықаралық,international
қарас,optical
ақыры,end
күшпен,by force
алғанда,In
қиқулаған,qïqwlağan
топтар,groups
көшеге,the street
қаза,death of
макерер,makerer
университеті,University
жылы,warm
тамызда,August
сауды,Commerce
аравияда,Arabia
айдалуда,pumped
жұмды,died
түсіне,to understand
енген,entry into
өлетін,death
субтитірлерін,swbtïtirlerin
басты,main
қайтуды,to return
ештеңеге,anything
епсізсің,hapless
тізем,Knee
дірілдеп,shaking
нау,Mar
жеңілдейсің,simplifying
жақты,sided
жуасың,Mild-Tempered
хакама,Hakam
кішкенетайсың,kişkenetaysıñ
кісінің,man
апарамын,take
қалдары,vis
естерінде,remember
құтқарам,rescuing
мектептен,school
жадты,memory
қосып,adding
жасырып,hide
ұмыта,forget
жаздаппын,jazdappın
қайдағы,kind
сэнге,SANGER
барар,The Way
уайымдадым,worried
жолды,path
баршы,all the
сендермен,you
торайға,pigs
айландырып,Rotate
көндірді,persuaded
жұмыспен,employment
қамтып,covering
жүрейін,keep
қойдың,sheep
қарайлап,look after a
құп,welcomes
ти,ti
сөйлеме,speak
атайтын,call
боласың,You will be
отырды,sat
иісіне,odor
тамақтанса,food supply
жұмыстан,work
қашқалақтаса,qaşqalaqtasa
отқа,the fire
кірісіңдер,kirisiñder
қараймын,look
алсын,to take
бейнеттенем,beynettenem
есептесем,consider
қоюыңа,ask
қызықтысы,interesting
асты,underwater
жабысқақ,sticky
қырылмайды,The Brit
сәлден,a little while
әзілдеп,joke
күзетшілікке,küzetşilikke
келші,for my
жазылған,written
күзетшілік,security
бөтен,outsider
жауынды,rainy
кіріпті,entered
тұнбаны,sludge
шығын,loss
қылғанып,who
ұйқтадыңыз,uyqtadıñız
кацурэ,kacwré
мырзаға,Mr.
күкіртті,sulfur
тұрғаннан,stay
істе,case
кетіресіңдер,ketiresiñder
жусан,wormwood
тұнбасы,yl
қонақтарға,guests
екенің,that
жумаған,did not wash
тапсырма,task
ішпедің,does not drink
дуаладым,dwaladım
жесең,eat
қайғы,sorrow
жеңілдеп,relief
қаласың,Will
менсіз,without me
есімнен,bad memories
адаса,the prodigal
жаздадым,almost
десейші,deseyşi
аяққа,foot
оралма,wrapped
қимылдай,move
ваннаны,bath
жуасыңдар,jwasıñdar
бақалардың,frogs
жоғарының,ABOVE
бұйрығы,The order of the
жуыңдар,Wash
малып,Dip
қалмайсыз,are not
қалдырамын,leave
кетші,ketşi
ауылымда,village
балапаным,chicken
құры,piss
плошка,ploşka
үзіліс,time out
кесіріңнен,harm
шу,noise
көтерілген,raised
немерем,grandchildren
немерең,grandchildren
қатырады,Freezes
тырысқаныма,trying
лайықты,worthy
қуырылған,fried
юбабамен,yubabamen
отыру,sit
бағыңды,Your Care
десең,If you want to
қимылда,in cooperation
туфлиді,shoe
өзіңмен,take
шұлықты,hosiery
шеш,take off
алғыс,thanks
білдіруді,to exercise
алғысым,thanks
доғарыңдар,Stop
жоғары,up
ұрсуды,urswdı
ұрсып,rebuked
мән,meaning
бермей,not
көн,leather
қалдырмайды,will not leave
танитын,already know
әбігерленіп,hustle and bustle
етіңізші,Let
тақта,board
істеңдер,do
атамын,grandfather
ласпын,laspın
тездетіңдер,tezdetiñder
салайын,Let me
соңына,the end
көмектес,Help
күйе,moth
болғыларың,to become
өзгелердің,others
иеленбе,won the
түрін,kind of
ізде,Search
жақпайды,contraindicated
көресіңдер,You will see
жатсыңдар,jatsıñdar
ақылдым,smarter
қабатта,floor
жұлып,stripped
мысыққа,cats
айналдырайын,mAKE
дірілдейсің,vibrated
келек,I want to
алыпсың,giant
мадақтау,praise
мейрімді,kind
жанның,the soul
бастадың,began
сендейлерге,sendeylerge
жылауық,cysts
айналдырам,the circumference
ойлайтын,think
істемейсің,do not
жатыпішер,jatıpişer
арамтамақтар,parasitism
жетерлік,there are a lot
салсам,Exposing
беліңді,run the course
бүгіп,bend
жүретін,accompanied by
болшы,Please be on
осындасың,here
болғың,you want to
мұрныңды,your nose
торай,piglets
ісіне,the work
кетпесін,do not
күндегідей,as we know
бәрінен,first of all
басқасына,another
ауысамыз,have introduced
бармайды,do not go
лифтпен,Take the elevator
баруыңыз,go to
артымыздан,behind
қарама,Polarity
құрметтілер,respectable
мойында,recognition
әрең,barely
бөліп,Share
табанын,the sole
тетікті,mechanism
бассаңдар,If you press
тоқылдатуды,toqıldatwdı
бейбақ,loser
шуламаңдар,şwlamañdar
зейінсіз,inconsiderate
шомылдықта,şomıldıqta
елестер,ghosts
лайықтысын,would be perfect
осынша,so much
баласың,boy
қалдырдың,have you
төрт,four
паспортымды,passport
аманымда,amanımda
кетсем,Forget
себіңізді,help
тигізесіз,help
айтылған,referred to
елде,country
жатқаны,that
түсінігіңіз,understanding
молаларды,graves
қазғанды,dug
өліктерді,dead
крокодилдерге,crocodiles
көзімізді,eyes
бақырайтып,baqıraytıp
саяси,political
оппозицияны,opposition
аколи,akolï
лаңи,lañï
руларының,the tribes
мыңдаған,Thousands of
әскер,military
таңғы,breakfast
адамадары,adamadarı
күтте,waited
қуырдақ,roasts
кемпірлерді,old
жүруім,walk
қайтайық,let's take
алдыртты,brought
ники,Nicki
артымнан,me
әдайым,ädayım
осыған,this
көрсетпейін,Do not show
шешті,decided to
құтылудың,get rid of
амалын,approach
ойлауың,reasonable to assume
құлақ,ear
асады,more than
нашарлағанша,the deterioration
күтем,Waiting
ендігі,the next
емеспе,is not it
болғанша,until the
шешемнің,mother
дастархан,table
бейнемізді,beynemizdi
жейсіз,eat
болуым,to be
жасырмақшы,cover
қатырмайды,Freezes
безгің,fever
орында,place
дәргерісің,därgerisiñ
нәрсеңді,what you
өлтір,kill
дейсіңдер,you say
бұрыс,wrong
азамат,citizen
құқығын,the right
бұзушылықтар,violations
себебінен,because
айларда,months
тіптен,even
нашарлап,worsened
тоқтатылуға,termination
қалғандары,the rest
қиынддап,qïınddap
айыптап,accused of
саясатын,policy
мемелекеті,memeleketi
уәдесін,his promise
бұзды,has violated
шығаруды,the release of
құқығыңды,rights
басын,head
құқығым,right
маймылға,monkeys
команда,team
аямайды,spare
досың,friend
елінің,the country
қамын,take care of
жасамақшы,will
айди,"ID,"
ылғи,always
мыннан,RISING
шығаршы,released
алдымен,primarily
түсер,enteringindicators
жасауың,make
атайтынын,claim
маймылы,maymılı
қорғанысың,defenses
маймылдарға,monkeys
паспорттарын,passports
ұстата,Keep
салмаймыз,do not
қолдары,the signatures
қанға,the blood
малынған,soaked in
азаматпын,are human
ұйғарып,decided to
болмауым,not be
өлтірмекпісің,öltirmekpisiñ
қиынырақ,more difficult
келісімін,consent
жасады,did
пеницилин,Penicillin
білуім,I need to know
оңтүстік,south
әріптестерімізбен,our colleagues
инда,Indus
кездесу,meeting
ұйымдастырыңыз,organize
иемдену,the acquisition of
анықталған,identified
тікелей,directly
демеймін,say
қоштасуға,to say goodbye
көшірме,copy
сыңарым,twin
миенга,mïenga
құйып,pour
қойғандай,already
сымбатты,slim
келісіп,agreed to
келбетің,look
сену,believe
басқалары,others
десіп,desip
иемденіп,possession
зомбылықпен,violence
бересің,Will
түсіндіріп,explain
зыя,zıya
біраздан,a little while
мақала,article
жазған,Post
кездесем,met
қосыларсың,added
мәселеге,issue
түсірерсің,tüsirersiñ
қосылам,Added to
шамасы,The value of
министірді,Minister of
көру,to see
ханымның,Ms.
танзанияға,Tanzania
сірә,obviously
жүз,hundred
мың,thousand
фунт,pounds
стерлинг,sterling
қаржысын,funds
қашқындарына,qaşqındarına
әдемісің,beautiful
қауіпсіздігім,safety
масанганың,masanganıñ
алдамасаңшы,aldamasañşı
білмегенсіп,not knowing
өлімін,mortality
тілегенім,Volunteer
білгің,to know
жүрегіне,the heart of
баттың,Butt
қабыл,accept
көңіл,interest
көтеру,raise
беттимен,bettïmen
танысытырғым,tanısıtırğım
джой,Joey
сіңілісі,sister
демалыста,vacation
көңіліңді,wife
аулайды,preyed
басталсын,Start with
угандалық,Ugandan
ковбойлар,cowboys
ойламаған,do not think
боларсың,You may have
қаржы,finance
құрмаса,formed
капитан,captain
болма,Do not be
табыстар,income
жоспары,plan
тапқыр,resourceful
айналайын,Dear
кеткелі,going
жатсың,are going to leave
бірде,no
айтатындығымды,aytatındığımdı
васваның,vasvanıñ
қайту,come back
біткен,complete
бітіруге,to finish
келгенім,all the
орнатуға,to set up
антым,The Oath
дәрігерлік,medical
сақтау,storage
анты,Oath
жоқтан,nothing
боқ,boq
ұятың,conscience
секілдімісің,sekildimisiñ
сандалып,rot
шағамды,şağamdı
шотландияданмын,şotlandïyadanmın
сізбе,sizbe
ішерлер,food
сүтін,milk
жаздың,summer
бетпақ,insolent
өткізер,hand
денең,your body
дүршіккеннен,dürşikkennen
айтуынша,According to
жынысы,sex
тамағына,the throat
медицина,Medicine
тұрғысынан,in terms of
ауытқушылықтардың,anomalies
себебім,because
әкелдім,brought
қолымыз,we
кетпекші,leave
дер,timely
әуе,air
жайға,mail
француз,French
ұшағын,plane
полестиналықтар,polestïnalıqtar
қашпты,trying to escape
қоныпты,qonıptı
ұсынып,offering
дүние,world
болуды,to become a
патша,king
аштық,hunger
халқы,People of
машиналар,machinery
айдап,incitement
британия,British
қорын,fund
аштым,opened
угандалықтар,wgandalıqtar
бергенді,giver
қалаймыз,want
англиядағы,England
тонна,ton
көкөніс,vegetable
жинадық,collected
экономикалық,economic
қиыншылық,trouble
ник,Nick
шотландияның,Scotland
патшасы,the king
ағылшындарды,"British,"
жеңгенімді,jeñgenimdi
көрді,see
істегенімді,done
ашына,desperation
көтерілістер,insurrections
жүзі,blade
жасайық,Let's do
эти,computer hardware
сәттен,the moment
түкір,Tukibay
түріңе,Give
құрмағанда,Single
африкаға,Africa
халықпен,the population
көңілімді,upset
көтерем,to do the
деппедің,deppediñ
ойлағаның,thought
ойыншық,toy
бәз,HRC
кәдімгі,ordinary
адамбыз,human beings
мәнісінде,In fact
өлімің,death
дәтің,could you
барды,Been
ұлттың,the nation
атасымын,his grandfather
ноколас,nokolas
көңілін,the attention of
возьмите,vozmïte
аударуда,translation
алыңызшы,Take
қалайсыздар,want
жолаушы,passenger
қаншауы,qanşawı
сионистер,Zionists
теледидар,television
камералары,cameras
тұтқындарды,prisoners
терминал,terminal
ғимаратына,the building
апарсын,drag
деңізші,say
пресса,press
сіздерге,you
медициналық,medical
дәрігерімді,därigerimdi
мындағы,here
жүрек,heart
мәселесімен,the problem
жіберілді,sent to
берудеміз,news provides
көрінген,it seemed
адамсыңдар,bad men
көрінбеген,undiscovered
дәрісі,lecture
меірбике,meirbïke
сауып,Things to Do
наразышылық,narazışılıq
менсінбеймін,mensinbeymin
клиникалық,clinical
жасау,create
таппасаң,do not see
жасатам,Smoothing
істеймін,will do
істесең,If
істемеші,does not
табам,set aside
үйден,home
ертемен,morning
жасаймыз,I will do
әйелі,wife
мулагода,mwlagoda
госпиталі,Hospital
білдірмей,Unbeknownst
жасар,year-old
ауылдағы,in rural areas
барсын,leopard
амал,approach
кіріп,visit the
шыға,go out
қоймас,unlikely
еркек,man
жасашы,Create
әйелмен,woman
істейміз,do
істерде,affairs
тамақтандыруды,catering
ойламайды,take care
дәртің,passionate
бұйрықтарыңда,orders
кіре,access to the
алмайсыңдар,You can not
туысқандарымызды,relatives
адамдарыңды,who are
шағымданам,complains
дұрыспысың,durıspısıñ
жеткізем,to making
адамдарыңа,men
көмектеспекшісің,kömektespekşisiñ
түснем,tüsnem
жіберсең,If you send
экономикасы,economy
құлдырайды,fall
үстіне,"In addition,"
елдегі,country
беделіңе,reputation
зиян,harm
тигізесің,This gives
азаттық,freedom
баладан,child
қызғанады,the midst of
көргісі,want to see
ұйқы,Sleep
шақыр,invite
көңілінен,to taste
екендігіңді,Are
николасым,Nicholas
қайтер,PLAY
ештеме,none
қайтаратын,returns the
қайтадан,again
келу,Arrival
қалуың,stay
прес,press
конференцияда,the conference
көпшілік,majority
өлтірулер,killings
есептері,reports
сөйлестіңдер,söylestiñder
британдықтармен,brïtandıqtarmen
іздеңдер,Seek
өсекті,gossip
таратады,distributes
қолдайтын,supports
расисті,racist
тәртіпті,order
сұхбатқа,the interview
сынып,class
бастайды,starts
өтіріктер,lies
газеттері,newspapers
американдық,American
газеттер,newspapers
канибал,kanïbal
канибалмын,kanïbalmın
жіберуім,submit
ендігәрі,again
баспасөзі,press
ауыруына,disease
ұйықтатын,to sleep
брдеңе,brdeñe
керектігін,should
істейтініңді,to do
азиаттарға,azïattarğa
тиме,Avoid touching
айтуың,word
айтқанмын,talking
табандылық,persistence
көрсетпедің,Do not show
табандылықпен,strongly
істуім,istwim
журналистерді,journalists
қума,chase
жаза,punishment
kazakh,kazakh