Russian,English
я,I
не,not
что,what
в,in
и,and
ты,you
это,this
на,on
с,from
он,he
мы,we
как,as
вы,you
да,Yes
мне,to me
у,at
нет,no
меня,me
так,So
но,but
а,a
его,his
все,all
она,she
тебя,you
о,about
если,if
за,per
бы,would
тебе,you
они,they
чтобы,that
же,the same
есть,there is
просто,simply
из,of
к,to
для,for
ну,Well
когда,when
хорошо,well
здесь,here
по,by
был,It was
знаю,I know
то,the
только,only
всё,all
было,It was
вас,you
может,can
нас,us
вот,here
от,from
быть,be
кто,Who
будет,will be
почему,why
вам,you
их,them
очень,highly
могу,can
уже,already
спасибо,Thank you
или,or
нам,us
еще,more
там,there
нужно,need to
сейчас,now
где,Where
чем,than
хочу,want
ничего,nothing
этого,it
была,It was
мой,my
ее,her
ладно,okay
знаешь,know
п,P
до,before
этом,this
потому,because
теперь,Now
думаю,I think
больше,more
её,her
со,with
раз,time
ему,him
надо,must
время,time
этот,this
ли,whether
ещё,more
пока,until
даже,even
привет,Hi
сказал,He said
себя,himself
должен,must
тоже,also
хочешь,want
давай,let's
что-то,something
никогда,never
эй,Hey
того,Togo
тогда,then
него,it
ни,or
тут,here
были,It was
конечно,of course
правда,true
об,about
моя,my
пожалуйста,you are welcome
тобой,you
сказать,to tell
сегодня,Today
один,one
лучше,better
можешь,can
сюда,here
мной,me
значит,so
сделать,make
всегда,always
дело,a business
можно,can
ей,to her
должны,should
порядке,order of
без,without
день,day
том,Tom
буду,I will
делать,make
хотел,I wanted
чего,what
эти,these
много,lot
после,after
этим,these
всего,Total
во,in
твой,is yours
ним,it
лет,years
боже,Christ
них,them
сэр,sir
ведь,after all
мистер,Mr
жизнь,a life
потом,then
ней,her
такой,such
который,which the
всех,all
через,across
им,them
возможно,perhaps
немного,Little
такое,this
слишком,too
себе,himself
зачем,what for
должна,must
моей,my
люди,people
знаете,you know
этой,this
думаешь,think
свою,its
точно,exactly
человек,man
твоя,yours
под,under
сказала,He said
назад,ago
из-за,due to
эту,this
можем,can
случилось,It happened
мама,mum
мог,could
вместе,together
отец,father
сделал,did
мои,my
кажется,it seems
друг,friend
куда,where to
никто,nobody
поэтому,so
эта,this
которые,that
два,two
тот,the
сколько,how much
понимаю,I see
снова,again
жизни,life
нравится,like
людей,of people
помочь,help
видел,saw
люблю,love
хочет,wants
место,a place
знать,know
кто-то,someone
прости,sorry
отлично,fine
похоже,seem to be
парень,guy
домой,home
всем,all
деньги,money
иди,go
времени,time
дома,at home
именно,exactly
доктор,doctor
думал,thought
говорил,spoke
делаешь,do
будем,will
прямо,straight
стоит,costs
поговорить,talk
найти,to find
разве,really
слушай,hear
своей,his
лишь,only
ага,aha
можете,can
простите,sorry
хотела,I wanted
сам,himself
что-нибудь,anything
тем,the
будешь,will
прошу,I beg
три,three
деле,actually
хотите,want to
говорить,talk
давайте,let's
совсем,all
знал,I knew
знает,He knows
какой,which
моего,my
скажи,tell
дом,house
дела,affairs
вами,you
свои,their
ж,Well
говорит,is talking
несколько,several
должно,must
про,about
ваш,your
происходит,is
жаль,sorry
туда,there
действительно,really
папа,dad
завтра,tomorrow
оно,it
черт,heck
одна,one
перед,front
наш,our
уверен,sure
отсюда,here
нужна,need
самом,the
тех,those
нужен,need
свой,his
мою,my
кого,whom
верно,right
работу,work
каждый,each
твоей,your
будут,will
хватит,enough
понял,I understood
нее,she
уж,really
имя,name
против,vs
кое-что,something
пор,then
чём,than
раньше,before
говорю,I say
более,more
надеюсь,hope
итак,so
при,at
ваша,your
вообще,at all
пошли,gone
мать,mother
нельзя,must not
наверное,probably
нами,us
твои,yours
могли,could
дай,give
ради,for
всю,all
ребята,guys
ко,to
хотя,although
понимаешь,know
идти,go
этих,these
откуда,from whence
такая,this
ясно,clear
другой,other
извините,excuse me
вижу,I see
видеть,see
над,above
могут,can
равно,equally
мисс,Ms.
скоро,soon
будто,allegedly
зовут,call
виду,mind
наши,our
думала,thought
послушай,Listen
между,between
своего,his
вопрос,question
этому,the
почти,nearly
года,of the year
человека,man
которая,which
подожди,wait
руки,arms
нормально,fine
такие,such
возьми,take
минут,minutes
извини,sorry
вещи,things
могла,could
смотри,look
хоть,though
работа,Job
пару,pair
сын,a son
ваше,your
дня,day
пора,time to
неё,it
жить,live
видишь,see
достаточно,enough
господи,Jesus
быстро,fast
твою,your
весь,all
убить,kill
ночь,night
говоришь,tell
собой,yourself
скажу,I tell
готов,ready
слышал,I heard
какая,what
посмотри,look
первый,first
самое,most
видела,seen
пусть,let
месте,place
нашли,found
сказали,told
плохо,badly
смогу,I can
ваши,your
отца,father
детей,children
знаем,we know
рад,glad
прав,rights
никаких,any
имею,I have
миссис,Mrs.
иногда,sometimes
смерти,of death
своих,own
пойду,go
брат,brother
вроде,like
рядом,nearby
мир,world
произошло,happened
которую,which
сделала,done
говорила,I told
знала,I knew
мое,my
одного,one
таким,this
помощь,help
такого,this
кем,by whom
насчет,about
вчера,yesterday
случае,case
увидеть,see
нашей,our
говорят,they say
правильно,right
убил,killed
одно,one
пойти,go
друга,friend
сама,itself
долго,long
работать,work
дверь,a door
делает,makes
женщина,woman
важно,important
кроме,Besides
будь,whether
собираюсь,I am going
вашей,your
нужны,need
здорово,awesome
номер,number
проблема,problem
проблемы,Problems
денег,money
чёрт,heck
хороший,good
твоего,your
одну,one
дальше,further
вернуться,return
давно,long
последний,last
ночи,night
узнать,discover
уверена,confident
машину,car
права,the rights
пять,five
моих,my
также,also
тому,that
вечером,in the evening
дети,children
опять,again
вообще-то,actually
серьезно,Really
работает,works
своим,his
сначала,at first
две,two
одной,one
моим,my
те,those
жена,wife
думаете,think
помнишь,remember
глаза,eyes
ними,them
чувак,dude
ночью,at night
чувствую,I feel
взять,take
сразу,at once
утром,morning
часть,part
придется,have to
стать,become
идея,idea
дорогая,expensive
прекрасно,perfectly
слова,the words
сделали,done
видели,We have seen
наша,our
сердце,heart
помню,I remember
парня,Man
момент,moment
утро,morning
здравствуйте,Hello
стал,I became
скорее,rather
ох,Oh
большой,large
кто-нибудь,anyone
часов,hours
год,year
друзья,friends
сильно,strong
говори,tell
смысле,sense
которой,which
уйти,escape
которого,whom
капитан,captain
работы,work
любовь,love
дочь,daughter
новый,new
боюсь,I'm afraid
имеет,It has
стой,avast
дней,days
той,that
голову,head
ах,Oh
столько,so many
понятно,understandably
дать,to give
девушка,girl
довольно,pretty
доме,house
вечер,evening
оба,both
пойдем,let's go to
увидимся,I'll see you
шанс,chance
хорошая,good
прежде,before
сделаю,make
какого,of
быстрее,faster
понять,understand
рассказать,tell
вашего,your his
бог,the God
интересно,interesting
затем,then
умер,died
обо,about
никого,no one
парни,guys
самый,most
твое,your
вон,out
пришел,I came
чтоб,to
поверить,to believe
слово,word
будете,will
нашел,found
милая,Pretty
странно,strangely
какие,what kind
ой,Oh
та,that
однажды,one day
сможешь,can
получить,get
обычно,usually
ума,crazy
полагаю,I think
алло,Hello
посмотреть,look
иначе,otherwise
наших,our
тело,body
хотели,like to
свое,his
пришли,came
моё,my
другие,other
выглядит,looks
подумал,thought
лицо,face
приятно,pleasantly
мам,moms
говорите,tell
обратно,back
нашего,our
телефон,telephone
мире,world
честь,honour
господин,Mr.
доброе,good
план,plan
другом,other
час,hour
джон,John
пути,ways
делал,done
типа,type
посмотрим,we'll see
насколько,to what extent
пытался,tried to
правду,the truth
решил,I decided
поздно,late
нем,it
работе,the
любит,loves
хотят,want
кому,whom
сестра,sister
какой-то,some
места,seats
кого-то,someone
скажешь,tell
следующий,following
других,other
получил,received
кстати,by the way
говорили,said
пришла,came
безопасности,security
рада,glad
когда-нибудь,someday
город,city
внимание,Attention
кофе,coffee
которое,which
вся,all
семья,a family
конец,end
позже,later
дал,I give
думать,think
спать,sleep
вернулся,I returned
остаться,stay
некоторые,some
кровь,blood
оружие,weapon
пришлось,I had
хуже,worse
дорогой,expensive
полиция,police
сможем,can
понимаете,know
четыре,four
которых,which
ужасно,terribly
ждать,wait
способ,way of
делаю,I do
готовы,ready
совершенно,completely
смотреть,look
вернусь,I come back
большое,great
единственный,only
вперед,forward
часа,hours
где-то,somewhere
муж,husband
идет,is
таких,such
ребенка,child
машина,car
стороны,sides
смог,smog
сына,son
играть,play
сами,themselves
верю,trust
честно,fair
нашла,found
звучит,sounds
угодно,anything
как-то,somehow
руку,hand
начала,beginning
перевод,transfer
какое,what
взял,I took
станет,will
пытаюсь,I try
внутри,within
знали,knew
новости,news
добрый,kind
подождите,Wait
скажите,tell
ребенок,child
вашу,your
мальчик,boy
осталось,left
делаете,You do
году,year
мере,least
поняла,I understood
отношения,relations
далеко,long away
вокруг,around
хотим,we want
слышала,heard
двух,two
приятель,friend
никому,to nobody
мужчина,the man
неделю,week
вернуть,return
смерть,death
сих,now
ту,the
сможет,will be able
the,the
дайте,give
двое,two
видите,see
долларов,dollars
крови,blood
решение,decision
путь,way
следует,must be
неужели,really
около,near
готова,ready
семьи,families
идем,go
смотрите,look
круто,cool
история,history
вдруг,suddenly
спросить,ask
i,i
твоих,your
второй,second
вина,wine
джек,Jack
женщины,women
нашу,our
заткнись,Shut up
минуту,minute
собираешься,going
твоим,your
шоу,show
прощения,forgiveness
больно,painfully
машины,cars
пап,dads
трудно,difficult
постоянно,constantly
поможет,will help
проблем,issues
например,eg
дерьмо,shit
полиции,the police
начать,to begin
знают,know
лучший,best
добро,good
спасти,to rescue
рождения,birth
оставить,retain
чарли,Charlie
любишь,love
конце,end of the
забыл,I forgot
месяцев,months
часто,often
мило,nicely
комнате,room
нему,it
матери,mother
милый,nice
полностью,fully
школе,school
леди,lady
серьёзно,Really
убили,killed
случай,happening
джо,Joe
убийство,murder
послушайте,look here
посмотрите,look
пошел,I went to
никакого,no
сделаем,will do
говоря,speaking
неплохо,not bad
использовать,use
прошлой,last
иду,I go
узнал,I learned
прекрати,stop
чуть,slightly
держи,hold
невозможно,impossible
господа,gentlemen
слушайте,hear
наше,is our
машине,car
сэм,Sam
свет,shine
образом,manner
иметь,have
другое,other
другого,another
шесть,six
людям,people
погоди,wait a minute
имени,behalf
детка,baby
недели,of the week
меньше,less
легко,easy
крайней,extreme
девочка,girl
придётся,have to
мало,few
ненавижу,hate
you,you
последние,recent
насчёт,about
выглядишь,are looking
сообщение,message
думает,thinks
друзей,friends
обещаю,promise
агент,agent
вместо,instead
последнее,last thing
самого,himself
настолько,so
ответ,answer
детектив,detective
понятия,concepts
родители,parents
показать,show
поехали,go
стало,It was
мэм,ma'am
своими,his
всей,all
очевидно,obviously
помогите,Help
маленький,small
школу,school
пожаловать,grant
твоё,your
либо,or
забрать,pick up
прошло,gone
особенно,special
имеешь,you have
истории,stories
эм,Em
вопросы,questions
большая,greater
минутку,moment
пол,floor
остановить,stop
чему,which
свидания,goodbye
обязательно,necessarily
городе,town
убийца,killer
сделай,Do It
a,a
ваших,your
любви,love
спокойной,calm
б,b
своё,his
мадам,madam
идите,go
выйти,go out
делают,make
немедленно,immediately
делай,do
возможность,opportunity
человеком,man
бывает,it happens
ужин,dinner
моем,my
купить,buy
позвонить,call
наконец,finally
стала,became
любой,any
клянусь,I swear
смешно,funny
абсолютно,absolutely
всему,around
переводчики,translators
забудь,forget
секунду,give me a sec
выбор,selection
тысяч,thousand
потерял,I lost
майкл,Michael
волнуйся,worry
ноги,legs
таком,that
настоящий,present
означает,means
встретиться,meet
известно,it is known
работаю,working
замечательно,wonderful
любом,any
оставь,leave
связи,communication
боль,pain
выпить,drink up
представить,imagine
убийства,of murder
малыш,kid
умерла,dead
воды,water
окей,okay
речь,speech
хорошие,good
поводу,the
перестань,stop doing that
увидел,had seen
повезло,lucky
президент,the president
мужик,muzhik
которым,which
прошлом,the past
дам,ladies
десять,ten
умереть,die
поговорим,talk
отцом,father
искать,search
тихо,quiet
оставил,leave
пистолет,pistol
начал,began
сложно,complicated
города,cities
неделе,week
хотелось,I wanted
принять,to accept
историю,history
босс,boss
держать,Keep
пойдём,let's go to
подумала,thought
фильм,movie
слышишь,hear
рано,early
удачи,good luck
еду,food
словно,like
причина,cause
пришёл,I came
э,e
компании,company
спокойно,quietly
работал,worked
подумать,think
вести,lead
вещь,thing
брата,brother
конца,the end of
получится,succeed
блин,pancake
право,right
ввиду,in view of
бога,god
по-моему,to my mind
подарок,gift
комнату,room
мира,world
успокойся,calm down
позволить,allow
моему,my
идёт,goes
самая,the most
рассказал,I told
курсе,course
намного,much
мистера,Mr.
женщин,women
тяжело,heavy
ух,ooh
предложение,sentence
одним,a
счет,score
улице,street
другим,other
уходи,go away
майк,Mike
среди,among
помоги,help
получилось,happened
месяц,month
проверить,verify
генри,Henry
голос,vote
позвольте,let me
стороне,party
вероятно,probably
случится,will happen
уверены,sure
мужа,husband
питер,Peter
провести,conduct
людьми,people
наконец-то,at last
неважно,never mind
нашёл,found
м,m
доктора,the doctors
месяца,of the month
игра,a game
идём,go
нём,it
джордж,George
познакомиться,become acquainted
возьму,take
слышали,heard
пошла,gone
корабль,ship
чувствуешь,feeling
позволь,allow me
сторону,side
игры,games
согласен,I agree
письмо,letter
вниз,down
молодец,well done
наверняка,for sure
утра,morning
вашим,your
нечего,there is nothing
встречи,meetings
вид,view
никакой,no
связь,link
список,list
такую,this
весело,fun
сидеть,sit
гораздо,much
собирался,I am going
впервые,for the first time
находится,is
объяснить,explained
полицию,police
решили,We decided to
семью,family
свидание,date
отличная,excellent
остальные,rest
прийти,to come
руках,hands
фбр,FBI
чувство,feeling
котором,which
решила,I decided to
понадобится,need
сынок,son
найду,I find
фрэнк,Frank
школы,school
чувства,feelings
дядя,uncle
стали,become
ушла,gone
первым,first
поверь,trust
расскажи,tell
хочется,I want to
девушки,girls
сон,sleep
имел,I was
каким,how
парнем,Man
многие,many
части,parts
ехать,go
считаю,I think
никуда,nowhere
голове,head
старый,old
оттуда,thence
чем-то,something
называется,It called
вопросов,issues
фото,Photo
пройти,pass the
заниматься,do
другу,friend
вернулась,returned
пара,couple
никак,in no way
девочки,girls
благодарю,thank
своем,its
недавно,recently
приехал,I arrived
глаз,eye
могло,could
становится,It is becoming
пыталась,I tried
является,is an
брось,drop it
богу,God
ы,s
нашим,our
помощи,help
волосы,hair
невероятно,unbelievable
одном,one
ушел,gone
джейн,Jane
to,to
тела,the body
недель,weeks
собирается,going
защитить,protect
всеми,all
существует,exists
жив,alive
первая,first
позвоню,call
благодаря,thanks
вперёд,forward
навсегда,forever and ever
помните,remember
земле,land
делу,cause
вполне,well
пытается,trying to
будущее,future
семь,seven
своему,his
ок,OK
идиот,moron
слава,glory
стоило,worth
удалось,succeeded
делаем,do
команда,team
главное,the main thing
огонь,Fire
дэнни,Danny
замуж,marry
начали,We started
мужчины,men
кого-нибудь,someone
силы,of force
семье,family
шеф,chief
суд,court
слышу,hear
тюрьме,prison
попробовать,try
друзьями,friends
алекс,Alex
вашем,your
новая,new
маленькая,small
черта,feature
придет,will come
страшно,scary
услышать,hear
новые,new
общем,generally
звонил,call
купил,I bought
понравится,like
близко,close
самой,most
смысл,meaning
хорошее,a good
любил,I loved
сара,Sarah
единственная,only
делали,done
макс,Max
мэри,Mary
жду,forward
получается,obtained
хорошего,good
эми,Amy
дамы,ladies
жену,wife
гарри,Harry
неправильно,wrong
стоять,to stand
плевать,spit
ключ,key
верить,believe
лично,personally
слышать,hear
взяли,have taken
поздравляю,Congratulations
пить,drink
заставить,make
получили,got
рот,mouth
делала,done
преступления,crimes
двери,doors
землю,ground
разумеется,of course
очередь,queue
первой,first
разговор,conversation
видимо,apparently
звонок,call
джеймс,James
s,s
менее,less
нового,new
получила,received
хм,huh
подальше,out
какая-то,some
сможете,can
похож,like
состоянии,a position to
необходимо,must
адвокат,lawyer
касается,As for
секунд,seconds
стоп,Stop
дали,gave
оставаться,stay
сделает,make
ходить,walk
помощью,assistance
хватает,missing
изменить,amend
король,king
народ,people
новую,new
девушку,Woman
живет,lives
секс,sex
сделаешь,do
думали,thought
нашем,our
попасть,get
каждого,each
другую,another
просил,I asked
пошёл,I went to
войны,war
случайно,by chance
игру,game
мертв,dead
держись,hold on
забыла,I forgot
цель,target
минуты,minutes
месье,monsieur
выше,above
однако,However
женщину,a woman
раза,fold
мысли,thoughts
выход,output
платье,dress
вовсе,all
пришло,it
женой,wife
ребёнка,baby
сожалею,sorry
твоем,your
осторожно,Caution
смогла,could
этими,these
стану,will
маме,mother
парней,guys
нравятся,like
покое,alone
поехать,go
садись,sit down
миллионов,millions
отличный,a great
ребёнок,child
дочери,daughters
дороги,roads
ого,th
ха,Ha
нечто,something
первое,first
выяснить,to figure out
ник,Nick
информацию,information
офис,office
какое-то,some
записи,recording
лучшее,the best
течение,flow
вечеринку,party
убью,kill
годы,years
забыть,to forget
правила,regulations
сожалению,Sorry
какие-то,some
слов,words
джимми,Jimmy
дни,days
дала,He gave
жизнью,life
совет,council
занят,busy
кем-то,someone
попробуй,try
подруга,friend
расскажу,I tell
целый,all
красивая,beautiful
попросил,I asked
вышел,released
удар,hit
вещей,of things
адрес,the address
дэвид,David
оставьте,leave
сержант,sergeant
увидишь,see
виноват,is to blame
разница,difference
открыть,open
написал,I wrote
ждет,waiting for
новое,new
счастлив,happy
вау,wow
выбора,choice
продолжай,go on
задницу,ass
покажу,show
единственное,the only thing
доверять,trust
встреча,a meeting
убивать,kill
концов,ends
обоих,both
будьте,be
останется,will remain
тюрьму,prison
наверно,probably
ищу,seeking
момента,moment
обед,dinner
лица,person
видео,video
стойте,stand firm
взяла,took
подождать,wait
считает,considers
вечно,eternally
покажи,show
бен,Ben
книгу,book
многое,much
земли,earth
дел,of cases
какую,which
поскольку,because the
узнала,learned
сильнее,stronger
жены,wives
встречу,appointment
весьма,very
блядь,Fuck
поняли,understood
родителей,parents
оу,OU
лейтенант,lieutenant
глупо,foolishly
узнает,learns
думают,think
сезон,season
снаружи,outside
голова,head
мамой,mother
заняться,to do
кино,movie
вечера,evening
свете,light of
выйдет,will
восемь,eight
найдем,find
помогу,help
больницу,hospital
больнице,hospitals
магазин,score
тони,Tony
заметил,noticed
договорились,deal
слушать,listen
бизнес,business
примерно,about
уехать,leave
мамы,mother
позвонил,call
выходит,comes
когда-либо,ever
маму,mother
документы,documents
попал,hit
шаг,step
отпусти,let
смотрю,look
здравствуй,Hi
понравилось,liked
смогли,could
правы,right
большие,big
рассказала,He told
идут,go
готово,ready
плохой,bad
офицер,an officer
узнали,learned
скажет,tell
сюрприз,surprise
внимания,attention
вышло,came out
дорогу,way
считаешь,think
фотографии,photos
вода,water
делом,deed
каком,what
полный,full
следующей,next
доказать,prove
захочешь,want
книги,books
война,war
планы,plans
мысль,think
веришь,trust
видно,it is seen
скажем,let us say
большинство,most
ребят,children
продолжать,continue
ранее,earlier
жертвы,victims
ближе,closer
качестве,quality
двигаться,move
написано,written
чувствовать,feel
хорош,good
любить,be in love
величество,Majesty
головы,head
дороге,the road
попросить,ask
времена,time
подумай,think
забавно,amusingly
главный,main
внизу,down below
каждую,every
остался,remained
вставай,wakey
мнение,opinion
твоему,thy
часы,clock
вряд,unlikely
постой,billeting
сомневаюсь,doubt
отдай,give
вечеринка,a party
ошибка,error
приехали,arrived
бросил,threw
вернется,return
профессор,Professor
любят,love
ключи,the keys
подходит,suitable
беги,run
ничто,nothing
поле,field
вышла,out
открой,open
воду,water
сексом,Intercourse
музыка,music
побери,hell
бабушка,grandmother
собираемся,re going
несмотря,despite
госпожа,Mrs.
стране,country
b,b
рэй,Ray
отдать,pay
трубку,tube
сил,forces
кончено,over
другая,other
комната,room
ричард,Richard
o,o
сердца,hearts
кому-то,someone
опасности,danger
сша,USA
закончить,complete
детьми,children
врач,doctor
живу,live
имеете,You have
команды,commands
пожалуй,perhaps
роль,role
порядок,order
группа,Group
встретимся,meet
кольцо,ring
самые,most
позвони,Call
всём,all
вверх,up
разговаривать,speak
джим,Jim
закон,law
мужчин,men
шутишь,joking
играет,plays
хорошим,good
новой,new
начнем,start
ухожу,leaving
член,member
такси,Taxi
серия,series
днк,DNA
получше,better
убила,killed
настоящая,real
молодой,young
эмили,Emily
показания,testimony
одному,one
шутка,joke
уходить,leave
снять,shoot
недостаточно,insufficiently
каких,what
кейт,Kate
одни,some
разобраться,understand
язык,tongue
едем,going
директор,director
сто,one hundred
энди,Andy
учитывая,Considering
спросил,I asked
днем,in the afternoon
первого,the first
джей,DJ
чего-то,something
когда-то,sometime
наверху,upstairs
говорим,We are talking
счастлива,happy
помог,helped
отцу,father
приходится,accounts
определенно,definitely
сигнал,signal
закончится,ends
помогает,It helps
группы,groups
моём,my
едва,barely
легче,easier
t,t
ответить,reply
спустя,after
принести,bring
секрет,secret
приказ,order
де,de
опасно,dangerous
позволю,allow
билли,Billy
бросить,throw
телефону,telephone
самых,most
эдди,Eddie
получишь,get
господь,Lord
внутрь,inside
компания,company
прекрасный,beautiful
томми,Tommy
такими,these
and,and
пойдет,will go
женщиной,woman
работаешь,working
большую,great
волнует,worries
рук,hands
память,memory
старик,old man
избавиться,escape
квартиру,apartment
закончили,finished
информация,information
встречаться,meet
удовольствием,pleasure
спас,saved
мозг,brain
читать,to read
ким,kim
чертовски,devilishly
стол,table
джонни,Johnny
ублюдок,bastard
дон,Don
тысячи,thousands
боб,bean
ложь,Lying
it,it
ёто,oto
потеряла,lost
взглянуть,glance
писать,write
мен,Maine
увидела,saw the
передать,transfer to
войти,to come in
везде,everywhere
бобби,Bobby
кое,something
солнце,the sun
устал,weary
сделку,deal
настоящее,the present
потеряли,lost
мм,mm
класс,class
смотрел,looked
держите,keep
закончил,finished
марк,Mark
джерри,Jerry
потрясающе,breathtakingly
обещал,He promised
убедиться,make sure
скажете,tell
факт,fact
уничтожить,destroy
страны,countries
учитель,teacher
полно,full
начинается,begins
бежать,run
операции,operations
сукин,bitch
ошибку,a mistake
украл,stole
данные,data
двоих,two
света,Sveta
запах,smell
придурок,moron
найди,find
лучшая,best
вернулись,returned
убирайся,get out
боишься,fear
окно,window
убийстве,killing
ситуации,situation
костюм,costume
казалось,it seemed
доказательства,proof of
обсудить,discuss
жил,I lived
принимать,take
море,sea
оставила,leave
судя,judging
штука,thing
ситуация,situation
возможности,capabilities
следы,footprints
генерал,Gen.
рождество,Christmas
платить,to pay
пытались,tried
забрал,took away
эрик,Eric
самым,most
великолепно,sumptuously
песню,song
билл,Bill
помогать,to help
по-прежнему,still
новость,news
силу,force
жертва,victim
баксов,bucks
другими,other
обожаю,adore
достать,get
вовремя,during
появился,appeared
кларк,Clark
тише,hush
одежду,clothes
приходит,comes
расследование,investigation
зато,but
девушкой,woman
яйца,eggs
зависит,It depends
принадлежит,belongs
согласно,according to
предложить,offer
уровень,level
любила,I loved
вашему,your
собака,dog
знак,sign
чисто,purely
срочно,urgently
начало,Start
вне,out
клуб,club
искал,I sought
собираетесь,going
души,the soul
расслабься,Relax
супер,super
ждал,I waited
неправда,not true
доступ,access
куча,heap
туалет,restroom
знакомы,familiar
офисе,office
сука,bitch
слегка,slightly
ждут,are waiting
песня,song
наверх,upstairs
небольшой,small
анна,Anna
красиво,beautifully
запись,record
причины,causes
работала,I worked
ч,h
состояние,state
белый,white
зайти,go
дважды,twice
думай,think
центр,center
дружище,buddy
исправить,fix
джейк,Jake
использовал,I used
идешь,going
желание,a wish
книга,book
многих,many
разные,various
полковник,Col.
оказался,turned
идеи,ideas
добраться,get
нос,nose
возьмите,take
матерью,mother
суда,vessels
каково,what
сила,force
уходите,leave
рука,arm
повсюду,everywhere
лучшие,best
сделано,done
взгляд,sight
наркотики,drugs
бери,take
судья,referee
чушь,nonsense
плохая,bad
система,system
практически,practically
выходные,weekend
лили,Lily
суде,court
еда,food
док,dock
узнаю,learn
нож,knife
написать,write
собиралась,I am going
чай,tea
о.,about.
глазах,eyes
остальное,rest
брак,marriage
представляешь,idea
остальных,others
мимо,by
поеду,go
потерять,lose
старые,old
звук,sound
частью,part
приехала,has arrived
нет-нет,no no
даст,will
спит,sleeps
пытаешься,try
выглядеть,to look like
беременна,pregnant
увижу,I see
спал,I slept
вкус,taste
крис,Chris
поезд,a train
пиво,beer
уехал,left
устроить,to arrange
радио,radio
обе,both
команду,team
безумие,madness
решить,decide
солдат,soldier
ме,IU
мальчика,boy
короля,King
проще,easier
особо,specially
х,x
ребенком,child
дедушка,granddad
мертва,dead
церкви,churches
результаты,results
имена,names
беспокойся,worry
неприятности,trouble
камеры,camera
отправить,to send
брайан,Brian
здание,building
шон,sean
возле,near
защищать,protect
плохие,bad
работают,work
нью-йорк,New York
называть,call
третий,third
способен,capable
удивительно,surprisingly
смысла,meaning
долг,debt
боли,pain
клэр,Clare
первую,first
стыдно,shame
случиться,happen
сестры,sisters
называют,call
райан,Ryan
счёт,score
слушаю,listen
мартин,Martin
возвращаться,return
выбрал,selected
черту,hell
инспектор,inspector
земля,Earth
оказалось,it turned
сходить,descend
головой,head
плюс,a plus
оружия,arms
музыку,music
явно,clearly
сказано,said
назвал,He named
стрелять,shoot
своём,his
столь,so
ушли,gone
последняя,latest
лицом,face
решать,solve
остались,remained
по-настоящему,for real
заплатить,pay
разу,ever
жене,wife
даю,I give
центре,center
началось,started
президента,president
сообщить,to report
кучу,heap
чтo,chto
звали,named
принял,I took
придёт,will come
рода,kind
справиться,cope
поцелуй,kiss
по-другому,differently
сбежал,He fled
еды,food
встречались,met
прошла,I passed
команде,team
оставлю,leave
ищем,are looking for
согласна,agree
останусь,stay
тест,test
прошлое,past
смотришь,look
код,the code
двумя,two
шучу,just kidding
человеку,person
выбраться,out
следовало,should
продать,sell
нe,ne
которому,which
звонила,phoned
поставить,put
клиент,customer
здоровье,health
прочь,away
приду,Attending
держу,hold
поговорю,talk
похожа,like
рассказывать,narrate
играл,I played
стив,Steve
заставил,forced
встретил,met
по-твоему,in your opinion
самолет,plane
кости,bones
сбежать,elope
прекратить,terminate
уйду,leave
ъ,b
принесу,will bring
власти,authorities
ушёл,gone
остается,remains
постели,bed
вернись,come back
впереди,ahead
захочет,wants
реально,really
двадцать,twenty
квартире,apartment
маленькой,small
важное,an important
ешь,eat
бар,bar
жива,alive
дает,It gives
завтрак,breakfast
любовью,love
зря,for nothing
полицейский,policeman
принес,brought
ƒа,ƒa
мария,Maria
страшного,worry
устала,weary
прекратите,stop
убери,take away
нравишься,likes
заходи,come on
энни,Annie
сработает,work
старая,old
скучаю,miss
заявление,statement
плохого,bad
поймать,to catch
ответственность,a responsibility
прощай,goodbye
девять,nine
осталась,remained
наедине,alone
выбрать,select
обвинения,accusations
все-таки,nevertheless
ммм,mmm
that,that
компанию,company
поедем,go
цветы,flowers
имела,I had
ждёт,waiting for
камеру,camera
новых,new
преступление,a crime
трех,three
кусок,a piece
пропал,missing
посмотрю,look
медленно,slow
душу,soul
получит,get
рады,glad to
значения,meaning
забрали,took
пойдешь,go
сохранить,retain
привести,lead
видит,sees
информации,information
войну,the war
письма,writing
бумаги,paper
холодно,cold
руками,hands
томас,Thomas
упал,down
моими,my
отношение,attitude
карл,Charles
ма,ma
операция,operation
судьба,fate
of,of
любимый,favourite
задать,ask
папочка,daddy
внезапно,suddenly
временем,time
представляю,I represent
церковь,church
решения,solutions
чувствовал,felt
чудесно,wonderful
специально,specially
маленькие,small
дурак,fool
ад,hell
мальчики,boys
начинает,starts
компьютер,a computer
станешь,will become
продолжайте,go ahead
роберт,Robert
урок,lesson
кровью,blood
глазами,eyes
занимается,deals
линии,lines
люк,Luke
брать,take
давать,give
вновь,again
трое,three
девушек,girls
чё,Th
услышал,heard
вызвать,cause
работали,worked
позвонила,call
бороться,fight
остановись,stop
вариант,option
послал,sent
назвать,call
просила,I asked
ход,course
положение,position
вернемся,return
уходим,leave
уилл,Will
связано,related
каждой,each
звонит,rings
роман,novel
миру,peace
беспокоит,worried
кэтрин,Catherine
номера,number
комнаты,rooms
прекрасная,beautiful
победить,beat
правительство,government
ищет,looking
систему,system
попросила,I asked
операцию,surgery
ногу,leg
поступил,entered
прошлый,last
живёт,lives
герой,hero
воздух,air
живут,live
читал,read
адвоката,lawyer
поступить,do
поможешь,help
адам,Adam
люси,Lucy
чудо,miracle
разных,different
школа,school
курс,course
c,c
отель,hotel
задание,the task
приехать,come
умру,die
телефона,phone
считать,count
ценю,I appreciate
мечты,dreams
родился,I was born
работой,work
вспомнить,recall
виде,form of
похожи,similar
слышите,hear
уходит,leaves
понимает,understands
угу,ugu
кровати,bed
умоляю,implore
срок,time
действовать,act
мужем,husband
извиниться,to apologize
пахнет,smells
дух,spirit
лучших,best
отдел,the Department
будущем,the future
большим,big
беспокоиться,worry
узнаем,learn
интервью,interview
скотт,scott
сыном,son
предлагаю,offer
убит,killed
болит,hurts
каждое,each
встретились,met
итоге,eventually
мяч,ball
закрой,close the
умею,I can
справлюсь,I manage
убедить,to convince
остановиться,stay
возвращайся,return
цели,goals
форме,form
сидит,is sitting
королева,queen
дождь,rain
отдал,gave
бывший,former
едет,rides
во-первых,At first
танцевать,dance
пива,beer
причин,reasons
обязан,must
проклятье,curse
колледж,college
мозга,of the brain
оставайся,stay
системы,system
карты,cards
просить,ask
садитесь,sit down
хорошей,good
душ,shower
смогут,can
камень,a rock
волнуйтесь,worry
страну,country
звонить,call
проводить,spend
ура,Hurrah
мёртв,dead
смотрит,looks
детям,children
мужчиной,man
труп,dead body
вино,wine
армии,army
убивал,kill
вкусно,delicious
заставляет,makes
любое,any
которыми,which
твоём,thine
малышка,baby
эбби,Abby
правило,rule
кровать,bed
кабинет,study
чарльз,Charles
баре,bar
действия,actions
ситуацию,the situation
убрать,clean
жениться,marry
ходил,went
джона,John
исчез,disappeared
келли,kelly
погиб,died
зрения,of view
счастье,happiness
желаю,wish
давление,pressure
душе,heart
м-р,m-r
взгляни,look
основном,mainly
прошел,I was
душа,soul
свадьбу,wedding
тюрьмы,jail
отдохнуть,relax
фунтов,pounds
встать,up
произойдет,happens
дженни,Jenny
миллион,million
святого,St.
глубоко,deep
сзади,behind
святой,St
подобного,like
предложил,proposed
пит,Pete
значение,value
отеле,hotel
позади,behind
идеально,ideally
занимаюсь,I do
занимался,engaged
нескольких,of a few
подобное,like
мозги,brain
несчастный,unhappy
рассказывал,I told
считаете,think
выходи,come outside
in,in
полной,full
нью-йорке,New York
свадьбы,wedding
мамочка,mammy
страх,fear
появится,will
банк,bank
носить,wear
отпечатки,prints
ничем,by nothing
чак,chak
возрасте,age
горжусь,proud of
выиграл,won
принесла,brought
встрече,meeting
нибудь,anything
приходить,to come
следить,follow
лео,Leo
ног,legs
лекарство,medicine
лучшим,best
тип,a type
умирает,dies
признать,recognize
воспоминания,memories
имеют,have
защиты,protection
билет,ticket
выпьем,drink
работаем,working
купила,I bought
выиграть,win
трогай,touch
магазине,shop
красный,red
петь,sing
название,name
вытащить,pull
сестру,sister
отвечать,respond
отпустите,release
кевин,Kevin
контролировать,to control
чёрта,hell
власть,power
вторая,second
волноваться,worry
бросила,threw
спрашиваю,I ask
секса,sex
данный,the
l,l
красивый,beautiful
джентльмены,gentlemen
суть,heart
уши,ears
оставили,left
начинаю,I start
сотни,hundreds of
связаться,contact
окна,window
доброй,good
майор,Maj.
держаться,hold on
цру,CIA
штаны,pants
занята,occupied
отвали,Get lost
цвет,Colour
получу,I get
сидел,sat
случается,It happens
хозяин,master
учиться,study
некоторых,some
прошли,passed
погодите,hey
некоторое,some
братом,brother
считают,consider
новым,new
показалось,thought
целую,kiss
поблагодарить,give thanks
количество,quantity
лекарства,medicine
сумасшедший,crazy
расскажите,tell
ожидал,expected
элис,Alice
умрет,dies
грейс,Grace
слухи,gossip
участок,lot
улицу,street
классно,cool
животных,animals
изменилось,changed
странный,strange
передай,tell
ди,di
надеялся,I hoped
собственной,own
гости,guests
как-нибудь,somehow
дэн,Dan
контроль,the control
грудь,chest
братья,brothers
миль,miles
улики,evidence
огромное,great
замок,lock
данных,data
дому,home
районе,neighborhood
сядь,sit down
наоборот,conversely
богом,god
элли,alley
создать,create
закончилось,ended
отвечает,responds
побыть,stay
поесть,eat
умеешь,know how
лесу,woods
самому,to
алан,Alan
отправил,posted
деньгами,money
принеси,bring
таблетки,pills
ресторан,a restaurant
нашему,our
поверьте,trust
включая,including
живо,vividly
мужчину,man
придумал,invented
шериф,sheriff
хрена,horseradish
ханна,Hannah
собирались,going
половину,half
ён,yeon
забыли,forgot
сделайте,make
удовольствие,pleasure
стараюсь,I try
проходит,passes
спала,sleeping
автобус,bus
настоящие,real
me,me
узнаешь,learn
спроси,ask
лучшего,to be desired
придумать,come up
вечеринке,party
пользу,favor of
появилась,appeared
списке,list
лежит,is
живой,alive
счастливы,happy
понимать,understand
плохое,bad
любого,any
зубы,teeth
кухне,the kitchen
попытаться,to attempt
расскажешь,tell
буквально,literally
клиентов,clients
ван,van
копы,cops
no,no
великий,great
пяти,five
прием,reception
скучно,dull
приходил,coming
песни,songs
девчонка,gal
рукой,hand
попала,hit
джош,Josh
проект,project
бой,the battle
естественно,naturally
стивен,Stephen
всё-таки,after all
увидите,see
процесс,process
делайте,do
вызов,call
ниже,below
рейчел,Rachel
перерыв,break
дерьма,shit
принцесса,Princess
само,itself
врн,BPH
ненадолго,for a short time
радостью,gladly
ответил,replied
убьет,kill
тед,Ted
короче,shorter
провел,conducted
сесть,take
вечеринки,party
попробуем,try
теб,Teb
вернётся,return
разберусь,will deal
умный,smart
поймали,caught
ак,ak
кошмар,nightmare
днём,day
дорога,road
общего,common
жертв,victims
ведет,leads
очки,spectacles
барри,Barry
чикаго,Chicago
найдём,find
игре,game
официально,officially
попробую,try
какой-нибудь,some
энн,Ann
женат,married
совпадение,coincidence
начальник,Chief
убивает,killing
терпеть,bear
счастью,Fortunately
гей,gay
ну-ка,Come on
множество,a bunch of
убьют,will kill
болезнь,disease
свидетель,witness
тему,Thread
элизабет,Elizabeth
службы,services
положи,put
пригласить,to invite
бояться,fear
точки,point
голоса,vote
дин,din
собрать,gather
памяти,memory
хороша,good
думаем,think
пригласил,invited
классе,class
проверь,check
парню,guy
этo,IT'S
убийцы,the killers
вину,guilt
ю,Yu
харви,Harvey
больницы,hospital
смертью,death
всякий,any
принц,prince
бойся,fear
надеяться,hope
поднять,pick up
обнаружили,found
перестать,stop
отойди,Depart
покинуть,leave
чувствует,feels
нелегко,not easy
ими,they
m,m
оказаться,prove
жила,lived
избежать,to avoid
старший,older
представляет,presents
столе,table
ошибки,errors
половина,half
смей,you dare
заботиться,care
лаборатории,laboratory
любим,love
успокойтесь,take it easy
имеем,we have
последней,the last
вызывает,causes
важнее,more important
первые,first
убийцу,killer
полегче,easier
женщине,woman
жили,lived
позволил,allowed
груди,breast
праздник,holiday
умеет,can
присоединиться,join
черный,the black
опыт,experience
бред,rave
болен,is ill
су,sou
источник,a source
собираются,going
любимая,darling
куда-нибудь,somewhere
занимаешься,doing
каким-то,some
картер,crankcase
эмма,Emma
побольше,more
закрыть,close
ангел,angel
тренер,trainer
откройте,open
какие-нибудь,any
ветер,wind
остров,Isle
первом,first
семьей,family
интересует,interested
беру,take
уехала,gone
виновата,to blame
кэти,Katie
морган,Morgan
ищешь,looking
контракт,the contract
получите,get
телевизор,TV set
любите,love
попали,hit
местах,places
ненавидит,hates
целью,a view to
дольше,longer
полчаса,half an hour
согласны,agree
войне,war
осторожнее,cautious
замужем,married
звонки,calls
причине,reason
папой,dad
пойдёт,will go
роли,role
спишь,sleep
управлять,to rule
собаку,dog
бля,fucking
представь,imagine
глава,chapter
постель,bed
правде,truth
шум,noise
придут,will come
ударил,hit
схожу,I'll go
провели,conducted
начинать,start off
внимательно,carefully
пятницу,Friday
проходите,pass
кафе,Cafe
отказаться,refuse
поговори,talk
предупредить,to warn
свободу,freedom
т,t
переживай,worry
начнём,start
полная,total
руке,hand
улицы,streets
виски,whiskey
странное,strange
фил,Phil
артур,Arthur
карту,map
знаком,mark
словами,words
оказывается,is
звоню,call
уолтер,Walter
энергии,energy
познакомились,met
ларри,Larry
бежим,run
сквозь,through
шлюха,whore
ордер,order
капитана,captain
согласился,I agreed
мертвы,dead
класса,class
написала,I wrote
париж,Paris
страна,a country
умирать,die
зад,ass
счета,accounts
сильный,strong
ерунда,nonsense
дерево,wood
одолжение,favor
домом,house
колени,knees
выжить,to survive
ждала,I waited
грузовик,truck
заплатил,pay
путешествие,travel
узнают,learn
чек,check
билеты,tickets
достал,took
спину,back
останешься,stay
надолго,permanently
рак,crayfish
помощник,assistant
парк,a park
стены,walls
кое-кто,some
да-да,Yes Yes
сработало,It worked
ощущение,feeling
показал,He showed
полу,floor
находиться,be
девочек,girls
робин,Robin
карен,Karen
пёп,pop
любую,any
ќе,ќe
зная,knowing
сообщения,messages
именем,name
квартира,apartment
анализ,analysis
другому,another
совершил,done
оливер,Oliver
лошадь,horse
ответы,answer
готовить,prepare
г-н,Mr
субботу,Saturday
дышать,breathe
зла,evil
мэгги,Maggie
выгляжу,look
разрешение,resolution
девчонки,girls
хрень,crap
секундочку,wait a second
перезвоню,call back
миллиона,million
одиночку,alone
займусь,Clean
увидит,see
боится,fears
одновременно,simultaneously
использовали,used
спрашивал,I asked
лиза,Liza
врать,lie
отказался,He refused
цвета,colors
жертву,sacrifice
теми,those
куда-то,somewhere
метров,m
горло,throat
дворе,yard
пропала,missing
дитя,child
пошло,gone
небольшая,small
станции,station
чувствовала,feeling
бедный,poor
статус,status
поведение,behavior
начинай,start
ванной,bathroom
кабинете,office
немножко,a wee bit
извинения,regret
здания,building
удастся,succeed
виделись,seen
пытаемся,try
отпустить,release
спросила,I asked
выходить,go out
извиняюсь,sorry
свадьба,wedding
чего-нибудь,something
джесси,Jessie
марта,Martha
проверю,check
контролем,control
we,we
отвезти,take
доверяю,trust
найдешь,find
сражаться,fight
звезда,star
найдут,find
заберу,take away
лагерь,camp
ходит,walking
посреди,midst
звони,call
браво,Bravo
мишель,Michel
скорость,speed
использует,uses
заслуживает,deserves
заметила,noticed
спиной,back
где-нибудь,somewhere
прям,straight
возвращается,returns
положить,put
воскресенье,Sunday
чертов,fucking
мэтт,Matt
ть,be
камера,camera
впечатление,impression
оказалась,was
корабля,ship
мясо,meat
обсуждать,discuss
фильма,movie
нью-йорка,New York
разговаривал,I am talking
штата,State
результат,result
крайне,extremely
держит,keeps
доказательств,evidence
вселенной,the universe
признаться,admit
необходимости,necessity
детали,details
ќо,ќo
группу,group
грустно,sadly
штук,pcs
ком,ball
эндрю,Andrew
меч,sword
убей,kill
занять,take
одежда,clothes
бомба,bomb
on,on
чувствуете,feeling
кейси,Casey
поймал,caught
ящик,box
работаете,working
клубе,club
тоби,Toby
забудьте,Remember
живых,live
алиби,alibi
пройдет,will be held
проблему,problem
свободен,free
he,he
подойди,come
каждая,each
детстве,childhood
считал,thought
налево,left
помни,remember
девушке,girl
напоминает,recalls
дают,give
увидели,saw the
фильме,film
постараюсь,I try
потребуется,required
сестрой,sister
отношениях,relations
отношений,relations
доктором,doctor
джин,gin
надежда,hope
приедет,coming
личное,private
обычный,usual
изменился,changed
ужас,horror
салли,Sally
мэр,mayor
условия,conditions
ай,ouch
иисус,Jesus
ќн,ќn
научиться,learn to
играю,play
разрешения,permission
нашими,our
связаны,connected
пациент,a patient
обвинение,accusation
жди,expect
старше,senior
начну,start
старой,old
пропустил,I missed
палец,finger
my,my
позабочусь,take care
d,d
прошлого,of the past
сумку,bag
боялся,I feared
красивые,beautiful
простить,to forgive
найдите,find
франции,France
секреты,secrets
верите,believe
америке,America
ужасный,terrible
драться,fight
создал,created
гостей,guests
колледже,college
нигде,nowhere
заметили,noticed
молли,Molly
позаботиться,see
терять,lose
рисковать,to risk
отдела,department
след,track
золото,gold
волос,hair
простой,plain
доктору,doctor
отстой,sludge
будущего,of the future
ровно,smooth
собрались,gathered
совета,council
штуку,Unit
водой,water
саймон,Simon
спрашивать,to ask
приняли,took
пытаются,try
воспользоваться,take advantage of
требует,It requires
марти,Marty
живешь,you live
играешь,play
клиента,client
позвонили,call
стоял,was
отпуск,holiday
аминь,Amen
движение,traffic
особенного,special
каждом,each
заняты,occupied
наплевать,do not care
мечта,dream
надеть,wear
зал,Hall
арестовали,arrested
виктор,Victor
шансы,odds
минимум,minimum
оружием,weapon
неловко,uncomfortable
захотел,wanted
джейсон,jason
начинаем,begin
понедельник,Monday
сне,dream
вернешься,return
риск,risk
сучка,bitch
попытка,attempt
скучать,miss
софи,Sophie
каждым,each
огромный,huge
помогла,helped
второе,second
чуть-чуть,a little bit
встретила,met
провела,conducted
сомнения,doubts
подумали,thought
скорей,probably
is,is
мастер,master
пальцы,fingers
небо,sky
открыл,I opened
съесть,eat
сериале,show
займет,It takes
добиться,to achieve
сперва,first
заходите,visit
ла,la
послушать,listen to
двигайся,move
большого,great
норме,normally
личность,personality
товарищ,friend
донна,Donna
поставил,set
приходи,come
быстрей,quickly
следующем,next
заслужил,earned
мест,places
лес,forest
горы,the mountains
собаки,dogs
джереми,Jeremiah
гений,genius
занимались,engaged
встречался,met
джонс,Jones
твоими,yours
проверил,I tested
привело,lead
врача,doctor
людях,people
сверху,from above
опоздал,late
мистером,Mr.
парке,park
мо,mo
поиграть,play a little
нил,Nile
несомненно,undoubtedly
дашь,give
вышли,out
управление,control
разум,mind
хороших,good
прибыли,arrived
плакать,cry
получает,gets
украсть,steal
стоят,are
собрался,gathered
лондон,London
стене,wall
рш,pw
джейми,Jamie
заново,anew
напротив,in front of
искали,sought
программу,program
желания,wish
полное,full
девочку,girl
болезни,disease
планете,the planet
покончить,break away
близки,close
рик,Rick
взгляните,look
охрана,security
лице,person
сделка,deal
армия,army
выстрел,shot
ужасное,disastrous
крутой,steep
выйду,marry
круг,a circle
поехал,I traveled
стену,wall
поделать,help
счастливой,happy
тьi,ti
хэнк,Hank
росс,ross
вещах,things
зале,hall
требуется,required
нравилось,I liked
зло,evil
украли,stolen
верит,trusts
отправиться,go
наружу,out
последнюю,last
устройство,device
лето,summer
уме,mind
хан,khan
поисках,search
отчет,report
встретить,meet
закончила,finished
отойдите,depart
ћы,ћy
хелен,Helen
вскоре,soon
дочерью,daughter
ответь,answer
враг,enemy
ищут,looking
исследования,research
оказались,appeared
пола,gender
сцену,the scene
умерли,dead
используют,used
отдам,I will give
наблюдать,watch
мсье,Monsieur
закончим,finish
силой,by force
пытаясь,trying to
подружка,girlfriend
справишься,can handle
ждали,waited
бесплатно,is free
поиски,search
попрошу,I ask
форму,form
открывай,uncover the
живым,alive
неожиданно,suddenly
своя,its
бывают,are
появились,appeared
мистеру,Mr.
собственный,own
писал,I wrote
пожар,fire
обнаружил,found
следов,tracks
продал,sold
командир,commander
планеты,planet
представление,representation
говорится,states
важный,important
ќет,ќet
псих,crazy
тим,Tim
бо,bo
борту,board
свидетелей,witnesses
полном,full
выглядят,look
уильям,William
контакт,contact
ранен,injured
смотрели,watched
позвоните,call
хрен,horseradish
снимать,take off
субтитры,subtitles
стэн,Stan
ходят,walking
жарко,hot
цена,price
терри,Terry
хмм,hmm
сети,network
животное,animal
искала,sought
плачу,cry
постарайся,try
д,d
бутылку,bottle
пенни,a penny
надоело,bothered
объясню,will explain
футбол,football
похороны,the funeral
управления,management
тупой,stupid
агента,agent
приходят,coming
второго,second
останься,stay
пальцев,fingers
э-э,er
упала,fell
обмен,exchange
миром,the world
продолжим,continue
безусловно,certainly
торт,cake
уйди,get thee
выхода,the
блять,fucking
поработать,work
взрыв,explosion
отвратительно,disgusting
волнуюсь,worried
клуба,club
участие,participation
счастья,happiness
получим,we get
квартиры,apartment
папы,Pope
красавица,beauty
участвовать,participate
америки,america
вырос,increased
недалеко,near
добавить,add
отправили,sent
дэниел,Daniel
тетя,aunt
платят,pay
элисон,Alison
пьян,drunk
общаться,communicate
сбежала,He fled
кайл,Kyle
удобно,conveniently
коп,cop
дл,dl
лицу,face
вспомнил,I recalled
рождества,Christmas
фу,boo
ходила,I went to
принято,received
наблюдения,observations
голоден,hungry
подозреваемый,suspect
джексон,jackson
выбрала,chosen
группе,group
смотрела,I watched
дождаться,wait for
направо,right
столом,table
нога,leg
дорогуша,deary
сыну,son
куплю,buy
просит,Requests
каждому,to each
занятия,lessons
выбирать,to choose
папе,dad
нападение,attack
англии,England
вернёмся,return
произойти,occur
хранить,keep
чаще,more
тратить,spend
возраста,age
восторге,thrilled
обязаны,obliged to
некуда,nowhere
объясняет,explains
молоко,milk
служба,service
корабле,ship
напал,attacked
сыграть,play
помогли,helped
из-под,from under
степени,degrees
лечение,treatment
остаётся,remains
продолжить,continue
париже,Paris
чем-нибудь,anything
осторожен,cautious
настоящим,hereby
закона,a law
границы,boundaries
кэролайн,Caroline
кому-нибудь,someone
радость,joy
беспокоюсь,I worried
луис,Louis
глупости,nonsense
превосходно,excellent
заставила,caused
благодарен,thankful
собак,dogs
уберите,clean
хорошенько,well
выбрали,choose
приняла,took
входите,enter
последнего,last
пойдемте,let's go
преступник,criminal
устраивает,arranges
теле,the body
самую,most
женаты,married
пирог,pie
бросай,throw
карта,map
постойте,stop a moment
лорд,lord
джеки,Jackie
расстались,parted
носит,wears
плана,plan
верни,Return
сок,the juice
установить,establish
пациентов,patients
родителями,parents
книге,book
мари,Marie
надежды,hope
модель,model
общества,society
следующее,following
мусор,trash
сплю,dreaming
единственным,only
эд,ed
доказательство,evidence
беспокойтесь,worry
ходили,went
держитесь,stay
уходишь,leaving
нанял,hired
большее,more
мак,poppy
напали,attacked
призрак,ghost
связан,bound
свадьбе,wedding
вот-вот,exactly
уверяю,I assure
последним,last
посмотрел,I looked
далее,Further
цену,a price
заказ,order
патрик,Patrick
маленькую,small
играли,were playing
определить,determine
повторяю,repeat
продавать,sell
точка,dot
дружок,boyfriend
процентов,percent
пишет,writes
джефф,Jeff
родителям,parents
оставайтесь,stay
газеты,newspaper
дар,gift
новостей,news
приступ,attack
словам,words
ворота,goal
штат,state
здании,building
число,number
автомобиль,car
ти,ty
сердцем,heart
принимаю,I accept
секунды,seconds
папу,dad
понравился,I liked
разговаривали,talked
дыхание,breath
помнить,remember
замечательный,great
возьмем,take
пример,example
пользоваться,use
проверьте,check
борт,board
кое-какие,some
ужасная,terrible
принёс,brought
роза,the Rose
смотрят,look
идёшь,you go
оставим,leave
причиной,cause
штуки,pieces
звонили,called
сними,with them
настроение,mood
положении,position
судить,judge
ею,it
водитель,driver
собрание,collection
угол,angle
названием,named
привел,cited
отстань,leave me alone
предпочитаю,I prefer
странные,strange
подарки,presents
звезды,stars
концерт,concert
отвечай,answer
разговоры,conversations
убирайтесь,Get out
кан,kan
четверг,Thursday
камер,cameras
защиту,protection
доставить,deliver
задача,a task
шею,neck
прислал,sent
живы,alive
острове,island
сумасшедшая,madwoman
фургон,van
арестовать,to arrest
ложись,lie
солнца,the sun
счастливого,Merry
хорошую,good
силах,forces
одиночестве,loneliness
контроля,control
каков,what
трёх,three
нравлюсь,like me
шансов,chance
я.,I.
верну,will return
магазина,shop
увидеться,see
поля,fields
маленьким,small
пары,vapor
сан,San
лучшей,best
живот,stomach
туфли,shoes
роуз,Rose
образ,form
вирус,virus
дьявол,devil
талант,talent
наказание,punishment
владелец,owner
видим,we see
отличное,excellent
пугает,frightening
погибли,killing
даёт,gives
творится,happening
договор,agreement
очереди,queue
безопасность,safety
сознание,consciousness
сошел,I came down
самоубийство,suicide
свободны,free
увидим,see
причину,the cause
способности,abilities
пытаться,try
заплачу,pay
вины,guilt
века,century
миллионы,millions
кричать,shout
системе,system
высочество,Highness
президентом,President
женился,married
события,events
доверие,the trust
роджер,Roger
зомби,zombie
следовать,to follow
обеда,dinner
джесс,Jess
сделаете,make
относится,applies
ребёнком,baby
стиле,style
виновен,guilty
изо,every
джулия,Julia
скрывать,hide
фамилия,surname
прекрасна,beautiful
банка,bank
фотографию,photo
правил,rules
успел,managed
дверью,the door
пальто,coat
ответа,answer
эпизод,episode
тридцать,thirty
выглядел,looked
делами,affairs
защита,protection
сделают,make
счастливым,happy
лестнице,stairs
оставлять,leave
воде,water
провожу,I spend
повод,occasion
спросите,ask
послать,send
столик,table
найдет,finds
полгода,half-year
летом,in summer
месяце,months
вера,Vera
началась,started
ми,E
ошибся,wrong
хлеб,bread
пари,bet
чжин,jin
устроил,arranged
шанса,chance
программа,program
я-то,I have something
должность,position
выглядите,look
танец,dance
подняться,up
завести,make
духе,spirit
пули,bullet
расстроен,upset
ждем,we wait
лондоне,London
появляется,appears
приятного,pleasant
ел,eating
исключением,exception
расти,grow
пациента,patient
покупать,buy
глупая,silly
положил,I put
захотите,want
дорого,expensive
прокурор,prosecutor
раны,wounds
народа,people
ребекка,Rebecca
исчезла,disappeared
подумайте,think
опасность,danger
почувствовал,felt
злишься,angry
нехорошо,not good
роде,kind
нуждается,need
младший,Jr
дадим,will give
сестре,sister
пропустить,skip
спрашиваешь,ask
стреляй,shoot
событий,events
редко,rarely
базе,basis
свободе,freedom
скорую,whip
пуля,bullet
минуточку,wait a minute
освободить,release
приглашение,invitation
слушаешь,listen
выйдешь,marry
кэрол,Carol
точку,point
журнал,magazine
ќу,ќu
наркотиков,drugs
вход,entrance
теория,theory
глупый,stupid
тома,volumes
умираю,die
стрелял,shot
навестить,visit
безопасно,safely
настоящего,present
прибыл,arrived
этаж,floor
уволили,fired
е,e
службу,service
самолёт,plane
услугу,service
определённо,definitely
забуду,I forget
молчать,to be silent
шутки,jokes
подожду,wait
оливия,Olivia
проверим,check
картину,picture
пей,Pei
пост,fast
рой,Roy
смех,laughter
ногами,legs
поддерживать,support
бить,beat
вел,conducted
полицейские,police
членов,members
страха,fear
оскар,Oscar
покажите,Show
разрушить,to destroy
заметить,observe
лоис,Lois
what,what
обещание,Promise
поддержки,support
начале,early
следи,watch
разговора,call
собственную,own
странным,strange
кусочек,a piece
одежды,clothing
держал,held
будучи,being
позволит,allow
приготовить,cook
понравилась,I liked
лгать,lie
обсудим,discuss
суп,soup
обоим,both
встречалась,met
общество,society
тысячу,thousand
пойдёшь,you will go
умрёт,dies
боялась,I feared
маргарет,Margaret
принимает,takes
воздуха,air
победа,victory
маленьких,small
старого,old
район,district
подряд,contract
поедешь,you go
спрошу,I ask
неа,Nope
приём,reception
неделя,a week
снял,stripped off
успех,success
возможное,possible
собственного,its own
личности,personality
находятся,are
чья,whose
перестал,ceased
дыши,breathe
подойти,come up
годами,years
целая,whole
your,your
территории,territory
уроки,lessons
любили,loved
машин,machines
хватило,enough
сцене,scene
углу,corner
странная,strange
друзьям,friends
смит,smith
кармане,pocket
сьюзан,Susan
спасла,saved
смеяться,laugh
эрика,Erika
попробуйте,try
милорд,my lord
станут,will
какую-то,some
эйприл,April
сценарий,scenario
доволен,satisfied
фактически,actually
сути,essentially
директора,director
майка,shirt
съел,eat
пулю,bullet
газ,gas
маленького,small
хо,ho
безумно,madly
слева,left
деньгах,money
надеялась,I hoped
принесли,have brought
звать,call for
высоко,high
сеть,network
изменится,change
эшли,Ashely
вторник,Tuesday
вынужден,forced to
едешь,you go
заднице,ass
ем,eat
тени,shadow
задницы,ass
позволяет,It allows
зак,Zack
показывает,shows
поцеловать,kiss
прошлым,previous
закончу,finished
точнее,more precisely
солдаты,soldiers
настоящей,present
заработать,win
this,this
береги,take care
расследования,investigation
фред,Fred
большего,more
отличие,distinction
веди,lead
действует,acts
замолчи,shut up
речи,speeches
играют,play
возражаете,mind
этаже,floor
хватало,enough
фрэнки,Frankie
вреда,of harm
делам,business
средства,facilities
представляете,represent
поспать,get some sleep
зеркало,mirror
тедди,Teddy
расстроена,upset
for,for
верил,I believed
re,re
читала,I read
почувствовать,feel
свободы,of freedom
нравиться,like
поверил,I believed
толку,confused
бюро,the Bureau
проснулся,woke up
отеля,hotel
фотография,the photo
следующая,The next
образец,sample
правительства,government
области,the
последствия,effects
услышала,heard
меняет,change
десяти,ten
бомбу,bomb
позволите,allow
навредить,harm
поступила,Received
шевелись,look slippy
поближе,closer
долгое,long
половиной,half
правды,truth
пакет,package
пойми,understand
движения,of movement
какого-то,some
переговоры,conversation
программы,programs
подвале,basement
поступать,do
офиса,office
победил,won
задница,ass
армию,army
лиз,Liz
грант,grant
умная,smart
небольшое,small
урод,freak
захочу,I want
кэрри,Carrie
классный,classy
справедливо,rightly
дне,day
новом,a new
фильмы,movies
ибо,for
стоишь,standing
щрн,schrn
чжу,Zhu
передайте,pass
просили,asked
сильная,strong
поддержку,support
проблемой,problem
концу,end
протяжении,over
больна,ill
джули,Julie
подать,tax
слышно,heard
стиль,style
обращаться,treat
согласилась,agreed to
следующие,following
искусство,art
аварии,accident
отличные,excellent
копов,cops
счастливо,happily
отвезу,going to take
карьеру,career
дура,fool
се,ce
старых,old
машиной,machine
пригласили,invited
остановите,stop
рассказывала,told
занимаетесь,Occupation
юн,young
улик,evidence
интернете,Internet
ужасные,terrible
слушает,listens to
вдвоем,double
продолжает,continues
лжи,lies
живем,live
правилам,the rules
хуй,dick
больших,large
признание,confession
делах,affairs
маркус,Marcus
попрощаться,say goodbye
отправился,I went to
вызвал,caused
предстоит,will
лесли,Leslie
обещала,He promised
переехать,run over
звонков,call
прекрасное,beautiful
остановились,stopped
сделки,dealings
опусти,Lower
статью,article
уровне,level
полную,full
забывай,remember
служить,serve
поблизости,nearby
жертвой,victim
танцы,dancing
университет,university
заставили,forced to
научился,I learned
что-либо,anything
сошла,gone
скрыть,hide
приходите,Come
рай,paradise
давал,He gave
врачи,doctors
угроза,threat
горе,sorrow
невеста,bride
лодку,the boat
ээ,er
заранее,beforehand
ум,mind
пью,I drink
становятся,becoming
белого,white
учителя,the teacher
печально,sorrowfully
кое-кого,someone
сенатор,Sen.
красавчик,pretty boy
идею,idea
мадемуазель,mademoiselle
подтвердить,confirm
скажут,tell
самим,by
изменил,changed
прошёл,I passed
видят,see
яд,poison
отследить,track
напарник,partner
детства,childhood
н,n
пойму,I understand
факты,facts
заканчивается,ends
начинают,begin
родилась,I was born
выпил,drank
период,period
ресторане,restaurant
купили,bought
ведешь,behaving
уважения,respect
подарил,presented
левой,the left
проверили,tested
л,l
существо,being
любопытно,curious
вашингтон,Washington
почту,mail
любые,any
чудовище,monster
непросто,not easy
замечательная,remarkable
выпей,drink
помнит,remember
тайлер,Tyler
смотря,looking
alphahff,alphahff
построить,to build
пережить,been through
направлении,direction
ненавидишь,hate
меры,measures
вред,harm
тема,theme
зашел,gone
интерес,interest
красота,the beauty
справа,on right
кожа,leather
способны,able
барни,Barney
настроении,mood
назвали,named
брюс,Bruce
убийств,Kill
главным,mainly
придешь,will come
начнется,will begin
подписать,subscribe
приходилось,had
майкла,Michael
менеджер,manager
oн,OH
подруги,girlfriends
елена,Elena
лучшему,better
сломал,broke
веду,lead
остановился,has stopped
жопу,ass
округе,County
tы,You are the
сознания,consciousness
ножом,knife
встречается,found
главная,home
товар,product
уровня,level
кожи,skin
приеду,will come
сегодняшнего,today
пил,drank
выражение,expression
летать,to fly
научил,I taught
сижу,sit
рэйчел,Rachel
такова,is
получать,receive
джека,Jack
тошнит,sick
обсуждали,We discussed
фредди,Freddie
бывшая,the former
аэропорт,airport
позиции,positions
лорен,Lorraine
повторять,to repeat
прочитать,read
бонни,Bonnie
проваливай,get out
найдете,You find
результате,a result of
считается,considered
вправду,really
станем,will become
белые,white
прикрытием,cover
рыба,fish
форма,the form
записку,note
поделиться,share
сью,Sue
ааа,aaa
относительно,about
остановитесь,stop
имели,had
остальным,others
расслабиться,relax
учился,studied
винить,accuse
женщинами,women
ведут,lead
соседи,neighbors
мешок,bag
засранец,asshole
восстановить,restore
сеньор,liege
городу,city
лабораторию,laboratory
дай-ка,dike
сволочь,scum
спасли,saved
классная,cool
помогут,help
лошади,horses
приму,I accept
наркотиками,drugs
охраны,protection
прокурора,prosecutor
банке,bank
подойдет,fit
издеваешься,kidding
выходите,exit
парнями,guys
останови,stop
пораньше,a bit earlier
помогал,helped
че,Th
фигня,garbage
представьте,imagine
умирают,die
лу,lu
забрала,took
убьёт,kill
америку,America
гость,the guest
монстр,monster
линда,Linda
мин,min
изменилась,changed
помешает,prevent
сосед,neighbor
попытался,I tried
острова,island
громко,loudly
сад,garden
правильный,right
судьбу,fate
добры,kind
отомстить,revenge
адвокатом,lawyer
народу,people
менять,change
занималась,engaged
наиболее,most
расскажет,tell
бум,boom
проснись,wake up
нахуй,fuck
счастливый,happy
вернутся,return
интересное,interesting
каждые,every
стакан,glass
важная,important
уйдет,leave
хлоя,Chloe
чёрный,the black
масло,oil
русские,Russian
врагов,enemies
коробку,box
линию,line
существуют,exists
взрыва,explosion
министр,Minister
обратиться,apply
отменить,cancel
скорости,velocity
сложнее,more difficult
жалко,miserably
передо,front
лукас,Lucas
нету,no
миссия,mission
винсент,Vincent
шла,was
спенсер,spencer
аманда,Amanda
размер,the size
окажется,will
падает,falls
джоуи,Joey
сообщили,reported
шел,walking
ограбление,robbery
лежать,lie
поймешь,understand
прелесть,beauty
больной,sick
проиграл,lost
повторить,repeat
изменения,changes
привезли,brought
личные,personal
поехала,I traveled
справимся,can handle
испортил,ruined it
бет,bet
нечестно,not fair
закончилась,ended
свидетеля,a witness
санта,Santa
вашими,your
картины,pictures
зол,evils
курить,smoke
поездка,Trip
хожу,I go
отсутствие,lack of
доброго,good
убивают,kill
спрашивает,asks
нa,nA
узнаете,learn
проверка,inspection
боятся,afraid
чан,vat
плане,plan
гордон,Gordon
бетти,Betty
купер,Cooper
шести,six
огня,fire
мотив,motive
поговорил,spoke
занимаются,deal
полицейского,police officer
назвала,named
реки,river
чжон,Jeong
брату,brother
сумму,worth
пишу,writing
мальчиков,boys
ставки,rates
материал,material
лодке,boat
вали,wali
желает,wants
прочим,Incidentally
перестаньте,stop
привела,lead
напомнить,recall
учить,teach
местечко,place
застрял,stuck
трогать,touch
рид,Reed
луи,Louie
бросили,threw
творишь,doest
север,north
показаться,sound
заполучить,get
вероятность,probability
рикки,Ricky
ведьма,witch
нэнси,Nancy
вор,thief
высокий,tall
ест,eating
метро,underground
героем,hero
передам,will give
братьев,brothers
пацан,kid
встречаюсь,meet
открою,reveal
взамен,instead
встречаемся,meet
кот,cat
по-вашему,In your
лора,Laura
последних,latest
способна,capable
члены,members
угрозу,threat
совершить,commit
by,by
америка,America
следующего,the next
рыбу,fish
джессика,Jessica
пешком,on foot
известный,famous
службе,service
мужу,husband
выжил,survived
кем-нибудь,someone
ответила,answer
пригласила,He invited
разок,just once
действий,of action
реальность,reality
чей,whose
вторую,second
вес,weight
дорогие,expensive
ошибаешься,wrong
сиди,sit
камере,chamber
разницы,difference
пляже,beach
послание,message
хи,hee
казино,casino
езжай,ezzhaj
благодарения,Thanksgiving
нравился,I liked
джоан,Joan
первых,the first
итан,Ethan
подобные,similar
мешать,prevent
уезжаю,I am leaving
дерек,Derek
ночам,night
мечтал,dreaming
мороженое,ice cream
туалете,the toilet
стою,standing
миллер,Miller
побыстрее,quickly
автор,author
запомни,Remember
рон,ron
нарушение,violation
свинья,pig
партнер,partner
хён,hyung
встречал,met
обязана,obliged to
разговариваю,talk
уехали,had left
происходило,It happened
бедная,the poor
тётя,aunt
мальчиком,boy
базу,base
добра,of good
отдала,He gave
луна,moon
соглашение,agreement
а.,a.
способом,way
встал,got up
was,was
губы,lips
канал,channel
изменит,change
шутите,Mess
закрыто,closed
сдать,to surrender
огромная,enormous
подними,lift up
поможете,help
ездить,ride
научить,teach
печенье,biscuits
колледжа,college
брал,took
саду,garden
гэри,geri
во-вторых,Secondly
поддержать,support
мнению,view
джонсон,Johnson
тейлор,Taylor
заменить,replace the
какова,What is the
поспорить,bet
обычная,ordinary
входит,includes
сыр,cheese
согласиться,accept
участке,section
случая,case
успеха,success
взрослый,adult
бесполезно,useless
одри,Audrey
стреляли,shot
троих,three
девочкой,girl
лидер,leader
гиббс,Gibbs
осторожней,cautious
угадай,guess
помогло,helped
сидишь,you sit
бомбы,bombs
забери,take away
беспокойство,anxiety
отряд,squad
ожидала,expected
умрешь,die
ведёт,leads
получаю,I get
позволила,allowed
скорой,emergency
снег,snow
звонка,call
снимай,shoot
энергию,energy
времен,time
животные,animals
ева,Eve
рассказали,told
отправила,sent
телом,the body
стоить,cost
развод,divorce
предполагаю,I am guessing
хороши,good
чёрту,hell
лив,Liv
арест,arrest
искренне,sincerely
играем,play
кристина,Kristina
вещами,things
пусти,Thrust
использовала,I used
возвращайтесь,return
организации,organizations
крышу,roof
рубашку,shirt
удержать,to keep
конкретно,specifically
аду,hell
километров,kilometers
залог,pledge
бей,bey
обстоятельства,circumstances
являются,are
with,with
брака,marriage
выходных,output
крошка,chit
врага,the enemy
воздухе,the air
показывают,show
возвращаюсь,return
поиск,Search
пытаетесь,try
приближается,approaching
ботинки,boots
полицейских,police
шоссе,highway
похитили,kidnapped
рассказывай,tell
искусства,art
состоит,consists
выступление,speech
личный,private
бизнеса,business
спорить,argue
считаем,We consider
джастин,justin
священник,a priest
хвост,tail
деревне,village
меняется,change
украла,stealing
ждешь,expect
снимки,pictures
начинаешь,start
признаю,I recognize
специальный,special
берегу,shore
дадут,will
присаживайтесь,sit down
сиськи,boobs
касл,Castle
сообщил,reported
кит,whale
злой,evil
перейти,go
визит,visit
победу,a victory
привлечь,draw
натворил,done
борьбе,fight
важна,important
уважение,respect
судьбы,fate
all,all
задавать,set
свобода,Liberty
болтать,chat
интернет,the Internet
микки,mickey
нина,Nina
одиноко,alone
музыки,music
включить,enable
рейс,flight
осторожны,cautious
сорок,forty
говард,Howard
заднем,background
попозже,a little later
любая,any
потратил,I spent
комиссар,commissioner
джордан,Jordan
свободна,free
местом,place
be,be
арестованы,arrested
спальне,bedroom
натали,Natalie
подери,poderi
правой,right
трус,coward
понимал,I understood
шли,walking
дед,grandfather
убежище,shelter
убежать,escape
чая,tea
браун,brown
какими,what
радости,joy
позор,a shame
вызову,call
придти,to come
молодая,young
характер,character
продолжается,continues
лошадей,horses
температура,temperature
кухню,the kitchen
жестоко,brutally
впечатляет,impressive
агенты,agents
подругой,friend
зои,Zoe
попросили,asked
горит,lit
предположить,to assume
тодд,Todd
херня,garbage
художник,painter
тревога,anxiety
старался,I tried
номере,room
стрит,straight
приходила,I came
нести,bear
плачет,weeps
угадаю,I guess
опасен,dangerous
ищете,looking
путем,by
сторона,side
ждите,expect
причинить,inflict
проходи,Come
красивое,beautiful
стюарт,Stewart
приказы,orders
жутко,creepy
мост,bridge
плану,plan
уволить,dismiss
запрещено,prohibited
тост,toast
пэм,Pam
неизвестно,unknown
спине,back
испугался,frightened
рэнди,Randy
нет-нет-нет,no no no
идиоты,idiots
подпись,signature
набор,set
энтони,Anthony
удивлен,I surprised
каком-то,some
штатов,states
убийцей,killer
влюблен,love
камни,stones
враги,enemies
партии,party
стола,table
принесите,bring
обувь,footwear
подходящее,suitable
границу,border
подумаю,I think
объект,an object
братан,bro
сэмми,Sammy
кенни,Kenny
правдой,truth
кровотечение,bleeding
берет,beret
разговаривает,talking
луиза,Louise
порой,occasionally
неудобно,uncomfortably
понимают,understand
входи,come in
реакция,reaction
самостоятельно,independently
чувств,feelings
картина,picture
автобусе,bus
большей,more
так-то,so that
заказать,to order
сел,sat
приказал,He ordered
вопросом,question
удача,luck
сэма,Sam
влюбился,fell in love
ногах,legs
охрану,protection
поживаете,are you
беда,trouble
поторопись,hurry up
отце,father
притворяться,pretend
возвращения,return
тень,shadow
советую,advise
недолго,not for long
верится,hard to believe
зашла,gone
попался,I caught
слышит,hears
справится,to cope
важные,important
возвращением,return
предложения,offers
планету,planet
серии,series
николь,Nicole
выходной,output
кресло,armchair
поездки,trips
нормальный,normal
долю,share
тина,Tina
эдвард,Edward
умнее,cleverer
магия,magic
двигатель,engine
звоните,call
вечность,eternity
привык,accustomed
невиновен,innocent
рори,Rory
кузен,cousin
отношению,against
начнут,will
потише,quiet
винс,Vince
парочку,couple
останемся,stay
звуки,sounds
мешает,prevents
глупость,folly
собственность,own
карлос,carlos
таков,such
потери,losses
понимаем,We understand
лиам,Liam
оборудование,equipment
заказал,I ordered
маленькое,small
книг,books
гнев,anger
смеется,laughs
помимо,besides
слушал,I listened to
поверишь,believe
парочка,couple
приведет,will lead
р,R
бут,rubble
главного,main
желаете,wish
красивой,beautiful
платит,pays
офицера,officer
чаю,tea
белье,linen
сосредоточиться,focus
берегись,beware
пустой,empty
мудак,asshole
кристин,Christine
отделение,office
университете,University
милые,cute
вернул,returned
четверо,four
тепло,warmly
прямой,straight
глубже,deeper
линдси,Lindsey
эффект,the effect
пульс,pulse
трудом,work
пускай,let them
пятьдесят,fifty
ночной,night
грубо,rough
опухоль,tumor
четырех,four
паркер,Parker
выполнять,perform
проводит,conducts
линия,line
обид,insults
кончится,ends
оуэн,Owen
берите,take
кричит,shouts
темноте,dark
устроим,arrange
спасать,save
майами,miami
пиццу,pizza
беспокоить,worry
покой,peace
малыша,baby
сходи,convergence
марко,marco
босса,boss
грей,gray
занимаемся,deal
солнышко,Sun
леонард,Leonard
бегать,run
дневник,a diary
моменты,moments
испортить,screw up
неприятно,unpleasantly
домик,lodge
мэй,May
стекло,glass
прими,accept
влюблена,In love
ян,yang
ужина,dinner
объяснение,explanation
эээ,er
мю,mu
допустить,prevent
крыше,roof
тхэ,Tae
ожидать,expect
детектива,detective
провёл,conducted
крик,cry
называли,named
играла,I played
выразить,express
успокоиться,calm down
джорджа,george
надежду,hope
всяких,any
использую,use
сильным,strong
градусов,degrees
морской,nautical
марш,march
починить,fix
уилсон,Wilson
замке,castle
крепко,firmly
послали,sent
заплатили,paid
спокойствие,calmness
скучал,I missed
согласились,agreed to
такому,this
собственные,own
событие,event
дама,lady
используй,use the
дженна,Jenna
извиняться,apologize
предал,betrayed
нанять,hire
соль,salt
сидела,sat
би,bi
теории,theory
стул,chair
месть,revenge
so,so
ошибкой,mistake
терпение,patience
давай-ка,let's
целых,as many as
вида,species
обязанности,duties
поздравления,congratulations
выхожу,leave
днях,days
сна,sleep
выясним,find out
приятный,pleasant
медсестра,nurse
капли,drops
здоров,healthy
карла,Karl
прекрасные,beautiful
по-английски,in English
отделе,department
чёртов,bloody
дочка,daughter
небе,heaven
шее,neck
диана,Diana
исчезнуть,disappear
барт,Bart
райли,Riley
остаток,the balance
птица,bird
встань,Arise
клетки,cell
чжун,chung
лиззи,Lizzie
ставить,put
программе,program
новостях,news
пропали,missing
разговаривала,I am talking
разговоров,talk
выиграли,won
ноль,zero
плачь,cry
эмоции,emotions
пространство,space
увидят,see
заодно,at the same time
возражаешь,mind
сменить,change
выполнить,perform
используя,using
считай,count
ударить,hit
вывести,withdraw
пальцем,finger
хейли,Hailey
я-я,I-I
веру,faith
эх,oh
законы,laws
сомнений,doubt
клиенты,clients
усилия,efforts
посадить,seat
сотрудников,employees
позвать,call
врачу,doctor
очень-то,very much
ходишь,walking
трейси,Tracy
горячая,hot
know,know
природы,nature
эдриан,Adrian
утверждает,claims
почувствовала,felt
показывать,show
английский,English
исследование,study
знай,know
золотой,gold
костюме,suit
чо,cho
благодарна,thankful
сойти,get
тщательно,carefully
просим,please
идеальный,ideal
полезно,helpful
умно,clever
студии,studio
погода,weather
км,km
поставь,put
командой,team
средств,means
объяснять,explain
тв,tv
диване,couch
жених,groom
кнопку,button
ванну,bath
председатель,chairman
обстоятельствах,circumstances
пойдут,will go
следующим,follows
рим,Rome
нетерпением,look
телефоне,phone
изнутри,from the inside
воняет,stinks
минутка,minute
позволишь,you let
юг,south
страсть,passion
нью,New
взрослые,adults
течении,within
задумал,conceived
настоящую,real
моника,Monica
трусы,underpants
следил,I watched
иск,lawsuit
предыдущих,previous
опаздываю,late
присядь,sit down
джеймса,James
передал,handed
покинул,I left the
втором,second
эфире,ether
разрешите,allow
питера,Peter
наоми,Naomi
списка,list
рассчитывать,expect
коем,no
эксперт,expert
произойдёт,happens
дэйв,Dave
личной,personal
центра,center
can,can
ставлю,I put
прочитал,I read
рынок,market
принца,Prince
лагере,camp
вызвали,caused
позицию,position
семьёй,family
агентов,agents
реальности,reality
поворот,turn
отказалась,He refused
дышит,breathes
бегите,run
личного,personal
расходы,expenses
игрок,player
лодка,a boat
меган,megan
театр,theater
полон,full
предупреждение,warning
бывшей,the former
опыта,experience
океан,ocean
сердцу,heart
смириться,accept
знакомо,familiar
судно,vessel
блэр,blair
приговор,sentence
do,do
уважаю,respect
секретарь,Secretary
единственной,only
условиях,conditions of
языке,language
робби,Robbie
открыто,open
заставило,caused
молодых,young
паспорт,passport
экзамен,exam
гордиться,be proud
шампанское,champagne
движется,moves
раскрыть,to uncover
фирмы,firm
ошибок,errors
используем,use
возраст,age
жен,wives
меню,menu
чести,honor
американцы,Americans
пострадал,Suffered
несправедливо,not fair
найдется,there
белых,white
грег,Greg
южной,South
болван,blockhead
лемон,Lemon
тишина,silence
филипп,Philip
пределами,outside
надень,put on
заслуживаешь,deserve
бедняжка,poor little soul
напишу,write
доверяешь,trust
тюрьма,prison
угрозы,threatening
пробовал,I tried
никки,Nikki
коул,Cole
небеса,heaven
справился,consulted
даг,dag
трюк,trick
приносит,brings
войска,troops
страдать,suffer
плохих,bad
поговорили,We talked
вела,conducted
вошел,has entered
бабушки,grandmother
oh,oh
бассейн,swimming pool
шарлотта,Charlotte
don,don
конечном,end
руль,steering wheel
венди,Wendy
стефан,Stephen
проснулась,woke up
всякие,any