Tagalog,English
ang,the
sa,on
na,that
ng,of
mo,you
ko,my
hindi,not
ako,I
ka,you
at,and
mga,the
ay,be
lang,only
ba,is
ito,it
siya,she
kung,if
para,for
isang,a
si,si
ano,what
kayo,you
dito,here
alam,known
may,with
tayo,us
pero,but
lahat,all
pa,more
nga,indeed
gusto,want
oo,yes
ni,of
niya,she
wala,nothing
natin,our
naman,so
o,or
ngayon,now
kami,us
sige,go ahead
namin,we
sila,they
akong,I
kailangan,need
bakit,why
yan,yan
kaya,so
nyo,me
ikaw,you
anong,what
di,no
akin,mine
iyon,that
talaga,really
tao,person
kang,You
walang,nothing
sabihin,tell
mong,to
isa,one
kong,I
nang,when
sya,she
yun,yun
niyo,you
aking,my
dahil,because
nya,his
huwag,do not
nasa,on
yung,yung
iyo,yours
sino,who
nila,they
kita,earnings
diyos,deity
meron,there
sir,sir
sabi,say
buhay,life
okay,okay
saan,where
rin,also
salamat,thanks
wag,wag
bang,like
to,to
siyang,she
kahit,even though
umalis,leave
dapat,should
din,also
iyong,your
araw,day
siguro,maybe
po,sir
doon,there
eh,eh
wood,wood
iyan,that
nelson,nelson
paano,how
gawin,make
kay,with
kayong,you
noong,on
mundo,world
oh,oh
hoy,Hey
iba,other
kaibigan,friend
tama,right
tulad,like
pumunta,go
teka,Wait
nating,we
mr.,mr.
y,y
tapos,done
ibig,would
nakita,saw
kapag,when
ginagawa,making
kasi,because
taon,year
nasaan,where
maging,be
mula,from
tingnan,view
mas,more
puwede,might
max,max
pala,shovel
bago,before
sinabi,said
itong,it
gabi,night
nandito,here
ating,our
muna,first
tungkol,about
kaniya,his
reggie,reggie
sana,should
bahay,house
magandang,good
totoo,true
oras,time
ninyo,you
parang,supposedly
inyo,yours
buong,full
kanya,his
sinasabi,say
kasama,including
ha,ha
pangalan,name
ayaw,unwilling
lamang,only
anak,son
inyong,your
igik,grunt
bilis,speed
maganda,beautiful
tubig,water
nito,its
galing,from
baka,cow
rancho,rancho
pag,once
gagawin,do
bata,young
ibang,other
makita,see
ginawa,made
tayong,us
todd,todd
ayos,contour
maraming,more
yo,yo
season,season
marami,more
pang,more
halika,come here
bagay,thing
mukhang,looks
ah,ah
bagong,new
lugar,place
kaming,we
palabas,show
nangyayari,occurs
nangyari,happened
kanyang,his
panahon,time
sayo,you
rito,here
elliot,elliot
man,too
ngunit,but
talagang,really
pare,pastor
dalawa,two
sandali,moment
loob,inside
niyang,she
upang,to
patay,dead
magiging,will be
pwede,Possible
tingin,sight
trabaho,work
mahal,expensive
pulis,police
aming,our
problema,problem
kunin,take
diyan,there
silang,they
nakuha,obtained
papa,papa
naming,we
lalaki,man
taong,year
malaman,learn
patayin,kill
labas,outdoors
pupunta,going
sarili,own
mabuti,good
the,the
heto,here it is
party,party
amin,us
pumatay,kill
sorry,sorry
ama,father
cyril,cyril
magaling,good
kilala,know
nakikita,visible
raju,raju
hanggang,until
dvd,DVD
makikita,you
duke,duke
hey,ho
akala,thought
puso,heart
pia,pia
kaniyang,his
yeah,yeah
sumigaw,yell
busan,busan
habang,while
tulong,help
dalawang,two
zoobi,zoobi
detective,detective
kanila,theirs
doobi,doobi
uli,again
pakiusap,please
ilang,wilderness
bukas,tomorrow
puwedeng,can
kamay,hand
s,s
n,n
diba,diva
tulungan,help
makinig,listen
dumating,come
malaking,great
espada,swordfish
kamusta,How are you
babae,woman
pagkain,food
dati,previously
shishio,shishio
medyo,pretty
dahilan,reason
alis,departure
hari,king
malapit,close
kapatid,sibling
nung,when
kailangang,need
wow,wow
noon,then
tara,let's go
tumatawa,laughing
farhan,farhan
pagkatapos,then
aso,dog
naging,was
sakin,mine
j-cub,j-cub
makakuha,get
narinig,heard
hello,Hello
parati,eternally
susunod,Next
ngayong,now
dwarf,dwarf
i,i
pinto,door
bumalik,return
t,t
linggo,week
maaari,can
kelangan,need
masyadong,too
ganon,that
kasalanan,sin
hayaan,let's
bilisan,make fast
sasabihin,tell
mamatay,die
daan,way
uh,uh
atin,us
bilang,as
huli,late
gonna,gonna
umaga,morning
hayop,beast
tanga,fool
kanilang,their
you,you
takbo,trend
kumuha,take
paraan,way
takot,fear
sikat,popular
huling,last
ok,ok
show,show
gasps,gasps
maghintay,wait
beses,times
battosai,battosai
tatay,father
nakatira,resident
lupa,ground
bear,bear
syang,she
gustong,wants
yaon,that
maliit,small
nawala,gone
mayroon,have
huy,huy
minsan,sometime
dyan,dyan
lumabas,exit
winters,winters
miss,miss
merong,there
bawat,each
kyoto,kyoto
ganito,like this
katulad,like
kundi,save
mukha,face
malaki,great
tumahimik,shut up
tren,train
kotse,car
opo,yes
gamit,use
ivan,ivan
no,no
my,my
baby,baby
magsalita,speak
nakalimutan,forgotten
kaysa,than
matagal,long
yes,yes
of,of
tumingin,look
maaaring,can
sigurado,sure
pumasok,enter
ya,ya
hangin,wind
taas,height
masaya,happy
tawagan,call
ilalim,bottom
natatakot,fearful
magagawa,feasible
well,well
yang,yang
niyong,Please
me,me
asawa,husband
higit,more
dun,dun
su-an,su-an
naku,oh
barking,barking
lalaking,man
gumawa,make
namang,turn
sumama,join
nalaman,found
iniisip,thinking
j,j
nilang,they
kitang,to
bansa,country
bigyan,grant
car,car
virus,virus
gubat,woods
ulo,head
makuha,get
ramone,ramone
ranchhoddas,Ranchhoddas
cub,cub
pano,how
pasensiya,apologies
eksena,scenes
manatili,stay
maupo,seat
gumagawa,maker
naisip,thought
makina,machine
katie,katie
tweet,tweet
buksan,open
likod,back
parehong,both
a,wow
buwan,month
nandoon,there
minuto,minute
mamaya,later
tumigil,stop
makapaniwala,could
jeremy,jeremy
namatay,died
pagkakataon,time
liwanag,light
guys,guys
dumbo,Dumbo
kapwa,both
kausapin,talk
parating,bribe
ability,ability
kalokohan,prank
kumusta,hello
basta,just
ganyan,so
halos,almost
pareho,same
nanay,mother
wakas,end
ipakita,show
masama,bad
kamahalan,highness
pamilya,family
dugo,blood
nitong,it
so,so
telepono,phone
mali,false
boypren,boypren
siyempre,course
kenshin,kenshin
pinatay,killed
ganoon,like that
nais,want
station,station
kanina,little while ago
lungsod,city
tigil,trapping
thorin,thorin
mag-alala,worry
chatur,chatur
agad,immediately
excuse,excuse
harap,front
kamatayan,death
kayang,Affordable
pangako,commitment
dad,dad
mabilis,quickly
kumain,eat
hanapin,search
tawag,call
gobyerno,government
pakialam,officious
katsuji,katsuji
milyong,million
daejeon,daejeon
ligtas,safely
guwapo,handsome
laban,fight
saki,saki
ulit,repeat
card,card
mamamatay,killer
episode,episode
fresnoy,Fresnoy
malakas,strong
naiintindihan,grasped
enerhiya,energy
maayos,orderly
unang,first
sighs,sighs
toddy,toddy
darating,coming
tumawag,call
sinong,who
may-ari,owner
kailan,when
makukuha,available
panoorin,watch
m,m
kuha,Photographs
grabe,exaggeratedly
kama,bed
palagay,assumption
kuwarto,room
mama,mama
mismo,very
ayokong,I do not like
on,on
lagi,always
ibibigay,provided
hirap,difficulty
mahirap,difficult
puwet,top
babalik,return
sobrang,super
pera,money
aleman,German
kasal,married
huh,huh
bilyong,billion
tatlong,three
tahimik,quietly
kalimutan,forget
lakas,strength
uy,uy
tanong,question
nagbibigay,provides
engineer,engineer
salita,word
tignan,look
pagdating,coming
sakit,disease
dagat,sea
panganib,risk
magkaroon,have
subukan,try
hot,hot
bahala,care
ganun,like that
wangdu,wangdu
tabi,side
ibigay,give
nahanap,found
aba,whoa
krus,cross
chanchad,chanchad
nyang,she
papunta,to
puno,full
mangyayari,happens
please,please
galit,anger
litrato,picture
mahilig,fond
dog,dog
daw,it is said
maalala,remember
bakla,queer
iligtas,save
whoa,whoa
dragon,dragon
narito,here
mag,to
pamamagitan,by
nahuli,late
pum,pum
kagabi,last night
up,up
pagiging,becoming
control,control
tuwing,every
sina,sina
honey,honey
ayoko,I do not want
sulat,writing
naririnig,audible
kada,per
ilog,river
hubad,naked
tunay,really
handa,prepared
laman,content
susi,key
kesa,than
lawa,Lake
punta,boundary
good,good
kakaiba,strange
bayag,testis
dali,easiness
ilan,some
nagtatrabaho,working
katawan,body
bears,bears
turbo,turbo
nakaraan,previous
inumin,beverages
pabilis,apace
buti,being good
batang,young
hinahanap,looking
lampin,diaper
gamitin,use
sugita,sugita
tandaan,remember
katotohanan,reality
orc,orc
papatayin,kill
sigaw,cry
jin-hee,jin-hee
panginoon,lord
sweetie,sweetie
kailanman,ever
estudyante,student
out,out
soo-an,soo-an
muli,again
mahalaga,important
pasensya,patience
guwapong,handsome
um,um
eto,here it is
sundalo,soldier
mata,eye
pati,including
maari,you
zombie,zombies
gaya,like
are,are
malalaman,know
mangyari,happen
butler,butler
puro,concentrated
kinuha,took
nakakatakot,frightening
kaarawan,birthday
nun,nun
mabuhay,live
gaano,how
naaalala,remember
pangunahing,primary
patawarin,forgive
mona,mona
planeta,planet
ma,ma
titi,dick
uncensored,uncensored
langis,oil
baril,gun
baba,chin
kuya,brother
nagkaroon,had
dalhin,take
tiwala,trust
for,for
populasyon,population
phone,phone
masamang,bad
sarap,zest
pagod,weary
gayon,so
papuntang,to
naintindihan,understood
mahusay,good
kaguluhan,excitement
ibinigay,provided
gago,silly
engineering,engineering
kim,kim
mag-isa,alone
itsura,appearance
kabundukan,highlands
pwedeng,can
pusa,cat
bumili,buy
natutuwa,pleased
libro,book
pasko,Christmas
tuloy,continuous
ina,mother
una,first
tumayo,stand up
sasama,worse
magkita,meet
facebook,facebook
nyong,mong
palm,palm
kwento,story
dadaan,pass through
simula,beginning
andito,here
contestant,contestant
bundok,mountain
extra,extras
mahahanap,find
hi,hi
hesus,Jesus
himura,himura
ganitong,this
tumakbo,run
chief,chief
kalaban,adversary
tumabi,sidestep
uri,kind
yon,it
baliw,crazy
itlog,egg
maintindihan,understand
opisina,office
palakpakan,hail
pag-ibig,love
lumaki,grow
dating,former
aya,governess
apoy,fire
pen,pen
wherethebearsare.tv,wherethebearsare.tv
naalala,recalls
ring,ring
nasan,where
kapoor,kapoor
gutom,hungry
sexy,sexy
ate,sister
gidget,gidget
emergency,emergency
gawa,action
kaoru,kaoru
director,director
ulan,rain
labi,lip
inay,mother
eagle,eagle
ice,ice
huminahon,calm down
tiny,tiny
tapusin,finish
mataas,high
ipapakita,show
yaman,wealth
naghahanap,looking
ginagamit,used
sampung,ten
mawala,disappear
lalo,more
naninirahan,resident
panting,panting
syudad,city
isipin,think of
nakakatawa,funny
exam,exam
mabait,kindly
kahoy,wood
sumunod,comply
totoong,real
sapat,enough
seryoso,seriously
masasabi,tell
ding,also
dadalhin,take
pigilan,prevent
nagsimula,started
magaralgal,screaming
pranses,French
libo,thousand
viper,viper
datu,Muslim tribal chief
pag-asa,hope
mahanap,find
magnanakaw,thief
itigil,stop
time,time
makapaniwalang,can not believe
karagatan,ocean
bilbo,bilbo
tarantado,rowdy
pong,pong
sinira,torn
plano,plan
ibaba,lower
lumayo,depart
syempre,course
tong,tong
nalalaman,conscious
nagiging,becoming
e-mail,e-mail
carbon,carbon
nilalang,creatures
bola,ball
ideya,Overview
mister,mister
ginamit,used
paborito,favorite
ewan,do not know
pataas,up
sex,sex
joy,joy
halimbawa,example
itim,black
gotta,gotta
umupo,sit
halaman,plant
relasyon,relationship
hinihintay,waiting for
suot,guise
huminto,stop
aalis,elimination
balita,news
sira,upset
buddy,buddy
tatlo,three
klase,class
pagkakamali,mistake
natural,naturally
pool,pool
tamang,right
binaril,shot
sumasayaw,dancing
nilason,envenomed
kalikasan,nature
chuckles,chuckles
misyon,mission
yata,maybe
snowball,snowball
bosselet,bosselet
alisin,remove
naglagay,placed
mahabang,long
kin,kin
paalam,goodbye
aktor,actor
rastogi,rastogi
nag,Site
thanksgiving,thanksgiving
dubai,dubai
tinatawag,called
cam,cam
silencer,silencer
bumaba,decrease
nakilala,identified
is,is
hingal,gasping
vacuum,vacuum
siguradong,definitely
pagpunta,going
tagumpay,success
kuneho,rabbit
dala,carrying
apat,four
ikot,round
malayo,far
bartender,bartender
iori,iori
tanggapin,accept
sama,ill
limang,five
alalahanin,remember
where,where
kainin,eat
pabayaan,leave
banda,band
pasok,enter
bar,bar
kili,wetness
sandata,weapon
gagawa,builds
springs,springs
boyfriend,boyfriend
danny,danny
matapos,complete
kayamanan,wealth
ingat,caution
itay,daddy
rechampot,rechampot
pantalon,trousers
nanalo,victorious
espesyal,special
linya,line
libong,thousand
maniwala,believe
niyan,that
computer,computer
grado,grade
pansinin,notice
gunggong,loggerhead
tugtog,ringing
pagkamatay,death
trainer,trainer
madali,easy
karapatan,right
umaasa,hopeful
pinili,select
pendleton,pendleton
marahil,probably
school,school
new,new
isda,fish
pagdiriwang,celebration
scooter,scooter
halaga,value
kapangyarihan,power
raw,raw
paggawa,making
martini,Martini
gumising,wake up
sala,parlor
nababaliw,going crazy
hihinto,stops
klima,climate
umuwi,return
gabing,night
sigurong,sigurong
tinitingnan,viewing
puntahan,go
nakakaraan,ago
maligayang,welcome
hawak,possession
isipol,isipol
impormasyon,information
nanganganib,threatened
pinadala,expeditionary
chloe,chloe
relo,watch
lihim,secret
butas,hole
lumang,old
pinuno,leader
espadang,sword
makarating,reach
okubo,okubo
sinubukan,tested
nagawa,achievements
brad,brad
web,web
nagtatago,hoarder
bisita,visit
college,college
utot,flatulence
and,and
naglaro,played
laptop,laptop
importante,important
kakaibang,strange
utos,command
nakakatuwa,gladdening
tumakas,flee
katapusan,end
in,in
san,san
binigyan,given
nakakita,saw
magkano,much
birthday,birthday
pops,pops
sumakay,ride
kalahati,half
mawawala,disappear
tanungin,question
magalala,worry
balik,return
asan,where
naiisip,conceivably
maghanap,search
sitwasyon,situations
utak,brain
nawawala,missing
species,species
ibon,bird
boss,boss
pintuan,door
tatawagin,call
ahas,snake
non,non
isip,mind
langit,heaven
bard,Bard
lobo,balloon
sumali,join
sabihan,tell
hawakan,hold
phunsukh,phunsukh
alak,wine
bariles,barrel
gumulong,roll
papel,paper
six,six
gym,gym
magkakaroon,there
ayon,by
groans,groans
sinuman,anyone
aoshi,aoshi
number,number
pagpatay,killing
manager,manager
masira,wear
kulang,inadequate
uminom,drink
susubukan,try
upuan,seat
hubarin,undress
casting,casting
bitiwan,resign from
nyan,nyan
gawing,make
george,george
pilyong,pilyong
umiindak,swaying
param,param
bibigyan,given
your,your
gulo,mess
iwan,leave behind
nagustuhan,Liked
damit,clothing
manahimik,lull
pangit,ugly
simpleng,simple
araw-araw,everyday
paligid,surroundings
nagbalik,returns
yelo,ice
lumayas,get out
tigilan,stop
mang,any
burns,burns
guy,guy
mag-ingat,beware
kolehiyo,college
kulungan,jail
yay,yay
kumakain,eating
mainit,hot
don,don
malamang,likely
mananatili,retained
inimbita,invited
address,address
that,that
erebor,Erebor
chest,chest
potter,potter
france,france
mahaba,long
lalong,more
bye,bye
niloloko,fooling
pangangailangan,need
magagandang,beautiful
matulog,sleep
sagutin,answer
by,by
kaharian,kingdom
kanta,song
agrikultura,agriculture
ruta,route
gandalf,gandalf
masarap,delicious
ebidensiya,evidence
bantay,guard
tinanong,asked
kana,that
naniniwala,convinced
credit,credit
natagpuan,found
tauriel,Tauriel
e,e
nalang,just
screeching,screeching
anim,six
interview,interview
likas,inherent
kasing,as
halimaw,beast
arkenstone,arkenstone
doctor,doctor
happy,happy
bangkay,corpse
pakinggan,hear
kalahating,half
nangako,pledged
pakiramdam,feeling
layo,distance
kababayan,countryman
mero,mero
lkaw,You personally
komersiyal,commercial
asami,asami
attention,attention
sira-ulo,crazy
bobo,stupid
papaano,how
naglalaro,playing
kriminal,criminal
kaso,case
shogun,shogun
malinaw,clear
magsasama,include
manok,chicken
ho,sir
min,min
papasok,incoming
tunnel,tunnel
napakalaking,enormous
ahh,ahh
washroom,washroom
panalo,victory
durin,durin
ipagpaumanhin,excuse
mag-aral,study
kaaway,enemy
magtrabaho,work
bulag,blind
bilangguan,prison
mabuting,good
lason,poison
young-guk,Young-guk
sniffing,sniffing
paara,Paara
pelikula,movie
ituloy,pursue
nagpunta,went
de,de
iisa,alone
personal,personal
maliliit,small
what,what
kukunin,take
karera,races
kalawakan,galaxy
guro,teacher
kwarto,quarto
outtakes,outtakes
camera,camera
palaki,bigger
pagitan,interval
bayan,town
konti,few
ibabaw,surface
doktor,doctor
africa,africa
paa,foot
magtiwala,trust
iniwan,leave
siraulo,siraulo
iyang,his
hayun,there
germany,germany
akina,akina
sinungaling,liar
la,la
tanging,only
mundong,world
magpahinga,relax
kunan,shoot
right,right
lider,leader
tatawagan,call
magpatuloy,continue
susuko,surrender
resulta,result
gasp,gasp
meows,meows
plus,plus
master,master
gumamit,use
pogi,Handsome
papayag,please
pressure,pressure
gitna,heart
digmaan,war
tindahan,shop
nandun,luck
ayun,there
teacher,teacher
banal,holy
pupuntahan,destination
luke,luke
ngang,then
matinding,severe
nakalipas,past
kaagad,immediately
sariling,own
gumagastos,spending
mary,mary
matakot,fear
nabubuhay,prosperous
dogcatcher,dogcatcher
hubert,hubert
dinala,brought
disyerto,desert
luma,old
lumalaki,grow
cleaner,cleaner
pwersa,forces
regalo,gift
nagpatuloy,continued
kasaysayan,history
nakakuha,earned
disney,disney
tatawag,call
ashley,ashley
nakakaalam,privy
tsaka,stick
tumatakbo,running
magpakailanman,forever
ball,ball
sugat,wound
pakakasalan,marry
high,high
maikling,short
magbigay,give
edukasyon,education
mahalin,love
pababa,down
makapasok,infiltrate
magmadali,hurry
makipag-sex,having sex
sweet,sweet
kaiba,weird
bato,stone
kombinasyon,combination
madilim,dark
tagamasid,observer
kalangitan,ethereal
iniligtas,saved
shamaldas,shamaldas
sobra,surplus
santiago,santiago
date,dating
habulin,chase
puti,white
tawagin,call
pinakamataas,topless
tumpok,pile
karne,meat
tangina,tangina
caprice,caprice
hilig,inclined
ugali,habit
malalaking,large
pugad,nest
misao,misao
masyado,too
nagbigay,provided
gamot,medicine
taxi,taxi
pweding,pweding
ticket,tickets
lupain,land
maskuladong,muscular
special,special
lumalabas,out
nakasakay,on board
it,it
dami,volume
pagmamahal,affection
gisingin,wake up
reaper,reaper
sukat,measure
sundin,follow
thudding,thudding
isarado,close
hudyat,password
mahina,weak
scientist,scientist
leather,leather
magtanong,ask
shakku,shakku
matalik,close
nakaraang,previous
tanda,mark
palaso,arrow
naghihintay,waiting
linisin,clean
kasong,case
nagkamali,mistaken
ilong,nose
nararamdaman,sentient
dalian,be quick
tweeeet,tweeeet
little,little
kontrata,contract
tahanan,home
amoy,odor
stock,stock
normal,normally
katutubo,grassroots
titingnan,look
binigay,provided
kumagat,bite
muntik,almost
gulong,tire
impiyerno,hell
ayan,ayan
biro,joke
magkasama,together
daddy,daddy
sumipa,kick
bibig,mouth
sanang,would
kinakailangan,needed
kumpanya,company
maliban,except
nah,nah
baboy,pork
mamayang,later
tunog,sound
babaeng,female
parte,part
inverter,inverter
maghahanap,Scouts
gas,gas
payo,counsel
tungkulin,office
audition,audition
kilos,motion
saklolo,succor
take,take
umamin,admit
christmas,christmas
tiberius,Tiberius
hiyas,jewel
ex,ex
sewers,sewers
photographer,photographer
bat,bat
kainis,annoying
ow,ow
magdala,carry
yong,yong
ipaliwanag,explain
bandang,around
sahig,floor
upo,sit
ninyong,you
dakilang,great
team,team
kaligtasan,safety
beer,beer
marcus,marcus
kabilang,including
god,god
pruweba,proof
store,store
imposible,impossible
lola,grandmother
magsimula,begin
kampanya,campaign
charity,charity
ems,ems
soak,soak
cheese,cheese
satin,satin
suhas,suhas
ibalik,return
punong,head
daang,hundred
papasukin,enter
komportable,cozy
coulais,coulais
dickie,dickie
south,south
bibitawan,release
maling,false
fund,fund
numero,number
sirain,destroy
nakatingin,looking
ays,ays
fort,fort
nagsisinungaling,untruthful
bumagsak,crash
sumisitsit,hissing
puta,hooker
taga,hacking
makipag-usap,communicate
room,room
bruce,bruce
hitsura,appearance
nakatago,hidden
lasing,drunk
nag-aaral,studying
cute,cute
sapatos,shoe
bagsak,defeated
gate,gate
nangyayaring,happening
berdeng,green
sarsa,sauce
teritoryo,territory
sasakyan,vehicle
smaug,smaug
pinapanood,watched
over,over
sinusubukan,trying
milya,mile
oil,oil
mag-isip,to think
kami-kami,ourselves
lebel,levels
nato,nato
tulog,asleep
kukuha,take
magalit,ornery
weekend,weekend
nandiyan,there
harapan,facade
fraternity,fraternity
dorkoff,dorkoff
makatulong,avail
mamamayan,citizen
pagdalo,attendance
kahulugan,meaning
kabayaran,compensation
kumilos,act
marunong,wise
detectives,detectives
bulaklak,flower
europa,Europe
siyudad,city
chang,chang
makakagawa,able
aww,aww
sunod,order
mabubuhay,viable
kalang,wedge
market,market
ka-date,a date
b,b
utang,loan
talaan,record
kaha-de-yero,pack-de-galvanized
edi,edi
kasali,participant
stuttering,stuttering
baso,glass
walanghiya,walanghiya
gustong-gusto,wish
biyahe,trip
guldur,Guldur
isara,close
night,night
nagbabago,mutable
nagkita,meet
fellas,fellas
bigla,suddenly
ginto,gold
panahong,time
artista,actor
nakasuot,armor
feature,feature
pangalawa,second
manood,watch
cell,cell
anumang,any
dumaan,pass through
mayroong,there
biyernes,Friday
book,book
naglason,poisoned
nazaret,Nazareth
cheonan,cheonan
tinanggal,deleted
milyon,million
tumira,settle
elf,elf
nagbago,reformed
i.c.e,i.c.e
maniniwala,believe
layas,elopement
taba,fat
basura,waste
squealing,squealing
gastos,expenses
nakatayo,standing
jab,jab
pagpalakpak,cheering
analyst,analyst
matangkad,tall
sinulat,wrote
inaresto,arrested
center,center
ganda,beauty
kutsara,spoon
deputik,deputik
sangkatauhan,mankind
makihalubilo,mix
kinakain,eat
nakaligtas,survivors
blender,blender
rapanui,rapanui
magustuhan,like
dol,dol
kakain,eat
sulok,corner
india,india
anuman,whatever
reiko,reiko
kausap,talking
paper,paper
hatulan,judge
police,police
ayusin,fix
nag-aalala,worried
report,report
dr.,dr.
meowing,meowing
hay,hay
apple,apple
nagkakamali,mistaken
hayaang,allow
minutos,minutos
amore,amore
kadiliman,darkness
curtis,curtis
bag,handbag
pangyayari,event
nagbabayad,payer
nakikinig,listening
bahagi,part
gawain,task
tanggalin,remove
makausap,speak
maiintindihan,understand
uniporme,livery
kalagayan,condition
away,fight
nagdala,brought
mataba,greasy
masakit,painful
year,year
lalake,man
village,village
mauna,go ahead
tawad,bid
ipinanganak,born
tinapos,terminated
paghihiganti,retaliation
anino,shadow
umiinom,drinking
inaasahan,hope
kamo,you
maawa,have mercy
disenyo,design
talim,blade
pangarap,dream
nahulog,fell
laging,always
ooh,ooh
mayaman,rich
alagad,disciple
about,about
desisyon,decision
d,d
lumapit,approach
nandyan,it's there
nakatanggap,received
balang,locust
sundan,follow
batas,law
tinutukoy,determined
lng,lng
susie,susie
mag-partner,to partner
tokyo,tokyo
grupo,group
balanse,balance
halip,rather
magtatagal,lasting
tutulungan,help
dakila,great
matatapos,ends
nasabi,underwritten
nakakulong,pent
nakikipag-sex,sex
presyo,price
tapat,faithful
office,office
andyan,there
father,father
can,can
dioxide,dioxide
pabor,favor
nakikiusap,pleads
tirahan,dwelling
nasaktan,offended
hulaan,predict
club,club
ganiyan,such
kutsilyo,knife
flushed,flushed
dahan-dahan,slowly
nakitang,found
pakawalan,release
ingay,noise
lumubog,swamp
exclaiming,exclaiming
usok,smoke
ginugulo,ginugulo
makitang,see
brooklyn,brooklyn
nakikilala,discernible
sira-ulong,wrong-headed
segundo,second
nagsabi,said
maliwanag,bright
hanay,line
nabasa,read
ituro,point
atmosphere,atmosphere
business,business
french,french
pumapasok,inlet
maghihintay,wait
pantay,equal
makakasama,will
condom,condom
libre,Free
hayan,there
namamatay,moribund
security,security
pag-unlad,progress
sniffs,sniffs
negosyo,business
shrimp,shrimp
akbar,akbar
ibenta,sell
last,last
lumalaking,growing
lolo,grandfather
dulo,end
iiwan,leave
palang,falange
gang,gang
pinabayaan,derelict
kalmado,calm
resibo,receipt
sistema,system
sagot,answer
message,message
ninakaw,stolen
paglipas,passing
oakenshield,Oakenshield
squeaks,squeaks
video,video
whining,whining
naglaho,disappeared
nauna,former
butil,grain
klaseng,kind
natutunan,learned
darling,darling
napakagandang,very good
naamoy,smell
tanggal,disconnected
photogenic,photogenic
matalino,clever
ari,property
magawa,cope with
giyera,war
question,question
all,all
fine,fine
letrato,picture
bituin,star
nawalan,bereaved
nina,by
nakukuha,transmitted
mahigit,more
oso,bear
humihikbi,sobbing
mg,mg
nagmamahal,loves
tinawagan,called
project,project
army,army
ricky,ricky
pizza,pizza
talino,brains
mind,mind
growlr,growlr
buweno,well
paggamit,use
voicemail,voicemail
metal,metal
pagwasak,wrecking
paruparo,butterfly
nagsasalita,speaker
kapani-paniwala,credible
ginang,madam
mangyaring,please
krafft,krafft
makipagkita,contact
pwera,pwera
pakain,feed
jackie,jackie
matandang,old
posisyon,position
pinagmulan,source
humingi,ask for
sarado,closed
karamihan,mostly
surpresa,surprises
siguraduhin,make sure
set,set
sweetpea,sweetpea
sling,sling
natutulog,sleeping
nagtuturo,directive
bale,promissory note
ardilya,squirrel
kumakanta,sings
sarhento,sergeant
milyun,millions
sampu,ten
gumagalaw,moving
mahuli,lag
celine,celine
hila,hauling
tattoo,tattoo
lumilipad,flying
pulgada,inch
uling,charcoal
squeaking,squeaking
saktan,hurt
barilin,shoot
banyo,bathroom
parusa,penalty
volunteer,volunteer
palayain,release
mapanganib,dangerous
nasiyahan,satisfied
lna,lna
karapat-dapat,worthy
mesiyas,Messiah
umaalis,retiring
online,online
hudyo,Jew
tumaas,rise
timeshare,timeshare
tutulong,help
cool,cool
bumaril,shoot
cellphone,cellphone
halikayo,come here
obvious,obvious
panig,side
timog,south
day,day
sunugin,fire
galileo,Galileo
tuluyan,accommodation
itanong,ask
nabanggit,mentioned
pagkawala,loss
hininga,breath
hintayin,wait
detalye,specification
lamesa,table
warming,warming
propesiya,prophecy
sanosuke,sanosuke
call,call
cap,cap
makapunta,get over
greenland,greenland
kalma,tranquil
gumagana,functional
hakbang,step
tutal,tutal
alagaan,take care of
pessimist,pessimist
big,big
top,top
pangkaraniwan,common
palaging,always
tatanungin,asked
putulin,cut off
super,super
kaylan,when
harapin,confront
makasama,harm
leeg,neck
kababalaghan,phenomenon
jcub,jcub
makipaglaro,play
bitawan,resign from
nakaupo,seated
morning,morning
lumaban,fight
end,end
down,down
rugby,rugby
nag-away,fought
eksenang,scene
colt,colt
bangka,boat
boys,boys
tweeet,Tweeet
magpakamatay,suicide
tv,tv
mariya,mariya
binabalak,intend
halikan,kiss
have,have
gising,awake
nagpadala,sender
ilagay,place
chapstick,chapstick
magkaibigan,confirm
itago,hide
natapos,completed
nagagawa,done
kelan,when
ngipin,tooth
babayaran,pay
kaliwang,the left
dote,dowry
hangal,silly
kwentang,kwentang
paranoid,paranoid
magsabi,tell
malayang,independent
manalo,win
nagkataon,arbitrarily
mamahalin,expensive
york,york
maria,maria
wildlife,wildlife
millimeter,millimeter
palitan,change
itaas,upper
abang,rent
handog,sacrifice
tali,leash
clips,clips
matigas,tough
mabaliw,insane
pedro,pedro
sausage,sausage
sinumang,any
presinto,precinct
direktor,director
swerte,luck
kanino,whom
palakasin,reinforce
pag-aaral,learning
marinig,hear
katulong,assistant
arai,arai
bintana,window
modelo,model
mamamatay-tao,murderer
pinakamahirap,most
matatagalan,intolerable
suso,breast
samurai,samurai
iwanan,leave
isla,island
chad,chad
puting,white
dingding,wall
cup,cup
alipin,slave
pasyente,patient
kasalukuyang,current
pinakamahusay,best
sabay,time
pinakamalaking,largest
shet,shet
kapalaran,fate
karakter,chars
espiya,spies
lalaban,fight
balin,water hose
mediterranean,mediterranean
ini-sponsor,sponsored
cruisebears,cruisebears
ilaw,light
bantayan,guard
ungol,growling
binili,purchase
tatakbo,run
killer,killer
kahalagahan,importance
punyeta,dam
hospital,hospital
eroplano,plane
cabin,cabin
two,two
gilid,edge
makakakuha,get
yamang,since
nakatuon,dedicated
pangatlong,third
reserba,reserve
nakapunta,been
memory,memory
home,home
solusyon,solution
banging,banging
tuparin,accomplish
kahina-hinala,dubious
tupa,sheep
infected,infected
think,think
screen,screen
makaalis,rid
pinakain,fed
wayne,wayne
mesa,table
creuse,creuse
whoo,whoo
mapanood,watch
tiningnan,viewed
maitim,dark
lima,five
porn,porn
neckties,neckties
job,job
ji,ji
crime,crime
richards,richards
coroner,coroner
nagturo,taught
bubong,roof
america,American
nainfected,nainfected
seoul,seoul
hip-hop,hip-hop
magagamit,available
bakas,trace
pag-ubo,cough
ilusyon,illusion
do,do
tinatanong,asked
ilalagay,place
john,john
pinapaligiran,surrounding
singsing,ring
in-gil,in-gil
TRUE,TRUE
sumpa,curse
roon,there
hisses,hisses
alagang,Pet
thank,thank
gay,gay
person,person
naparoroon,coming
pagusapan,discuss
magsama,take
tungo,to
maverify,verify
jason,jason
sequence,sequence
nakatakas,escaped
marius,marius
pagmultahin,fine
papalapit,approaching
pagkakataong,time
am,am
coach,coach
open,open
gacy,gacy
paghihirap,misery
ambulansya,ambulance
inamin,admitted
suicide,suicide
dental,dental
haring,king
dale,unprovoked attack
maaalala,remember
guru,guru
talent,talent
nori,nori
mag-focus,focus
way,way
leon,lion
mount,mount
page,page
pakikipag-usap,conversation
magsisimula,starts
hotel,hotel
daldalan,chattering
itinuturo,teaching
bili,bought
humiga,lie
pista,feast
hollywood,hollywood
kinabukasan,morrow
nagkakagulo,unruly
samin,ours
pinag-uusapan,in question
county,county
violence,violence
riles,metals
tumagal,last
salitang,word
stress,stress
clip,clip
bit,bit
pagtawag,calling
lumakad,walk
pinagsasabi,talking
tiyak,certainly
aga,earliness
ktx,ktx
kolesterol,cholesterol
kalahi,consanguine
listahan,list
puwera,exclusive
naka-lock,Locked
mapigil,controllable
main,main
square,square
halik,kiss
nagnanais,wants
wizard,wizard
mahiya,magic
kahilingan,request
magkikita,meet
abo,gray
tatanga-tanga,foolishly
voice,voice
ilabas,externalize
east,east
magdadala,take
bombur,bombur
mag-enjoy,enjoy
usapan,talk
ipaalam,inform
charlie,charlie
napakagaling,surpassing
layuan,shun
roommate,roommate
kalaro,pal
magugustuhan,love
kaw,kaw
tumatawag,calling
nauuhaw,thirsty
nag-iisa,alone
binabati,congratulations
model,mannequin
profile,profiles
bilib,believe
naba,NABA
one,one
bigote,mustache
sleepy,sleepy
signal,signals
nag-jakol,you suck
ipadala,send
titulo,title
cock,cock
hanggat,unless
hukbo,army
pagbigyan,indulge
suh,suh
kasunduan,agreement
matibay,durable
tipong,types
bulsa,pocket
mood,mood
petsa,date
ikinalulungkot,sorry
nakakahiya,embarrassing
stage,stage
baliktad,reverse
pagbalik,return
alpha,alpha
go,go
inabot,took
umiyak,cry
asset,assets
hintay,wait
tagahanga,fan
ibabalik,returned
buhok,hair
mother,mother
kakampi,ally
abala,bother
minutong,minute
disyembre,December
mountains,mountains
tawanan,laughter
cottage,cottage
okra,okra
burol,hill
kundoktor,kundoktor
kwelyo,collar
martinez,martinez
kinauupuan,seat
komentaryo,commentary
basagin,smash
sumulat,write
mahuhuli,late
punong-puno,full
kahanga-hanga,amazing
diretso,straight
package,package
chhote,chhote
kinikita,earnings
mapupunta,directed
diploma,diploma
isipan,thought
bumukas,become open
check,check
panatilihin,keep
national,national
pagkuha,taking
bote,bottle
komunikasyon,communications
napakahusay,excellent
malungkot,sad
prometheus,prometheus
nag-iwan,leaving
sinasagot,answer
mensahe,message
napadaan,passed by
ladakh,Ladakh
libreng,free
kanan,right
salapi,money
gagamitin,used
duwag,cowardly
great,great
summer,summer
alamat,legend
masabi,remark
kanlurang,western
huminga,breathe
tatanggapin,Downloads
kalsada,road
kanto,corner
barks,barks
pre,pre
glass,glass
bakasyon,holiday
matapang,brave
temperatura,temperature
luko-luko,buffoon
point,point
global,global
perpekto,perfect
galaw,motion
makaligtas,survive
hahayaan,let's
konteng,konteng
makakakita,access
kaliwa,left
bayaran,pay
tumulong,help
hahanapin,finds
nagawang,able
silbi,useless
palagi,always
naibigay,donated
epekto,effect
jacket,jacket
asukal,sugar
kahinaan,weakness
tenga,ear
state,state
leonard,leonard
dahon,leaf
nakakalibog,nakakalibog
lsa,lSA
bayad,payment
kapitan,captain
opis,office
kasamaan,evil
pari,priest
investors,investors
makakatipid,saves
gayahin,imitate
madaling,easy
koryente,electricity
claudia,claudia
katarungan,equity
maya-maya,later on
nagugutom,hungry
panay,steady
clattering,clattering
barabas,fiend
coat,coat
kapayapaan,peace
edad,age
herodes,herodes
siyam,nine
twittering,twittering
gumalaw,stir
napunta,ended
pumayag,accede
mmm,mmm
campaign,campaign
umire,umire
hinding-hindi,never
boses,voice
mahihirap,poor
nilagay,put
lubos,totally
contestants,contestants
train,train
medical,medical
balbas,beard
kasiyahan,pleasure
balon,excavation
makahanap,find
makilala,recognize
fossil,fossil
pataniman,plantation
water,water
nakahanap,finder
greenhouse,greenhouse
edo,edo
kulay,color
inosente,innocent
windmills,windmills
lalamunan,throat
pinasok,entered
malinis,clean
tinitigasan,tinitigasan
ginagawang,makes
nagaalala,worried
bastos,rude
palpak,palpak
malamig,cold
nagagamit,usable
iisang,one
nasisiraan,discouraged
gumaling,recover
seiku,seiku
clue,clue
mangangalakal,merchant
makapangyarihang,powerful
habol,chasing
tomboy,tomboy
edition,edition
limited,limited
dion,dion
malalim,deep
huwebes,Thursday
mabuhok,hairy
sandaling,Once
pag-isipan,thought to
dasal,prayer
natira,remainder
nagbibiro,jocose
pagbabago,change
phil,phil
lunes,Monday
boy,boy
pumupunta,goes
movie,movie
respeto,respect
kakulangan,shortage
kalakal,goods
labanan,fight
matatanda,adults
suntok,blow
nakakainis,annoying
pakainin,dependent
magbubukid,farmer
nag-enjoy,you enjoy
ingatan,keep
fans,fans
paghiwalay,disintegration
kagubatan,wilderness
kawal,soldier
daniels,daniels
doble,doubly
magpanggap,pretend
queen,queen
inuulit,repeat
puff,puff
ginagampanan,roles
muling,again
magpapatuloy,continue
humpay,lull
nagsasabi,tells
magbabawas-tubig,reduce water
grade,grade
juan,juan
itype,itype
kliente,client
sabihing,say
umiiyak,crying
tinatawagan,calling
uuwi,return
pinaplano,planned
food,food
kaunti,bit
dapa,flounder
baguhin,change
nagmula,from
maalat,salty
konting,dry
misteryo,mystery
four,four
sanga,branch
iuwi,bring home
balak,intention
tipo,type
pwet,anus
mineral,mineral
saserdote,priest
dallas,dallas
text,text
okenshield,okenshield
not,not
nakasulat,written
pinanganak,born
angkan,family
nagmamadali,hurriedly
channel,channel
nagbabanggaan,colliding
imichi,imichi
ginawang,made
kaalaman,knowledge
matindi,severe
machine,machines
kaunting,a little
first,first
padre,padre
ikinagagalak,rejoice
maisip,conceive
mapa,map
ginoong,gentleman
gosh,gosh
non-profit,non-profit
zero,zero
fan,fan
aksyon,action
babe,babe
haiti,Haiti
masayang,fun
ipasa,pass on
e-mails,e-mails
stevens,stevens
napakaguwapo,handsome
karangalan,honor
her,her
jihee,JIHEE
biglang,abruptly
bathtub,bathtub
nanggaling,derivative
i-order,order
nagtagumpay,victor
extras,extras
mabigat,heavily
matandaan,remember
natatandaan,mindful
bilhin,buy
assomption,Assomption
hah,hah
hinahamon,challenged
makikitang,found
pulutong,lot
purring,purring
umasa,reckon
patuluyin,harbor
kasamang,includes
buto,bone
garret,garret
tauhan,personnel
ipinapakita,displayed
madame,madame
panaginip,dream
saysay,null
templo,temple
demonyo,demon
kahapon,yesterday
nakarating,reached
bumangon,rise
sakop,subject
sinundan,followed
kapaligiran,environment
naka,air
barko,ship
abenader,abenader
mismong,itself
pustahan,betting
madalas,often
bulalas,ejaculation
manatiling,stay
magnakaw,steal
mapunta,land
opening,opening
kakainin,eat
nakaligtaan,omission
nagnanakaw,stealing
naiwan,remainder
cackling,cackling
nagtatalik,intercourse
pawang,all
kalakalan,trade
nanaginip,dream
inaalala,concerns
sisikat,rise
boom,boom
magsisisi,repent
piliin,select
nasusunog,burning
sayangin,waste
assistant,assistant
asahan,expect
itoy,young
talento,forte
pabalik,return
aw,aw
girion,girion
krimen,crime
magpadala,send
lakad,walk
shawn,shawn
tato,tattoo
magingat,beware
bam,bam
makulong,intern
lahi,race
sumasakay,riding
nauubusan,running out
nakakagulat,sensational
napakabuti,very good
hapon,afternoon
pagsusulat,writing
sugatan,wounded
pinanggalingan,source
inutusan,commanded
pagbangon,rising
tatalo,defeat
patayan,slaughter
kahihiyan,shame
stallion,stallion
bagyo,storm
peggy,peggy
mabubuhok,mabubuhok
umarte,emote
arts,arts
nag-aral,studied
programa,program
importanteng,important
naniwala,believed
bitag,trap
makukulong,jailed
asikasuhin,supervise
reputasyon,reputation
papuri,praise
preso,convict
saang,what
sumuko,give up
lilipad,flies
mababaw,shallow
act,act
nagpakita,showed
naglalakad,walking
pic,pic
nabuhay,lived
lto,lto
cable,cable
pagtanda,obsolescence
lalagyan,container
makatingin,look
postmaster,postmaster
inang,mother
magulang,parent
tila,apparently
re,re
nag-iisip,thinking
tinuturuan,educated
ika,th
no.,no.
nagresulta,resulted
pataasin,up
kasinungalingan,lie
isigaw,reveal
makakatulong,help
kalaki,much
payapa,tranquil
kabanalang,divinity
exams,exams
roti,roti
kasa-kasama,companion
magbabayad,pay
antigong,antique
ipinadala,sent
matulungan,help
uulitin,repeat
pinapalitan,replacing
paglabas,exit
librarian,librarian
tamad,lazy
naramdaman,felt
pills,pills
paglalakbay,travel
katao-tao,any people
magkasya,fit
engine,engines
saka,moreover
ramalingam,ramalingam
sinara,closed
magpapakasal,married
ipakikita,show
responsibilidad,responsibility
itatanong,ask
tatak,brand
makakain,eatable
isasama,included
traffic,traffic
naa,naa
kaluluwa,soul
qureshi,qureshi
tinuruan,trained
lumangoy,swim
saranggola,kite
panga,jaw
pumusta,bet
marumi,dirty
purong,roasted
hala,hala
medyas,stockings
hmmm,hmmm
campus,campus
dhillon,dhillon
delhi,delhi
pasahero,passenger
captain,captain
kalapastanganan,profanity
isulat,write
ihinto,stop
hangga,onwards
off,off
hindu,hindu
viru,viru
sahastrabuddhe,Sahastrabuddhe
paningin,sight
paumanhin,excuse
maunawaan,understand
bihasa,accustomed
larawan,picture
pinaslang,killed
makapasa,pass
kalooban,will
mailigtas,secure
ken,ken
iho,children
mistulang,apparent
relax,relax
lapis,pencil
ibinibigay,provided
kuwento,story
basag,cracked
taun-taon,annually
koel,koel
etc,etc
govind,govind
matanggap,be accepted
sasaktan,strike
magpakita,show
mambarurot,mambarurot
daigdig,earth
umihi,pee
kalakas,strong
blower,blower
sarge,sarge
crowning,crowning
makialam,tamper
addict,addict
sinusundan,preceding
napili,selection
himala,miracle
jacques,jacques
tatanggalin,deleted
barangay,barangay
housekeeping,housekeeping
sakali,in case
delikado,choosy
dhokla,dhokla
key,key
silahis,beam
pagkatalo,beating
sahod,wages
idea,idea
pusta,stakes
ialis,take away
talo,losing
volunteers,volunteers
negro,Negro
itataya,stake
lee,lee
friends,friends
fiive,fiive
militar,military
excited,excited
after,after
matagumpay,successful
mararahas,violent
katropa,katropa
samba,veneration
pierre,pierre
gana,appetite
matutuwa,glad
susmaryosep,susmaryosep
iinom,Drinking
ta,ta
abante,lead
lagay,tract
money,money
ganyang,such a
saw,saw
talunan,defeated
van,van
nawa,may
naputol,truncated
appointment,appointment
suit,suit
bibili,buy
pangalawang,second
makatarungan,just
lumikha,create
mag-aalay,offer
section,section
matatanggap,admissible
ibababa,humbled
titignan,look
bansang,country
scarf,scarf
napakaingay,tumultuous
suotin,wear
inaatake,attacked
iiyak,cry
tatandaan,remember
aminin,admit
inodoro,lavatory
sundalong,soldiers
itapon,throw
was,was
more,more
live,live
motor,motor
this,this
pendulum,pendulum
simple,simple
enjoy,enjoy
nagising,woke up
helmet,helmet
bandera,flag
password,password
kabanalan,holiness
photography,photography
turuan,teach
istvan,istvan
burahin,erase
katanungan,questions
ogag,ogag
corporation,corporation
sikreto,secret
london,London
pagkukunwari,affectation
usa,deer
makagawa,work
energy,energy
kapatagan,plains
dinggin,hear
pound,pound
simulan,start
talumpati,speech
munching,munching
paris,pair
mangkok,bowl
matabang,tasteless
matanda,elderly
groaning,groaning
makontak,contacted
mabibigla,mabibigla
paksa,subject
stammering,stammering
nakumbinse,convinced
yowls,yowls
hanap,seeking
ripper,ripper
pinsan,cousin
palayaw,nickname
saksi,witness
house,house
uh-huh,uh-huh
daluyan,vessel
hibik,pleading
whimpers,whimpers
aktibidad,activity
sama-sama,together
heavy,heavy
huwaran,pattern
algae,algae
ulap,cloud
peanut,peanut
ikabubuhay,subsistence
ugnayan,correlation
norman,norman
dinadala,being born
pag-crash,crash
proseso,process
molecule,molecule
organismo,organism
latag,weak
natunaw,melted
sigay,cockle
init,heat
pugon,fireplace
rush,rush
dibdib,breast
kopya,copy
henyo,genius
webcam,webcam
patutunguhan,destination
chanting,chanting
mayamang,wealthy
td,td
palihim,sly
sibilyan,civilian
kaninang,Thursday
maubos,exhaust
pinagkakatiwalaan,trust
henerasyon,generation
fletcher,fletcher
jessica,jessica
maaga,early
dumiretso,go directly to
lawin,hawk
pasumala,haphazard
nagulat,excited
chug,chug
whirring,whirring
sayang,alas
partido,party
woof,woof
clues,clues
estasyon,station
sunog,fire
ikuwento,recount
rebulto,statue
malaglag,shed
ninenerbyos,nervous
men,men
matamis,sweet
giggles,giggles
kinalaman,relation
pinagsama,combined
picture,picture
brown,brown
sumingit,cut in
manonood,spectator
kamiseta,shirt
ugh,ugh
makakapunta,makakapunta
bukod,moreover
kahadeyero,vaults
hula,prediction
maibigay,provided
presidente,president
mel,mel
nagsasara,closes
jingling,jingling
bakkyusai,bakkyusai
records,records
sheet,sheet
napakabilis,wildfire
hapunan,dinner
kumausap,talk
gagawing,make
dekada,decade
minister,minister
pumalit,supplant
palayo,farther
paghuhukay,digging
patuloy,continued
apektado,affected
sinunog,burned
pag-aalsa,uprising
yahiko,yahiko
manipis,thin
palaboy,outcast
erosion,erosion
cho,cho
emperor,emperor
tabang,fresh
umaagos,flowing
dumadanas,suffer
gobernador,governor
konsul,consul
takpan,cover
napagtanto,realizes
us,us
nakaisip,thought
cesar,cesar
karunungan,wisdom
pabagsakin,overthrow
pader,wall
tumawa,laugh
lpako,lpako
magbago,change
imahe,image
ipapako,crucified
lyong,lyong
nakalagay,situated
kamuhian,hate
baha,flood
bangladesh,bangladesh
glaciers,glaciers
pilat,scar
nakahanda,ready
octo,octo
eucalyptus,eucalyptus
borneo,Borneo
tyempo,timing
produksyon,production
beef,beef
kilong,pounds
litrong,liter
tonetoneladang,tons
pag-aalaga,Care
style,style
humanda,get ready
lasong,poison
kabukiran,countryside
tagtuyot,drought
industriyal,industrial
bukid,farm
skyscrapers,skyscrapers
china,china
sikat-araw,Popular day
nakagawa,done
kakayahan,capability
sikmura,stomach
mayayamang,wealthy
kilometro,kilometer
kusina,kitchen
siglo,century
tatapos,ends
asya,Asia
earth,earth
dumanak,flow
sojiro,Sojiro
maglaro,play
humihinga,breathing
inuubos,consumed
malawakang,comprehensive
metro,metro
jordan,Jordan
nasira,broken
shogunate,shogunate
patak,drops
pag-ulan,rainfall
kumukonte,kumukonte
panauhin,company
gumastos,spend
nagdadala,bringing
konte,konte
tugatog,peak
patungong,to
tankers,tankers
laki,size
lamig,cold
tango,nod
espanol,espanol
syota,sweetheart
sayong,early
hinanap,searched
shhh,shhh
makakaalis,it would
comedy,comedy
sumusobra,exceeds
pag-usapan,discuss
angeles,angeles
side,side
radagast,radagast
los,los
aparador,cupboard
kagustuhan,likes
nakausap,met
hayskul,high school
pinatawag,summoned
pagpalain,bless
lusubin,attack
stockroom,stockroom
stakeouts,stakeouts
bilanggo,prisoner
dahan,softness
matawagan,call
napakalayo,unapproachable
propesyonal,professional
sneak,sneak
malawak,extensive
alas,ace
trono,throne
history,history
mental,mental
nakikipag,communicates
pinilit,forced
pilak,silver
kanang,right
black,black
dalang,sparseness
pagsisisihan,regrets
maiiwan,leave
bargeman,bargeman
nagtago,hID
naglakbay,traveled
case,case
balat,skin
pang-stretch,long-stretched
kapalit,replacement
bangungot,nightmare
makapangyarihan,authoritative
commercial,commercial
namumuno,ruling
gugustuhin,rather
ikulong,shut up
malay,consciousness
katapusang,endless
unahan,fore
nalilito,confused
teresa,teresa
helo,hello
hmm,hmm
plot,plot
twist,twist
papatay,kill
kalendaryo,calendar
umaaligid,hovers
nakahubad,pink
involved,involved
demo,demo
dinner,dinner
faultline,faultline
white,white
titanium,titanium
bisitahin,visit
bawal,taboo
kuko,nail
kape,coffee
mura,cheap
wind,wind
boyfriends,boyfriends
lalakas,stronger
mistress,mistress
lena,lena
nagamit,used
student,student
parusahan,punish
gloin,Gloin
katapangan,bravery
titigil,stop
premyo,prize
magluto,cook
simbahan,church
nakakaaliw,entertaining
town,town
industriya,industry
kumikililing,kumikililing
red,red
sinabing,said
lake,lake
gagamba,spider
maigi,thoroughly
silver,silver
kinky,kinky
mirkwood,Mirkwood
nauubos,fail
ninuno,ancestor
marating,reached
player,player
myron,Myron
napansin,detected
hilaga,north
hiya,shame
azog,azog
tinawag,called
tinakot,threatened
lalabas,appear
paghahanap,search
calloway,calloway
manggulo,riot
baklang,baklang
necromancer,necromancer
tight,tight
patungo,toward
makakabalik,return
hour,hour
magdamagan,overnight
silangan,east
tiyan,stomach
players,players
ano-ano,ano
jacob,jacob
star,star
baggins,baggins
chain,chain
kabayo,horse
hairy,hairy
parin,still
mababa,low
laktawan,skip
nag-aaway,fighting
tingan,take a look
kapkapan,frisk
kagatin,sting
juice,juice
pamamaraan,scheme
pagnanakaw,theft
daga,rat
tsupain,tsupain
sasabihan,told
fundraiser,fundraiser
hinahangad,intended
magsasalita,gibber
in-order,in order
be,be
mag-thanksgiving,and thanksgiving
inubos,inubos
maipapagpatuloy,can continue
labag,inimical
haba,length
rings,rings
kahiya-hiyang,shameful
paniniwala,belief
aalala,concerned
makakita,see
maingat,cautious
garrett,garrett
mabagsik,relentless
kaninong,whose
pabang,pabang
nagbayad,pay
pinangako,promised
lumalakas,stronger
lumipat,switch
murder,murder
nalutas,resolved
pakakawalan,released
makipag-date,dating
nababalisa,upset
chuck,chuck
maitutulong,help
pinakamaganda,most beautiful
three,three
kasakiman,greed
nakinig,listened
contest,contest
mabulok,rot
napanood,watched
body,body
nanonood,spectator
um-order,be ordered
napakasarap,delicious
bloopers,bloopers
naisipan,thought of
mamang,mamang
makikinig,will
grim,grim
nakainom,drunk
i-roll,roll
long,long
tarantadong,tarantadong
reklamo,complaint
saglit,moment
astig,thug
ihagis,throw
airport,airport
hilagang,northern
mawawalan,lose
katungkulan,office
makatawid,pull through
dumadaan,passing
alfrid,Alfrid
blood,blood
pasalamatan,thank
thor,thor
joe,joe
bibitaw,bibitaw
itulak,push
munang,first
pagpapakamatay,suicide
hamak,sneaking
puwit,butt
sipsip,obsequious
ginulat,surprised
napakaganda,sublime
ka-brad,You brad
look,gulf
mag-aaral,student
saudi,saudi
hulihin,catch
carrier,carrier
frat,frat
kinokontrol,controlled
halata,obvious
an,the
ganung,ganung
nagalit,angry
gustuhin,want
angal,bawl
kumakalat,prevailing
texas,texas
triglycerides,triglycerides
muscle,muscle
in-interview,in-interview
makikilala,recognizable
kinidnap,kidnapped
pig,pig
nagugustuhan,dislike
hinuli,arrested
kusa,deliberately
festus,festus
naghahanda,preparing
atake,attack
meeting,meeting
ata,ata
pinakamalakas,superpower
district,district
hinay-hinay,slowly
pana,bow
kakanta,sing
sariwang,fresh
magpantalon,magpantalon
orihinal,original
gumaganap,plays
teneng,Teneng
vegas,vegas
tatlumpo,thirty
hudas,treacherous
ulila,orphan
freshmen,freshmen
tradition,tradition
pala-ulit,shovel again
drama,drama
pamumuhay,living
brief,brief
imperial,imperial
isuot,wear
bigat,weight
larry,larry
lyo,Thee
lyan,That
baybay,tracing
james,james
basang,wet
las,las
game,game
kurbata,necktie
ligaw,wild
tinig,voice
theory,theory
isa-isa,one by one
malacas,malacas
-gt,gt
pang-matanda,adult
physics,physics
walo,eight
semester,semester
magmumukha,looks
nahihiya,shy
hinihiritan,hinihiritan
coliseum,coliseum
pants,pants
bond,bond
hanapbuhay,occupation
pesteng,pesteng
naguusap,talking
trip,trip
kontenente,continent
illumination,illumination
gatas,milk
pamilyang,family
finale,finale
looban,robbery
labis,excess
junk,junk
whore,whore
lilim,shadow
part,part
oy,oy
sibilisasyon,civilization
lsang,lsang
konsehal,councilor
mag-hike,hike
events,events
suporta,support
shimla,Shimla
nabubulok,rotting
pinatigil,halted
babasagin,glassware
perpektong,perfect
surprise,surprise
naghanap,searched
magpapakita,show
tradisyon,tradition
website,website
oooh,oooh
bibigay,bibigay
sinulot,sinulot
matatapakan,matatapakan
nainom,nainom
gayunman,however
pambihirang,extraordinary
nakabaon,engrained
paham,scholarly
tinapay,bread
apelyido,surname
youtube,youtube
katagalan,the long run
kakayahang,ability
caipas,Caiaphas
nag-alis,Eliminating
mag-order,order
banana,banana
iniinom,oral
thanks,thanks
nagaganap,occurring
ipinagkanulo,betrayed
husgahan,decide
nagtanong,asked
lbaba,lbaba
patalim,knife
pinalitan,replaced
pm,pm
maghugas,wash
katiyakan,certainty
much,much
pagawaan,workshop
matatakasan,escape
paalsahin,leaven
sumisigaw,cry
pusong,rogue
masahin,knead
nagwawala,nagwawala
mapipisa,hatch
tol,toll
scramble,scramble
matteo,matteo
hita,thigh
umayos,regulate
hahanap,finds
classical,Classical
ihahanda,prepare
nakakalito,confusing
ipinapangako,promises
babaing,woman
onechanbara,onechanbara
humuhukay,digs
nakakakita,seeing
kuwenta,bill
hinog,ripe
hahaha,hahaha
howls,howls
paliliparin,germs
naabot,reached
helicopter,helicopter
humanap,seek
spanking,spanking
nabuo,generated
palugit,extension
makatagal,withstand
pagkabuhay,vitality
makumpleto,complete
d,d
bading,fairy
bilyon,billion
bumibilang,counting
purrs,purrs
no.,no.
arestuhin,arrest
imbensyon,invention
godspeed,godspeed
imbistigahin,investigate
iskor,score
magturo,teach
icheck,check
nagsasabing,says
professor,professor
rescue,rescue
mawalang-galang,excuse me
ad,ad
kailngan,kailngan
gravity,gravity
matutulog,sleep
survivors,survivors
lokasyon,location
elemento,element
pagganap,performance
break,break
makahap,makahap
hilain,pull
throttle,throttle
sisihin,blame
dito.,here.
hangguel,hangguel
imbistigasyon,probe
jeon,jeon
brakes,brakes
landas,path
sinakal,strangled
umubra,worked
naghalughog,searchers looked
kinakausap,talking to
isusulat,write
doggy,doggy
astronauts,astronauts
private,private
improv,improv
pumanaw,deceased
bangin,Cliff
ipinagbago,ipinagbago
magtagal,linger
makapag-aral,to study
patawad,forgiveness
homo,homo
mahulog,fall
sabon,soap
pens,pence
idemanda,sue
pekeng,fake
maghapon,day
thoughts,thoughts
mag-inuman,hobnob
bird,bird
nagtrabaho,worked
ballpen,ballpen
kanluran,west
kinitil,cut short
rain,rain
kuwentang,kuwentang
nakipag-away,fought
sumubok,try
ikwento,ikwento
nagsisimula,starts
pinalalabas,misrepresents
pakiabot,pakiabot
okey,okay
paliguan,bath
maligo,bathe
pahayag,statement
pagkikita,meeting
magulo,messy
bagay-bagay,circumstance
imbistigahan,investigated
maaasahan,reliable
humus,humus
haha,haha
operasyon,operation
maabot,reach
nakakalungkot,what a pity
pumupuksa,kill
abutin,catch
tinext,tinext
talon,waterfall
nagdudugtong,connects
professors,professors
yuki,yuki
binanggit,cited
isinusumpa,cursed
kumbinasyon,combination
lalayo,depart
nakikipag-away,fighting
pakay,aim
kalungkutan,sorrow
pakikibaka,struggle
nakikinabang,benefit
nakasabay,nakasabay
patagalin,extend
nilabanan,fought
paikutin,rotate
nakarinig,heard
ex-boyfriends,ex-boyfriends
salamangka,magic
hoji,hoji
orasan,clock
damdamin,feeling
kumukuha,taking
pagtaas,rise
tataas,increases
lagos,lagos
th,th
katayuan,status
kalat,widespread
masasamang,bad
papano,how
naranasan,experienced
punyetang,punyetang
pinutol,truncated
tree,tree
kasarap,kasarap
tatadtarin,tatadtarin
triple,triple
reflection,reflection
pumipigil,prohibitive
nagkakaroon,having
bdsm,bdsm
mamuno,lead
name,name
paniwalaan,credit
teorya,theory
mananalo,champion
easter,easter
island,island
pushup,pushup
american,american
bundat,glutted
kuryente,current
ginhawa,softness
patatas,potato
pinunta,pinunta
bigas,rice
fencing,fencing
i-check,Check
lawak,extent
kapal,thickness
natutunaw,melting
binenta,sold
kamiya,kamiya
dojo,dojo
pole,poles
suportahan,support
nakikipagharutan,nakikipagharutan
nag-break,breaks
megumi,megumi
nagbubuga,spew
suutin,penetrate
dumadaing,cry
humahanap,seeketh
toba-fushimi,toba-fushimi
buhangin,sand
plugs,plugs
bagamat,although
butt,butt
diversity,diversity
maselan,discriminatory
napalitan,changed
gatong,fuel
umiinit,warming
nasubukan,tested
nangangailangan,needy
kilo,kilogram
hiramin,borrow
lokal,local
sumobra,overrun
impresyon,impression
dead,dead
gawaan,workshop
nakatalaga,resigned
pangangailangang,need
nagsulat,wrote
lubhang,very
celebrity,celebrities
castle,castle
magkabilang,both
photographic,photographic
natapik,glued
paikot,cyclic
mystery,mystery
nageensayo,practicing
disyertong,desert
magpagawa,build
napakaraming,too
modelong,model
kanluranin,western
mag-sex,either sex
kwenta,accounts
paglaki,growth
inayos,furnished
alat,policeman
saan-saan,everywhere
gawang,acts
lumipad,fly
tonelada,tonne
sinisira,breaking
nalilibugan,nalilibugan
hinala,suspicion
i-preorder,i preordered
tumatagos,tumatagos
usap-usapan,rumor
duktor,doctor
odawara,Odawara
nagse-sex,slept
deforestation,deforestation
plato,plate
soybeans,soybeans
ibinaba,down
mr.shishio,mr.shishio
biodiversity,biodiversity
core,core
nabalitaan,heard
makamit,gain
diapers,diapers
naubos,exhausted
pang-agrikultura,Agricultural
kinopya,copied
length,length
dumarating,inbound
nakakahiyang,embarrassing
husay,good quality
polusyon,pollution
latian,swampy
makaipon,accumulate
napakahalaga,invaluable
kotetsu,Kotetsu
ganap,full
iniluluwa,regurgitated
tag-araw,summer
lipunan,society
nilikha,creature
nagasone,nagasone
pakikipagsapalaran,adventure
kataas,tall
climate,climate
minamahal,dear
bigatin,person of importance
panggatong,firewood
kikita,earn
bumibili,buyer
patas,draw
forest,forest
ganoong,that
tanim,inset
land,land
lnyong,lnyong
kontrolin,control
gyera,war
supply,supply
bituka,intestine
puwang,gap
sumipsip,suck
solidaridad,solidarity
paghiwalayin,separate
lumaganap,spread
petrochemical,petrochemical
paggalang,courtesy
dadanak,shed
huhulihin,arrest
aling,which
nawawalang,missing
pagdurusa,suffering
nasyon,nation
rebelyon,rebellion
pinagbago,pinagbago
kontinente,continent
pestisidyo,pesticide
cells,cells
lsinumpa,lsinumpa
mamatay-tao,killer
eksperimentong,experimental
shinoo-shoot,Shinoo shoot
napakahaba,too long
mauubos,consumed
wine,wine
katunayan,fact
gigibain,demolished
accounting,accounting
hanggan,end
sumpain,damn
yugto,stage
katahimikan,silence
sulit,worth
iniluluwas,exports
baybayin,shore
pulong,meeting
kasapi,member
nagkasala,guilty
litro,liter
tine-text,tine-text
iceland,iceland
lpinagkaila,lpinagkaila
kunwari,bluff
lwan,lwan
coal-fired,coal-fired
namalayan,knew
denmark,denmark
plant,plant
hatol,judgment
electricity,electricity
bingo,bingo
simbolo,symbol
nakakaranas,experience
tiyakin,make sure
pataba,fertilizer
makapupunta,going
phenomena,phenomena
nakikitang,visible
pagligtas,rescue
ganges,Ganges
mahalagang,important
himalayas,Himalayas
katwiran,reason
paglipat,switch
maiinom,beverages
paglago,growth
table,table
pantasiya,fantasy
tanikala,cords
napakahalagang,very
binabantayan,monitors
tawaging,call
change,change
dakpin,arrest
kumot,bedding
mananandata,mananandata
susunugin,offerings
pinagsasaluhan,sharing
bumitiw,bumitiw
raffle,raffle
humahalo,blends
mabababang,low
tumataas,rising
tumutubo,growing
pang-araw-araw,day-to-day
makoto,makoto
kabaligtaran,opposite
diaper,diaper
delubyo,deluge
paunlarin,further
pipiliin,choose
ektarya,hectare
hinintay,waited
pagkasira,destruction
suwerte,good luck
military,military
gumagamit,user
pagbati,congratulations
siglong,century
kakayanin,kakayanin
maingay,noisy
angkop,suitable
kapatiran,brotherhood
pagmasdan,lo
minahal,dear
babalikan,return
teritoryong,territory
truck,truck
bayani,hero
daegu,daegu
nagkasayahan,orgy
gulay,vegetable
buhatin,lift up
pagharap,appearance
permafrost,permafrost
nalason,poisoned
mabalisa,upset
methane,methane
kontrol,control
makapagsasabi,tell
host,host
magbihis,dress
mauuna,precedence
naligtas,saved
itinanong,asked
tinatanggal,deleted
umiihi,peeing
paralisado,paralyzed
pamumunuan,lead
order,order
saree,saree
leche,Damn
research,Research
ngumiti,smile
tatanggap,recipients
bolahin,draw the lucky numbers
pictures,pictures
sakupin,seize
tapang,courage
pananghalian,luncheon
pahirap,torture
bihag,captive
base,base
chapter,chapter
induction,induction
nagte-text,texting
tinupad,fulfilled
permiso,permit
ipinakita,presented
ihi-mail,urine-mail
mahihina,weak
awayin,spar
beijing,beijing
let,Let
advanced,advanced
pagtulong,support
compound,compound
axis,axis
niligtas,saved
pencil,pencil
lead,lead
if,if
tumalon,jump
floor,floor
inihian,inihian
she,she
inarkila,enlisted
uusigin,persecuted
pulang,red
selyo,seal
ari-arian,property
napaka-cute,very cute
fafda,fafda
khakhra,Khakhra
sputnik,sputnik
karaming,many
yuck,yuck
papalitan,change
kinasal,married
patunayan,prove
maligtas,save
aabot,take
welcome,welcome
binibining,Miss
belo,veil
sumagot,reply
binti,leg
kikitain,revenue
lalagyanan,containers
isusumpa,curse
pagtatawanan,merriment
united,united
makatulog,fall asleep
bida,hero
a-ano,What a
magpapakamatay,himself
kinamumuhian,hate
ditong,here
explosion,explosion
tisoy,tisoy
baling,baling
nagde-deliver,delivering
tumpak,precise
pag-uugali,behavior
makatayo,stand
sakay,rider
nakasama,incorporated
sisigaw,cry
skipped,skipped
ipalalabas,be shown
magkakatrabaho,magkakatrabaho
sinisiguro,ensures
ahitin,shave
baho,stink
fee,fee
nagtungo,headed
karl,karl
biyaya,grace
pagmamaneho,driving
allies,allies
francisco,francisco
lumilipas,transient
bangdu,bangdu
patents,patents
cruise,cruise
item,items
magpasalamat,thank
nr,nr
nagiinspection,nagiinspection
sasagutin,answer
nauunawaan,incomprehensible
investment,investment
booking,booking
ranggo,rank
babagsak,down
ininvest,invested
bawiin,withdraw
nalulungkot,sorry
kinumpiska,confiscated
mail,mail
data,data
palalayain,release
maam,maam
ehhhh,ehhhh
panlimang,fifth
site,sites
ibabaon,buried
japanese,japanese
paulit-ulit,over and over again
pinaniwalaan,accredited
niluto,cooked
class,class
kandila,candle
granada,grenade
mag-ayos,groom
masayang-masaya,very happy
andre,andre
nakabalik,return
hungary,hungary
pakasal,wed
mayweather,mayweather
pinaghirapan,worked
kakatwang,weird
napakahirap,hard
nagsama,associated
girlfriend,girlfriend
wang,whang
libingan,grave
highway,highway
final,final
neil,neil
ilayo,take away
inisip,thought
kanal,canal
makainom,drunk
dyalekto,dialect
come,come
account,account
math,math
punto,point
sinimulan,started
nagkukunwari,mincing
mangmang,boob
subtitles,English subtitles
ala-ala,memory
but,but
masasayang,cheerful
pipirma,sign
armstrong,armstrong
tagal,duration
mofsen,mofsen
network,network
kamera,camera
aklat,book
colonia,colonia
pagiisip,way of thinking
kabisado,memorized
from,from
want,want
mapayapang,peaceful
baryo,barrio
bwan,bwan
abalang,busy
guguluhin,confound
chismis,rumor
angelo,angelo
iminumungkahi,suggest
adik,addictive
kagwapuhan,kagwapuhan
pokemon,pokemon
napapansin,perceptible
damuhan,lawn
january,january
geography,geography
marquis,marquis
neto,net
sergeant,sergeant
hinto,stop
intindihin,understand
bumisita,visit
times,Helped
jackson,jackson
nilabasan,whom
palad,palm
kasamaang,with the
rhine,rhine
here,here
life,life
been,been
equatorial,equatorial
lupang,land
tatangapin,accepted
kababaihan,woman
monsignor,Monsignor
giyerang,warfare
inggit,envy
hippolyte,hippolyte
baguhan,beginner
pindutin,press
paliwanagan,reasoning
halina,let go
totoy,sonny
anyway,anyway
kagamitang,equipment
pagbuo,development
legal,legally
batay,based
republika,republic
nanirahan,lived
kilalanin,recognize
eve,eve
bayaning,heroes
he,ugh
vive,vive
search,search
bro,bro
read,read
cases,cases
why,why
ability-player,ability-player
as,as
twenty-nine,twenty-nine
at-,and-
seventeen,seventeen
usual,usual
who,who
germs,germs
august,august
nasusulat,written
ows,ows
kala,tortoiseshell
putang,putang
list,list
asap,fume
corazon,corazon
makakarating,lands
gunting,scissors
tuwalya,towel
ipit,nippers
nagnakaw,stolen
kumagami,kumagami
dumadalaw,visit
paul,foul
course,course
minutes,minutes
ten,ten
beerhouse,beerhouse
baterya,battery
wires,wires
gauge,gauge
etong,etong
pindutan,button
payag,willing
uubusin,consume
terminator,terminator
hamon,challenge
lubog,submerged
lokohin,outwit
sidekick,sidekick
paglalaba,washing
siyanga,Indeed
altar,altar
biscuit,biscuits
minalas,minalas
saakin,to me
bunganga,crater
envelope,envelope
customer,customer
kamukha,like
arabia,arabia
opisyal,officials
writer,writer
st.,st.
nagpakamatay,suicide
otosaka,otosaka
sagrada,Sagrada
love,Mahal
inunan,placenta
francs,francs
watch,watch
maryvonne,Maryvonne
maginuman,maginuman
patpat,stick
paki,please
ntp,NTP
ihatid,transmit
taglish,taglish
madam,madam
gun,gun
comment,comment
abot,overtaking
pakisabi,please
aray,ouch
nasasaktan,pained
bala,bullet
sumugod,rush
panganib-,risk-
makapatay,deadly
nagbilang,counted
schwarzenegger,schwarzenegger
football,football
paaralan,school
ginulo,distracted
centimeter,centimeter
gumana,function
engot,engot
posible,possible
remedyo,remedy
hiwalay,apart
ability-wielders,ability-wielders
company,company
tanghal,exhibit
yu,yu
a-ang,to the
bwisit,bwisit
fifty,fifty
nagbibilang,counts
mapapanatili,preserved
mapagmatiyag,vigilant
posibleng,possibly
napakabait,goody-goody
singer,singer
music,music
saaang,saaang
gabayan,guide
konduktor,conductor
kaibagan,kaibagan
makasakay,ride
harangan,block
siyensya,science
masisipin,masisipin
ikaquarantine,ikaquarantine
magbibigay,will
paguusap,conversation
kasalan,wedding
area,area
restricted,restricted
nakakontak,unable
isusunod,isusunod
magpaliwanag,expound
moral,moral
silbing,meaningless
pagiwan,abandonment
expert,expert
mandalay,Mandalay
david,david
humuli,catch
sound,sound
pakasalan,marry
aatake,attacker
mangunguna,lead
magsasabi,tell
cars,cars
nagsamasama,gathered
natulungan,helped
beans,beans
pagpapatakbo,operation
makokontak,contact
konduktor.,conductor.
tita,aunt
pumayat,thin
kinain,eat
quarantine,quarantine
gumala,roam
paliitin,reduce
honeymoon,honeymoon
naglilingkod,servant
magisip,to think
nickname,nickname
fetus,fetus
sleepy.,sleepy.
isinama,integrated
round,round
pake,care
hunghang,foolish
busan.,busan.
bigay,giving
dubey,dubey
pakibigay,please
kukuhanan,capture
hahayaang,allow
scoop,scoop
favor,Please
naquarantine,naquarantine
ipinabalik,sent
presyon,pressure
bus,bus
express,express
pagbagsak,collapse
ceo,ceo
ukol,about
nangyayare,nangyayare
napakatahimik,very quiet
iahat,iahat
matutunan,learn
ipapaalam,informs
hahabulin,chase
makakapasa,makakapasa
points,points
paglulukbay,paglulukbay
hetong,hetong
ikuha,get
makalabas,leak
humihinto,stops
higpitan,tighten
bersiyon,version
damihan,increase
inimbitahan,invited
masligtas,masligtas
air-conditioner,air-conditioner
iabas,Outside
aral,teaching
kararating,just arrived
nailigtas,saved
ipapangalan,named
su-yun,su-yun
yoon,yoon
humahanga,impressed
mag-usap,talk to
naghain,filed
mabibitawan,mabibitawan
nakahiga,lying
pattern,pattern
masiniisip,masiniisip
kabila,despite
nakaharang,obstructing
kaguluhang,conflict
planta,plant
ta-talaga,ta-really
pagdepensa,defense
later,later
try,try
circus,circus
available,available
calling,calling
latigo,whipping
naturuan,taught
ex-wife,ex-wife
magtuturo,instructor
prinactice,prinactice
busan-bound,busan-bound
sabing,said
kapakanan,welfare
umusod,edged herself
mabuksan,open
eighties,eighties
nagpapakakuba,nagpapakakuba
mauunawaan,intelligible
h,h
km,km
eczema,eczema
km,km
sumulpot,mushroom
cm,cm
katangkad,tall
natatawa,laughing
ringtone,ringtones
pasalamat,thankfulness
choice,choice
santa,santa
makadaan,makadaan
masmahihirapan,masmahihirapan
masmarami,more
gintong,gold leaf
masikip,crowded
nagtitinda,selling
nay,more
gainto,gainto
unggoy,monkey
pakitaan,show
nakaaalam,unknown
nakakagat,bite
nakagat,bitten
tumutulong,help
nilagpasan,passing
sexual,sexual
ung,ung
pensyon,pensions
kammo,Kammo
paki-alam,Please know
tableta,pill
magsakripisyo,sacrifice
cauliflower,cauliflower
handang,ready
nakakatanggap,receiving
dadaanan,dadaanan
uljin,Uljin
sinama,excluded
humihingi,asks
pakicheck,pakicheck
nagpapasalamat,thankful
kahinahinalang,suspicious
natakot,scared
tahan,tahan
in-charge,in-charge
lunch,lunch
pagkabalik,return
magayos,magayos
tinubos,redeemed
independence,independence
malaya,free
tanggpin,tanggpin
namimiss,missing
ishashare,ishashare
magshashare,magshashare
paunmanhin,Sorry
humuhuni,humming
magaaral,students
madala,bear
riot,riots
indiscriminate,indiscriminate
naghihingalo,dying
nationwide,nationwide
himig,melody
naka-anesthesia,turned anesthesia
insidente,incident
masmalala,more severe
kumalma,lull
hippocratic,hippocratic
oath,oath
cr,cr
pagaaral,study
matutulad,likened
mukang,mukang
dinidemanda,the majority
practice,practice
isinakay,loaded
nagkakasakitan,nagkakasakitan
nagmakaawa,pleaded
makipagusap,communicate
patient,patient
dysfunctional,dysfunctional
naibaba,lowered
maghiwalay,part
kinausap,negotiated
magusap,talk to
gandang,nice
nagka-emergency,Was emergency
nevermind,nevermind
tutuparin,keep
books,books
itinuloy,continued
desperado,desperate
recital,recital
iregalo,give as a gift
walang-hiyang,shameless
mr.kim,mr.kim
dine-date,dine-date
lumuhod,kneel
tatapusin,finishes
masmabuting,it's better
pinayagan,allowed
panigurado,panigurado
magshare,magshare
mauupuan,seat
kasabay,conjunction
eyes,eyes
fresh,fresh
kyo-shi,kyo-shi
passengers,passengers
departing,departing
central,central
kamuntikan,kamuntikan
kumanta,sing
inaabuso,abused
pagkanta,cantillation
see,see
magpakabusy,magpakabusy
maghihiwalay,separated
bouncer,bouncer
makakalaya,be set free
makikinabang,benefit
mapigilan,hamper
mahinahon,discreet
zombies,zombies
word,word
basehan,basis
ibat,What
pagaksyon,pagaksyon
mabilisang,fly
macontrol,macontrol
ipinatutupad,implemented
magtungo,head
nangangako,promise
property,property
itatayo,build
dako,place
nagririot,nagririot
pondo,fund
naka-off,turned off
masiyahan,please
binarurot,binarurot
jong-gil,Jong-gil
yeosu,yeosu
barurot,barurot
permanenteng,permanent
hihintuan,stops
napagisipan,thought of
gagampanan,perform
full,full
tuhod,knee
sumasakit,hurting
masalalahanin,masalalahanin
panauhing,guest
pandangal,honorary
napakabuting,very good
ministro,minister
pinakamagandang,best
masmatanda,older
sisiguraduhin,ensuring
mommy,mommy
winala,have lost
pwersahan,force
nakararanas,experiencing
rachel,rachel
ilolocked,ilolocked
locked,locked
artists,artists
casualties,casualties
increasing,increasing
massive,massive
literary,literary
sung-kyung,sung-kyung
bayarin,bill
sang-hwa,sang-hwa
knocks,knocks
makipag-inuman,carouse
nagpapatakbo,runs
peak,peak
rick,rick
pagaralin,pagaralin
ray,ray
isinara,shut
tatawa,laugh
pinagsarhan,shut
masimulan,begin
seok-woo,seok-woo
parag,parag
nagaaway-away,fighting each
bumabyahe,commutes
buntis,pregnant
anu-ano,what
aware,aware
film,film
makakalimutan,will forget
kaligtaan,neglect
ipapakain,feed
pasyal,stroll
maglibang,recreate
kagandahan,beauty
science,science
barurutin,barurutin
hihingi,ask
imbentaryo,inventory
general,general
surgery,surgery
saksakan,socket
barya,coin
kaley,kaley
maibibigay,offer
nabibilang,Country
hinahabol,chasing
lady,lady
kasunod,subsequent
tumitingin,Viewers
inuutusan,commanded
mahiwagang,magical
upahan,hired
armado,armed
sori,sori
malalakas,strong
magkagusto,relish
karayom,needle
pinakita,showed
test,test
daanan,passage
uh-oh,uh-oh
mapupuksa,get rid of
lunurin,drown
magkakilala,each other
arabo,Arabic
radar,radar
sasagot,answer
technically,technically
tumatahol,barking
tumutogtog,tumutogtog
sibat,spear
legolas,competitor
manirahan,settle
strippers,strippers
role,role
shows,shows
magtatagumpay,succeed
blog,blog
ipagkakaila,deny
ipagpatuloy,continue
north,north
bi-polar,bi-polar
lonely,lonely
kissed,kissed
we,we
shit,shit
ikinatutuwa,pleased
inilatag,laid
cover,cover
mababang,low
inaasikaso,inaasikaso
labindalawang,twelve
gagalaw,gagalaw
accent,accent
kapa,cape
kandidato,candidate
alahas,jewelry
magahasa,impetuous
nasama,nasama
mabubuksan,opened
supot,bag
papanoorin,watch
mani,peanut
nag-imbita,invited
pantog,bladder
naiihi,naiihi
arkeinston,arkeinston
pagkataastaas,lofty
depende,dependent
tatraydurin,tatraydurin
humarap,present
malubha,serious
carrie,carrie
elven,elven
plastic,plastic
maligaya,happily
katibayan,proof
pambanat,firming
magka-brad,have a brad
kelangang,kelangang
xxx,xxx
namuong,clot
evidence,evidence
kasuhan,joints
i-play,play
nagbabagang,breaking
athelas,athelas
ilalabas,released
daloy,stream
lakasan,strengthen
kadena,chain
naghanda,prepared
uubra,uubra
hinihiling,requirement
muffled,muffled
manunulat,writer
alisan,rid of
karanasan,experience
nag-sex,have sex
wha-oooh,wha-oooh
delta,delta
wop,wop
katumbas,equivalent
umusog,scroll
binayaran,paid
asa,hope
balanseng,balanced
lubusan,thoroughly
tinuturo,teaching
tag-lagas,autumn
mahirapan,labor
napakaguwapong,very handsome
kalayaan,freedom
mag-audition,audition
bye-bye,bye-bye
donasyon,donation
earpieces,earpieces
homeland,homeland
derick,derick
makikiraan,makikiraan
ubusin,consume
kasosyo,partner
pitong,seven
proyekto,project
hatch,hatch
talian,tie
magdudulot,cause
payaso,clown
nayan,nayan
kliyente,client
nakikipaglaro,playing
nakasagupa,nakasagupa
nakakakilabot,nakakakilabot
partner,partner
anymore,anymore
binalaan,warned
rack,rack
da,da
laro,game
awa,pity
masisira,ruined
kakausapin,talk
ubos,low
maaapektuhan,affected
sandatang,weapons
jets,jets
tinamaan,stricken
mamamana,archer
ilaan,reserve
tsinupa,tsinupa
atakihin,attack
kontrolado,controlled
seksing,sexy
spell,spell
hugis,shape
mabubulok,rot
dark,dark
shhhh,shhhh
hilahin,haul
nagsusuot,wear
stalker,stalker
labing,ravine
lasa,taste
nag-iinuman,drinking
academy,academy
anyos,years
makinang,brilliant
sumasagot,respondent
pinalaya,released
wha,wha
gano,Brigitte
longganisa,sausage
laking,sized
binilo,Snowball
nakabantay,guard
naiilang,naiilang
iniipon,saving
alikabok,dust
niyebeng,snow
lilinawin,lilinawin
mag-unat,stretch
kinumbinsi,convinced
magpakilala,denote
pagalit,hostile
nakakaakit,glamor
napaka-guwapo,very handsome
yoga,yoga
pang-alis,incisor
kidlat,lightning
gusali,building
power,power
tore,tower
matutulungan,help
luha,tear
tulak,thrust
resort,resort
pinagmamasdan,watching
princess,princess
program,program
warrior,warrior
harry,harry
o.,or.
sakaling,ever
katangian,characteristic
nagmamakaawa,begging
mainip,bore
holidays,holidays
buwisit,unlucky
boba,stupid
cracking,cracking
seksi,sexy
pinapunta,sent
nervously,nervously
kulog,thunder
kawalan,loss
magsitigil,magsitigil
grab,grab
sticks,sticks
umabot,reach
jr,jr
nations,nations
ibahin,change
damo,grass
kabaliwan,madness
pagbisita,visit
fred,fred
sumbrero,lintel
sue,sue
napakalaki,overwhelming
birth,birth
masusunog,fireproof
umatras,withdrew
dumadami,escalating
balikat,shoulder
nirerespeto,respects
rantso,ranch
squirrel,squirrel
groundbreaking,groundbreaking
pagpapahalaga,appreciation
place,place
pinapakain,feeding
mamimili,consumer
boston,boston
maglalabas,issue
lumalaban,resistant
mamahinga,relax
protektahan,protect
entire,entire
stalling,stalling
pinagmamalaki,proud
nayon,village
alang,consideration
lasunin,poison
billy,billy
koochi,koochi
ipahuli,cause the arrest of
renta,rent
fi,fi
sci,sci
whooping,whooping
sinusumpa,curse
tumuloy,proceed
ungas,idiot
fetch,fetch
pinapatawag,pinapatawag
good-bye,good-bye
naghihiraman,borrowing
blades,blades
maglinis,clean
esgaroth,Esgaroth
gagalitin,anger
labasan,exit
pelikulang,movie
tulay,bridge
mark,mark
city,city
naglilinis,detergent
pumalakat,rant
jail,jail
dramatic,dramatic
hinataw,bopped
napakatanga,stupid
ellen,ellen
nakapikit,closed
paalis,leaving
nagpapanggap,pretends
stick,stick
nakalulugod,pleasing
dinroga,dinroga
hobbit,hobbit
nag-practice,practice
version,version
umaliw,comfy
salbahe,barbaric
pare-pareho,equally
draft,draft
kasintahan,girlfriend
guinea,guinea
silay,they
ikukuha,will get
crystal,crystal
makakahinga,can stand
homicide,homicide
istorya,story
cyanobacteria,cyanobacteria
customers,customers
or,or
pook,place
tuka,beak
prom,prom
kaliskis,scales
pandayan,foundry
bofur,bofur
lapit,nearness
nagyeyelo,freezing
paperwork,paperwork
reps,reps
million,million
blade,blade
alkohol,alcohol
magtago,hide
nagkakasunduan,AGREE
mapoot,hate
mandaragit,predator
instincts,instincts
lalaslasin,lalaslasin
blue,blue
donor,donor
tantanan,leave alone
aksaya,wasting
magkadugtong,linked
magkakatotoo,magkakatotoo
deal,deal
koponan,team
shirt,shirt
dunland,Dunland
mahahaba,long
haay,hehe
panabing,sunblind
psychiatrist,Psychiatrists
pinapakita,shown
lumipas,elapse
aksidente,accident
kapuisa,hood
masanay,train
umusbong,sprout
franklin,franklin
lyrics,lyrics
beachwood,beachwood
ilipat,move
spain,spain
tuyo,dry
bumuo,form
nilinaw,clarified
seven,seven
nagpabago,changed
mapagbigay,generous
gagana,work
halamang,plant
pamilyar,familiar
chuckling,chuckling
binabalaan,warns
tagasunod,follower
oxyheno,oxyheno
pasta,pasta
kumukulo,boiling
bakal,steel
pabulong,whispering
bubukas,opens
like,like
dwarfs,dwarfs
maliligo,bathe
pagkabukas,openness
magtatanong,pump
i-date,to date
umpisa,beginning
nabali,broken
maibalik,return
uusap,conversations
bagaman,though
hook,hook
panonoorin,watch
matututunan,learn
lumitaw,appear
lumason,poison
fili,fili
ingles,English
president,president
masunog,fire
daungan,harbor
nakamasid,watching
greenwood,greenwood
makarinig,hear
i-hold,hold
tuta,puppy
eleksyon,election
english,english
nakagamit,nakagamit
siberia,siberia
keys,keys
yowling,yowling
iligaw,mislead
door,door
isakdal,prosecute
magbayad,pay
perang,money
patawa,parody
kamakailan,recently
pangatlo,third
asinta,setting smth. in place
pulubi,Lazarus
russian,russian
gasolina,gasoline
butter,butter
alamin,find out
maiba,change
pogo,pogo
psst,psst
coral,coral
magagalit,angry
mapapansin,observable
moko,mocha
matulad,resemble
iyo.,you.
week,week
got,got
palikuran,toilet
mayron,there is
internet,internet
magbasa,read
dinga,dinga
naririto,present
pagsasama,inclusion
imbitasyon,invitation
babasaging,glass
malusog,healthy
kanlungan,shelter
lama,lama
ika-,th
pamahalaan,government
naghihirap,poverty-stricken
gampanan,perform
lasinggero,lasinggero
makapal,thick
maibabalik,restored
bubuksan,opened
pinagdaanan,trail
ambisyon,ambition
sha-bop,sha-bop
diretsong,straight
kailaliman,abyss
tub,tub
changitty,changitty
paanan,foot
pagkakaalam,awareness
chi,chi
studio,studio
preston,preston
kuno,kuno
tinapon,exile
models,models
sambahayan,household
yippity,yippity
mararating,approachable
pagbulong-bulong,muttering
desyerto,deserted
wadda,wadda
nako,I
reefs,reefs
bain,bain
stand,stand
tukador,shelf
sagana,plentiful
rebolusyon,revolution
mangingisda,fisherman
sharon,sharon
taste,taste
maleta,suitcase
drag,drag
lumalaganap,spreading
lungkot,loneliness
mandirigma,warrior
luntian,green
tuktok,top
magkakasama,together
tagapasunod,enforcer
storya,story
parehas,similarly
hold,hold
makasarili,selfish
woodlands,woodlands
character,character
snarling,snarling
management,management
windlance,windlance
mina,mine
ugat,root
best,best
news,news
court,court
stone,stone
umakyat,climb
whee,whee
fountain,fountain
stop,stop
dumadagundong,thundering
nickelodeon,Nickelodeon
pakpak,wing
kasya,fit
tagapagligtas,savior
pahintulot,permission
baga,lung
bryce,bryce
iniimbistigahan,investigated
family,family
makakahanap,find
nago-audition,Nago-audition
samahan,organization
agwat,interval
sigawan,shout
interest,interest
matulungin,helpful
squeals,squeals
wanna,wanna
experience,experience
tumila,subside
pasasalamat,thanks
angong,angong
shepard,Shepard
reyna,queen
german,german
galang,courtesy
trying,trying
naghalikan,naghalikan
pinaka-rewarding,most rewarding
damme,Damme
theater,theater
maluwalhating,glorious
beras,beras
mag-relax,relax
bridge,bridge
geyser,geyser
ipawalang-sala,indemnify
kumustang,kumustang
napaka-sexy,very sexy
kadiring,kadiring
mahalay,grossly
pang-anim,sixth
antayin,wait
kargada,freight
dose-dosenang,dozens
sumalangit,sumalangit
sus,gosh
pupulbusin,pupulbusin
curly,curly
how,how
fuji,fuji
panyero,colleague
nagpasakit,feigned
pwedeng-,pwedeng-
atang,and the
unahin,prioritize
nagtataka,wondering
hokage,hokage
pirata,pirate
pinapasuko,pinapasuko
banta,threat
hinubo,hinubo
piece,piece
sombrerong,hat
gumanap,perform
niri-remake,niri remake
makapanilawa,makapanilawa
watched,watched
alemang,German
using,using
mrs.beat.,mrs.beat.
awat,weaned
napagdisisyunan,napagdisisyunan
location,location
cyrus,cyrus
mas-convincing,more convincing
lost,lost
gagandang,gagandang
gaganap,perform
costume,costume
kasunduang,agreement
maginoong,gentleman
mababago,changeable
negrong,negrong
entertainment,entertainment
mag-hanap,to miss
naglakad,walking
arms,arms
bean,bean
shy,shy
tumutungo,lead
classic,classic
muzta,sup
kalendaryong,calendar
kagigising,woke up
miley,miley
mkv,mkv
inalis,removed
jazz,jazz
nagdesisyon,decided
lalantad,reveals itself barefaced
iabot,hand
apakan,footrest
dagdag,extra
dwende,dwende
boise,boise
laughs,laughs
idaho,idaho
magpasawalang,ever
pumunit,break away
ubo,cough
mawalang,excuse
sinugo,sent
self-deluded,self-deluded
maligamgam,lukewarm
lelang,grandmother
saamin,to us
luwagan,ease
butiki,lizard
tin,tin
panangga,shield
sauna,at first
buwaya,crocodile
lock,lock
chupain,chupain
mapanira,blasting
salamin,glass
backstage,backstage
pang-santa,long-santa
owner,owner
kasuutan,costume
sheesh,sheesh
yaounde,yaounde
alemans,alemans
jerky,jerky
cream,cream
jalapeo,jalapeo
pinadapa,bade
ta-translate,ta Translate
jelly,jelly
cathedral,cathedral
gonna-ehersisyo,gonna work