Thai,English
ที่,that
การ,the
เป็น,are
ใน,in
จะ,will
มี,have
ของ,of
ไม่,not
และ,and
ได้,have
ว่า,that
ไป,go
ให้,give
มา,come
ก็,then
คน,people
ความ,the
แล้ว,already
กับ,with
อยู่,are
หรือ,or
กัน,together
นี้,this
แต่,but
จาก,from
อย่าง,at
เขา,he
ต้อง,must
ด้วย,with
ขึ้น,up
นั้น,that
ผู้,person
ซึ่ง,which
ตาม,according
มาก,very
โดย,by
ใช้,use
เรื่อง,subject
ยัง,to
ทาง,way
เรา,we
ผม,I
ทำ,do
อีก,more
เมื่อ,when
ฉัน,I
เข้า,enter
หนึ่ง,one
เพื่อ,for
ถึง,to
เพราะ,because
ดี,good
ออก,out
เห็น,see
เกิด,birth
คือ,is
เธอ,her
จึง,therefore
ไว้,hold
ตัว,body
กว่า,than
ทำให้,make
คุณ,you
เลย,at all
ปี,year
ไทย,Thailand
มัน,it
ทั้ง,both
อะไร,what
ถ้า,if
ต่อ,per
ลง,down
เวลา,time
ส่วน,part
ต่าง,different
วัน,day
ทุก,each
อาจ,may
แบบ,model
ประเทศ,country
ก่อน,before
ถูก,cheap
ดู,see
รู้,know
เอา,take
อื่น,another
ครั้ง,time
เช่น,such as
นะ,I
สอง,two
หน้า,page
นาย,Mr.
บอก,tell
กลับ,back
งาน,work
นำ,lead
แห่ง,of
จน,until
บาง,some
เด็ก,child
เหมือน,as
พระ,priest
คิด,think
นี่,this
ได้รับ,get
พูด,say
บ้าน,home
สามารถ,can
เคย,ever
ชีวิต,life
ด้าน,side
ใคร,who
รับ,receive
หลาย,many
สิ่ง,thing
เสียง,sound
ใหม่,new
อยาก,want
คง,probably
หา,find
มอง,look
คำ,words
ปัญหา,problem
สังคม,social
กลุ่ม,group
ใช่,Yes!
ใด,any
ท่าน,thou
น้ำ,water
กำลัง,power
ลูก,baby
ขอ,ask
จริง,real
แม่,mother
ช่วย,help
พอ,enough
ระหว่าง,between
เงิน,money
เอง,own
ใหญ่,big
สำหรับ,for
โลก,world
ผล,results
แสดง,show
อัน,the
เดิน,walk
พี่,elder
สร้าง,create
เสีย,waste
พบ,find
ทำงาน,work
สี,color
น่า,probably
ใจ,mind
กำหนด,set
เมือง,city
บน,on
ที่สุด,most
แก่,to
น้อย,little
มาตรา,section
กิน,eat
ระบบ,system
ร่วม,join
หาก,if
ควร,ought
พัฒนา,develop
สูง,high
เดียว,single
ตัวเอง,itself
แรก,first
อาหาร,food
พวก,they
สาว,girl
ครับ,I
หลัง,after
นัก,the
ฝ่าย,cotton
เพื่อน,friend
ถาม,ask
กล่าว,say
กรณี,case
ส่ง,send
เพียง,just
เริ่ม,begin
ตา,eye
บ้าง,some
ข้อ,article
ช่วง,phase
ระดับ,degree
ตน,self
รัก,fond
เกี่ยวกับ,about
จัด,set
ห้อง,room
ลักษณะ,look
วันที่,date
กฎหมาย,law
ดังกล่าว,aforementioned
อำนาจ,power
พ่อ,father
ไหน,where
หนังสือ,book
บุคคล,person
รวม,sum
จำนวน,number
ตอน,when
พิจารณา,consider
เรียน,study
ทรง,shape
ภาพ,image
ตรง,straight
ยิ่ง,more
ชอบ,like
ภาษา,language
ตั้งแต่,since
ดัง,as
ตั้ง,set
ผ่าน,past
เข้าใจ,understand
นั่ง,sit
เปิด,open
ต่อไป,next
รู้สึก,feel
ก็ได้,Any
กระทำ,act
พ.ศ.,BE
สำคัญ,important
นาน,long
จีน,China
เดือน,month
ชื่อ,name
รถ,car
เศรษฐกิจ,economy
มือ,hand
ตาย,dead
ชาติ,nation
เท่านั้น,only
การศึกษา,study
ฟัง,listen
ละ,per
เล็ก,small
รัฐบาล,government
หญิง,female
รัฐ,state
เพิ่ม,add
ผิด,wrong
ขนาด,size
ยา,drug
เรียก,Call
ล่ะ,it
หมด,depleted
เล่น,play
สาม,three
ค่ะ,here
ค่า,cost
ภายใน,within
บาท,baht
มนุษย์,man
หลัก,main
การเมือง,politics
ประชาชน,people
ซื้อ,buy
อ่าน,read
เสนอ,offer
อย่างไร,how
ผู้หญิง,female
ชาว,people
แต่ละ,each
ต้องการ,want
ข้อมูล,information
รักษา,treat
คะ,it
ใส่,put
พร้อม,together
เจ้า,you
ปฏิบัติ,practice
ลด,reduce
ขาย,sell
ตลอด,throughout
มัก,often
ติด,stick
เขียน,write
ก็คือ,it is
ประชุม,conference
คณะกรรมการ,board
ทำไม,why
แค่,just
หน้าที่,duty
ระยะ,phase
ศึกษา,study
รูป,form
ผลิต,manufacture
อย่า,do not
เลือก,select
นั่น,that
สู่,to
หรือไม่,or not
เดียวกัน,same
ตอบ,answer
ชั้น,class
เปลี่ยน,shift
ตำแหน่ง,position
สัก,tattoo
ประโยชน์,benefit
ความคิด,idea
พยายาม,attempt
ประจำ,regular
สมัย,period
เล่า,recalled
เก็บ,store
แม้,even
แล้วก็,then
นอน,sleep
ราคา,price
สิทธิ,claim
กระทรวง,ministry
วัฒนธรรม,culture
ชาย,male
ปัจจุบัน,present
โอกาส,chance
วิธี,method
เดิม,old
พื้นที่,area
หรอก,I
ใบ,blade
เหตุ,because of
ปรากฏ,appear
แก,for
ถือ,hold
ครู,teacher
ตนเอง,self
ดำเนินการ,actions
รู้จัก,know
สุข,happiness
รอบ,around
หมอ,physician
ข้าง,side
สัมพันธ์,relationships
อาการ,symptom
เกิน,over
ชนิด,type
ประเภท,category
จำเป็น,necessary
ประกอบ,Weaver
โรค,disease
ร้าน,store
จังหวัด,province
พา,lead
เนื่องจาก,since
คืน,night
น้อง,brother
โดยเฉพาะ,especially
ราชการ,service
ประมาณ,about
ง่าย,easy
เปลี่ยนแปลง,change
ไหม,silk
ทราบ,know
อายุ,age
นา,The
ทั้งหมด,all
ความรู้สึก,sense
พรรค,party
สภา,council
เรียกว่า,called
ที,T
นาง,Mrs.
ภาค,sector
โครงการ,project
แทน,represent
เชื่อ,believe
น่ะ,I
โรงเรียน,school
บริษัท,company
หัว,head
หัน,turned
กลาง,middle
จับ,catch
ล้าน,million
ยาว,long
คู่,couple
ครอบครัว,family
เดินทาง,travel
ประกาศ,announce
ที่อยู่,address
หนู,rat
เหล่านี้,these
บริการ,service
ยืน,stand
ข้าว,rice
คณะ,board
สิ,Business
ยอม,permit
วิธีการ,How
ดังนั้น,so
แตกต่าง,differ
สินค้า,goods
วัด,measure
สภาพ,condition
เปล่า,blank
กลายเป็น,become
ยก,lift
ยิ้ม,smile
ชุด,series
ปาก,mouth
รอ,wait
จุด,point
แรง,force
ไม่ว่า,no matter
บริหาร,manage
ย่อม,inevitably
สิบ,ten
ราย,more
ต้น,beginning
นโยบาย,policy
ตัวอย่าง,example
เท่า,fold
ใกล้,close
วาง,place
หาย,disappear
ญี่ปุ่น,Japanese
อนุญาต,allow
อาศัย,dwell
สอน,taught
แนว,streak
ร่าง,draft
วิจัย,research
ความรู้,knowledge
หลังจาก,after
ปกติ,normal
เฉพาะ,specifically
ธรรมชาติ,nature
ส่วนใหญ่,mostly
สัตว์,animal
ไง,how
นิยม,popularity
เพลง,music
ไม้,Wood
ตลาด,market
ผู้ชาย,man
ยังไง,how
ควบคุม,control
หล่อน,her
สมาชิก,member
สวย,pretty
ทันที,soon
นอก,out
อา,Ah!
จบ,complete
ดูแล,care
พิเศษ,special
บริเวณ,area
สำนักงาน,office
ประการ,the
เจอ,come across
วันนี้,today
เขต,county
สาย,line
มิ,Smith
ทั้งนี้,The
จัดการ,manage
ทางการ,official
เจ้าของ,owner
รวมทั้ง,including
ยุค,era
แก้ไข,modify
นอกจาก,except
ตรวจ,inspect
ยาก,difficult
สัญญา,contract
ตอนนี้,now
ประธาน,president
แดง,red
รีบ,hurry
บังคับ,force
ชุมชน,community
ความหมาย,meaning
บท,chapter
โต,grow
ทหาร,soldier
จิต,mind
ขาด,lacking
อารมณ์,mood
ประตู,door
ขาว,white
สั่ง,order
เป็นต้น,etc.
ปลา,fish
ทั่ว,over
ปล่อย,release
สถาบัน,institution
ยอมรับ,accept
ระเบียบ,order
เหลือ,remaining
ฐานะ,position
ฉบับ,issue
ข่าว,news
รายงาน,report
หัวใจ,heart
ดิฉัน,I
คุย,talk
แพทย์,physician
สนับสนุน,support
เสมอ,always
อาจารย์,professor
ได้แก่,including
เรือ,ship
เต็ม,full
ไอ้,Damned
ปรับ,adjust
เจ้าหน้าที่,authorities
หยุด,stop
ยังคง,still
แก้,solve
ปกครอง,rule
พัก,room
กลัว,fear
ร่างกาย,body
นึก,imagine
เกี่ยวข้อง,concerned
โอ,O!
เครื่อง,device
ช่วยเหลือ,help
มิได้,not
เน้น,emphasize
วิ่ง,run
ได้ยิน,hear
นับ,count
ถือว่า,considered
เหรอ,it
สนใจ,interested
ร้อน,hot
ดำ,black
ต่างประเทศ,overseas
สี่,four
จำ,remember
แน่,surely
อังกฤษ,England
ศาล,court
ร้อง,cry
เหตุผล,reason
ทอง,gold
แยก,separate
ณ,at
เชิง,foot
ใต้,under
ชัดเจน,clear
ตก,fall
ปิด,close
ต่อมา,later
แบ่ง,share
หัวเราะ,laugh
วัย,ages
ความผิด,fault
วิเคราะห์,analyze
ดังนี้,thus
กรรมการ,committee
สายตา,sight
ทั่วไป,general
เย็น,cold
ป่า,forest
อัตรา,rate
สุดท้าย,last
มหาวิทยาลัย,university
ถนน,road
มากมาย,many
หมายถึง,means
สาร,substance
เหนือ,over
สุด,end
เหตุการณ์,event
เร็ว,soon
พระราชบัญญัติ,act
แก้ว,glass
ห้า,five
ความสำคัญ,importance
ต่ำ,low
กรม,department
เพิ่ง,just
แจ้ง,inform
เลี้ยง,feed
ทิ้ง,leave
ดาว,star
ทะเล,sea
เสร็จ,completed
ไม่ค่อย,rarely
ซี,C
ค่อย,gradually
ธรรม,fair
อธิบาย,explain
กรุงเทพ,Bangkok
เลิก,quit
กระบวนการ,process
ศรี,Sri
คดี,case
ป้องกัน,prevent
จ่าย,pay
ที่ดิน,land
หนุ่ม,young
ตำรวจ,police
รุ่น,generation
เก่า,old
ชน,crash
รูปแบบ,style
ธุรกิจ,Business
ขณะที่,when
หน่อย,bit
ที่สำคัญ,the
ผู้นำ,leader
แรงงาน,labor
ความจริง,truth
ค้า,trade
ผ้า,fabric
กิจการ,undertaking
ร้อย,hundred
จนถึง,until
เกือบ,about
เหมาะสม,appropriate
ที่ผ่านมา,Ago
ราช,royal
ทำการ,make
ข้าพเจ้า,I
ที่มา,origin
ขั้น,step
เช่นนี้,like this
พฤติกรรม,behavior
ค.ศ.,AD
อุตสาหกรรม,industry
แทบ,almost
ศาสนา,religion
ตรวจสอบ,check
ปัจจัย,factor
ส่งเสริม,promote
ชาวบ้าน,villager
อดีต,former
แน่นอน,Of course!
ตัดสินใจ,determine
นอกจากนี้,"in addition,"
เลือด,blood
ระบุ,specify
ไฟ,fire
คำถาม,question
หมู่บ้าน,village
หนี,escape
เพศ,sex
หน่วยงาน,agencies
พระองค์,his
ปลาย,end
ตัด,cut
แหล่ง,source
โทษ,blame
ชา,tea
มั้ย,I
ก็ตาม,whatever
ยื่น,submitted
บทบาท,role
ไกล,far
รายการ,list
โครงสร้าง,structure
กิจกรรม,activity
เส้น,line
สถานที่,place
หนัก,heavy
อาชีพ,career
คุณภาพ,quality
ข้าราชการ,official
รอง,secondary
สำนัก,Bureau
นักเรียน,student
เสื้อ,dress
คอย,wait
แสน,hundred thousand
จิตใจ,mind
ยาย,grandmother
สัมภาษณ์,interview
ตกลง,O.K.
สา,The
ความสามารถ,ability
ติดต่อ,contact
เรื่อย,continuously
ขา,leg
เนื้อ,meat
บ้า,crazy
เตรียม,preparation
สบาย,comfortable
ห้าม,ban
ช่าง,technician
ร้อยละ,percentage
หนัง,movie
วิชา,Department
ถูกต้อง,correct
พวกเขา,they
เบา,light
ฟ้า,blue
สังเกต,observe
หมายความ,mean
วรรค,space
เกษตร,farmland
น้ำมัน,oil
ลอง,try
นิติกรรม,acts
ม.ร.ว.,M.R.
เจตนา,intent
งบประมาณ,budgets
สงสัย,doubt
ทีม,team
รายได้,revenue
คล้าย,resemble
ทุกข์,distress
อากาศ,air
พัน,thousand
มาตรฐาน,standard
เอ,S.
ประเด็น,subject
ชวน,ask
รา,mold
เจริญ,grow
ดิน,soil
สงบ,peaceful
แปลก,strange
สวน,garden
ทฤษฎี,theory
ผิว,skin
ลา,la
คราว,time
คนใน,people
ดำเนิน,conduct
ย้าย,move
สหรัฐ,federal
ลืม,forget
หน่วย,unit
ประสบ,suffer
นายกรัฐมนตรี,premier
เมืองไทย,Thailand city
นก,bird
โน้ต,notes
ศพ,body
ลุก,rose
เดี๋ยว,awhile
แข่งขัน,match
กรรม,karma
สรุป,conclude
หลักฐาน,evidence
บัญชี,account
เช้า,morning
ธรรมดา,plain
กว้าง,wide
ขยาย,Enlarge
อย่างไรก็ตาม,however
โต๊ะ,table
แม้แต่,even
สั้น,short
อันเป็น,the
พลัง,energy
โดน,hit
พื้น,floor
ป้า,aunt
ในขณะที่,While
บ่อย,frequent
เอกสาร,document
งั้น,otherwise
กา,crow
ดำรง,office
คำสั่ง,command
ภาวะ,condition
องค์กร,organization
เที่ยว,trip
กล้า,dare
ทั้งหลาย,all
อ่อน,soft
เล่ม,book
กี่,how many
ไหล,flow
สามี,husband
ช้า,slow
ชายหนุ่ม,youth
กอง,pile
องค์,Laurent
พ่อแม่,parents
หวัง,hope
ชม,watch
งาม,beautiful
เอกชน,private
เรียบร้อย,neat
เกินไป,too
สาเหตุ,cause
นิ่ง,still
ฆ่า,kill
สุ,Su
ยอด,elite
ดวง,horoscope
กาย,body
ไร้,without
หนี้,due
ทรัพย์สิน,asset
วง,loop
มุม,corner
สม,equation
ยาม,guard
ลึก,deep
ชิ้น,piece
มั่นคง,stable
ทำหน้าที่,acts
ครึ่ง,half
สถาน,place
แต่ง,compose
ชั่วโมง,hour
อันตราย,danger
ซะ,Gonzaga
แนวทาง,guidelines
แต่งตั้ง,appoint
เงียบ,quiet
อี,E.
ฝน,rain
แฟน,fan
อะ,AMA
ค่อนข้าง,rather
รัฐธรรมนูญ,constitution
หลวง,royal
นคร,city
ซ้ำ,repeatedly
พร้อมกับ,together with
แต่งงาน,marry
จำกัด,Ltd.
พระเจ้า,god
เกาะ,island
กล่าวถึง,mention
พ้น,beyond
มหา,great
แนวคิด,concept
มติ,resolutions
ศูนย์,center
ชี้,point
ผู้ใหญ่,adult
แผน,plot
ลม,wind
ละคร,drama
ศิลปะ,art
ฝึก,coach
ตะวันตก,West
บันทึก,record
แปล,Translation
ลำดับ,order
ตั้งใจ,intend
ครบ,fully
ฯลฯ,etc.
สถานการณ์,situation
เรียนรู้,Learn
พิมพ์,print
ข้า,I
ประกอบด้วย,include
คำตอบ,answer
เถอะ,let's
ปริมาณ,volume
อย่างยิ่ง,extremely
ท่า,posture
สิ่งแวดล้อม,environment
ชัย,victory
สมบูรณ์,complete
ฝัน,dream
เปิดเผย,reveal
พื้นฐาน,foundation
เยอะ,much
ดอก,flower
กรุง,capital
ซา,Manassas
สนิท,intimate
ญาติ,relative
สุขภาพ,health
เพชร,diamond
สอบ,exam
ชัด,sharp
ประสบการณ์,experience
ก้าว,pace
ขณะ,while
ยัย,Feng
เทคโนโลยี,technology
โทรศัพท์,phone
ตี,hit
บุญ,merit
อิทธิพล,effect
พวกเรา,we
ภายนอก,external
เปรียบเทียบ,compare
ปลูก,plant
ประโยค,sentence
นั่นเอง,there
นาที,minute
รายละเอียด,detail
พอใจ,pleased
ภายใต้,under
ผู้คน,people
สื่อ,convey
แท้จริง,real
ประวัติศาสตร์,history
แขน,arm
ห่าง,far
หู,ear
สาขา,branch
สมเด็จ,Her Majesty
ทำลาย,destroy
แถม,It
ข้าม,across
เอ่ย,remark
แม้ว่า,although
ท้องถิ่น,local
ระ,Peterborough
เงื่อนไข,condition
เท้า,foot
แถว,row
โรง,Theaters
ฐาน,base
หลับ,asleep
ส่งผล,affect
ส่วนตัว,private
ที่ไหน,where
กลิ่น,smell
สมอง,brain
เป้าหมาย,goal
โรงพยาบาล,hospital
อ้าง,claim
เนี่ย,Union
ทำนอง,tempo
ผลกระทบ,effect
หายใจ,breathe
ปลอดภัย,safe
ประ,the
เก่ง,good
ความต้องการ,demand
แนะนำ,recommend
แผ่นดิน,land
หิน,stone
ต่อเนื่อง,ongoing
พืช,plant
ผลงาน,workings
อนาคต,future
ประสิทธิภาพ,efficacy
เหล่านั้น,those
รวดเร็ว,fast
สื่อสาร,communicate
หวาน,sweet
บัญญัติ,prescribe
ทุน,fund
รับรู้,recognize
นักศึกษา,students
ห่วง,loop
ปรับปรุง,Update
โบราณ,ancient
เรื่องราว,story
ดูเหมือน,look
ภรรยา,wife
ต่อไปนี้,Below
ต่อสู้,battle
สูงสุด,maximum
บางที,perhaps
หมู่,swine
พลังงาน,energy
ให้การ,the
บรรดา,those
อาทิตย์,week
ล้วน,all
ข้อความ,posts
รุนแรง,severe
หัวหน้า,chief
เข้าสู่,enter
เพียงแต่,only
กระเป๋า,bag
โกรธ,angry
ยืนยัน,confirm
อาคาร,building
ดา,Da
ก,g
แสง,light
ประชาธิปไตย,democracy
ภัย,danger
คัน,rod
สำเร็จ,finish
หลักเกณฑ์,Guidelines
พลาง,while
สมควร,appropriate
ตลอดจน,as well as
ราว,about
คอ,neck
ธนาคาร,bank
วัตถุ,object
วิชาชีพ,profession
แง่,facet
คาด,expect
เรียกร้อง,demand
กะ,estimate
เจ็บ,sore
ฝรั่ง,western
เพิ่มเติม,extra
ตื่น,wake
หยิบ,pick
ภาษี,tax
รัฐมนตรี,minister
ดนตรี,music
รึ,I
ม้า,horse
กระทบ,impact
ชำระ,pay
ความสำเร็จ,success
ติดตาม,trace
หลักการ,principles
ก่อให้เกิด,Cause
พันธุ์,seed
รับรอง,guarantee
สนุก,enjoy
ก่อ,form
เสด็จ,come
แหละ,I
กระจาย,spread
มิใช่,not
บิน,fly
นิด,trivially
พยาบาล,nurse
พอดี,fit
ยึด,seize
สะดวก,easy
ท้าย,end
ขน,hair
เชียง,Chiang
จังหวะ,rhythm
ดึง,pull
โรงงาน,factory
แล,and
ยิง,shoot
น.,A.
โรงแรม,hotel
พนักงาน,personnel
กรอบ,frame
เท่ากับ,as
วิ,William
ถอน,withdraw
ปฏิเสธ,refuse
อิน,in
รอย,trace
ดอกไม้,flower
สัมผัส,contact
อิสระ,independent
ภายหลัง,after
จากนั้น,then
วิทยาศาสตร์,science
สงคราม,war
คุณสมบัติ,property
สำรวจ,survey
แตก,broken
เชิญ,invite
คึกฤทธิ์,Kukrit
มาตรการ,measure
การเงิน,finance
คะแนน,score
หอม,fragrant
มุ่ง,aim
เกษตรกร,farmers
สหรัฐอเมริกา,U.S.
เค,K.
คา,The
คำพูด,word
คุณแม่,mother
เครื่องมือ,tool
ล้าง,wash
ไม่ทัน,I
วา,wa
ความเชื่อ,faith
นำเข้า,Import
ลูกค้า,customers
ผลประโยชน์,interest
ท้อง,belly
นิ้ว,finger
พลอย,pebble
ย่อย,small
มองเห็น,vision
หมา,dog
ก็ดี,pleasant
อย่างน้อย,at least
ลอย,float
หน้าตา,feature
นาม,signed
แท้,genuine
ทา,Apply
โดยที่,the
จัดทำ,prepare
ชั่ว,evil
อำเภอ,district
ใส,clear
เหมือนกับ,like
เล็กน้อย,little
พุทธ,Buddha
เติบโต,growth
ต้นไม้,tree
การเลือกตั้ง,elections
เคลื่อนไหว,move
เสื้อผ้า,clothing
ท่องเที่ยว,travel
บทบัญญัติ,provision
อ,the
โดยตรง,directly
คุ้มครอง,Protection
วิชาการ,academic
หก,six
ชนะ,win
ไอ,steam
ผู้เขียน,author
ระวัง,beware
ลูกจ้าง,employee
สะอาด,clean
ที่นั่ง,seat
คุณค่า,value
ที่ตั้ง,location
ประเมิน,rate
จัดตั้ง,establish
แอบ,more
แม่น้ำ,river
ล่า,hunt
ว่าง,blank
ใบหน้า,face
ลับ,secret
เขียว,green
จนกระทั่ง,until
ร้าย,evil
ปัญญา,wit
พูดถึง,talks
ขนส่ง,transport
คอร์ด,chord
ฝาก,deposit
ไหว,earthquake
เริ่มต้น,start
ชนชั้น,racist
ยุโรป,Europe
เลขาธิการ,secretary
ล่าง,lower
นัด,shot
โร,Rory
ริม,edge
ท่าทาง,stance
กระแส,flow
บา,Mubarak
จ้าง,hire
กฎ,rule
ทีเดียว,quite
อก,breast
สด,fresh
ฝรั่งเศส,France
ผัก,vegetable
เมีย,wife
สิ้น,end
ดวงตา,eyes
ปรึกษา,consult
นั่นแหละ,That!
ลูกสาว,daughter
ช่อง,channel
จำเลย,defendant
ขณะนี้,now
จ.,E.
เรือน,house
ลูกชาย,boy
ตัน,ton
คิดถึง,miss
ขั้นตอน,step
หลง,Wanderers
นายก,president
ราวกับ,as
จี,G
คุรุ,Guru
กู,I
แผ่น,sheet
ภาพยนตร์,movies
ศึก,battle
รี,oval
เต็มที่,deadly
ฝีมือ,workmanship
พิธี,ceremony
กล่าวคือ,namely
น้ำหนัก,weight
รางวัล,award
องค์การ,organization
สมรส,marry
ฤทธิ์,prowess
วงศ์,family
ความสนใจ,interest
บรรยากาศ,atmosphere
เซ,News
ดื่ม,drink
ส่งออก,export
ฝั่ง,bank
หมื่น,ten thousand
วัตถุประสงค์,objective
เสี่ยง,risky
ผลิตภัณฑ์,products
ลุง,uncle
พาณิชย์,commerce
ตอนนั้น,then
หนังสือพิมพ์,newspaper
ค่าใช้จ่าย,Charges
ดัน,push
หนาว,winter
เนื้อหา,material
พล,Gen.
ไท,independent
เชื้อ,infection
ชนบท,countryside
พิสูจน์,prove
กด,press
ผี,ghost
สมาคม,association
อันดับ,rating
พิษ,venom
รส,flavor
คณะรัฐมนตรี,cabinet
ผู้ป่วย,patient
บิดา,father
ทั้งสิ้น,all
นับแต่,from
หุ่น,puppet
ถิ่น,resident
ทน,bear
สติ,consciousness
ซ้าย,left
เช่นเดียว,like
ข้างต้น,above
น้า,uncle
เค้า,they
เทพ,deity
ลาย,striped
ขอบคุณ,thank
จัง,Reply
ปืน,gun
เทียบ,compare
พี,AP
ขัด,scrub
ประกัน,insurance
มารดา,mother
ลงโทษ,punish
สะท้อน,reflect
อุปกรณ์,equipment
หลาน,grandchild
ประธานาธิบดี,president
ติ,Comments
ผสม,mix
รับผิดชอบ,responsible
ประชากร,population
กระดาษ,paper
สอดคล้อง,accord
ไฟฟ้า,electricity
มอบ,offer
ออกแบบ,design
ทั้งที่,the
กลับบ้าน,homing
เช่นนั้น,so
หลากหลาย,various
เลื่อน,sliding
ตะวันออก,East
กีฬา,sport
แน่ใจ,sure
กองทุน,fund
บุตร,child
ซิ,City
นิ,New
รถยนต์,car
ทะเบียน,register
ลิ,Lima
ใกล้ชิด,close
จำหน่าย,distribute
เสริม,supplement
ริ,Christi
ปา,Spa
เหนื่อย,tired
ฟิลิปปินส์,Philippines
วี,v
ศักดิ์,divinity
ต่างหาก,separate
น่ารัก,lovely
ผูกพัน,binding
แล้วแต่,depending on
ไร่,farm
ฉะนั้น,thereupon
ทิศ,south
กำเนิด,birth
ผู้แทน,representative
สัปดาห์,week
วินิจฉัย,diagnose
ไล่,displace
วิญญาณ,spirit
เช่า,hire
โอน,transfer
ขับรถ,drive
ดิ,The
พระมหากษัตริย์,King
สถานี,station
อเมริกัน,American
เยี่ยม,visit
ละเอียด,fine
กร,arm
จิ,Chi
ประสงค์,wish
อินเดีย,India
สวยงาม,beautiful
รับประทาน,eat
แทนที่,replace
ระบอบ,regime
ไก่,chicken
โด,Flat
เฝ้า,guard
ตัวแทน,agent
แพ้,lose
สาระ,substance
วาด,draw
อิ,Isa
สมาธิ,meditation
ถุง,bag
คนไข้,patient
พี่น้อง,brethren
ดังที่,as
คนเรา,people
สอบสวน,investigate
ตกใจ,uptight
ปฏิบัติงาน,work
ยกเว้น,except
เรียง,Sort
หลบ,dodge
ฟัน,teeth
ข้างหน้า,forward
โทรทัศน์,television
ตาราง,table
ขนม,candy
ความขัดแย้ง,combat
น้ำตาล,sugar
ถ่าย,transfer
จอด,park
สนาม,field
นึกถึง,consider
ทรัพย์,estate
วิทยา,science
สู้,fight
แข็งแรง,strong
ปวด,pain
รัชกาล,reign
ตึก,building
น่าสนใจ,interesting
วะ,Jawad
ต้นทุน,costs
เอเชีย,Asia
กระตุ้น,stimulate
ยู,the
เท่าไหร่,how much
บ้านเมือง,country
องค์ประกอบ,elements
ทำเป็น,make
เตียง,bed
กุ้ง,shrimp
อด,abstain
เต้น,beat
อนุมัติ,approve
เมตร,m.
เกณฑ์,criterion
ถวาย,offer
เศร้า,sadly
บัตร,card
เร่ง,speed
บรรจุ,contain
บรรยาย,describe
สตรี,female
เลือกตั้ง,vote
อเมริกา,United States
นับถือ,respect
สืบ,spy
สวม,wear
ทั้งนั้น,Sayers
น้ำเสียง,tune
เห็นชอบ,approve
พุทธศาสนา,Buddhism
รวบรวม,gather
เห็นด้วย,agree
อาวุธ,weapon
เฉย,inaction
หุ้น,share
ฉาก,scene
พร,Providence
เทคนิค,technique
มอบหมาย,assign
ก.,g
เหมาะ,fit
โม,Motion
แต่งตัว,dress
แพง,expensive
โค,cow
ชิ,Shia
ความร่วมมือ,cooperation
ตรงนี้,here
ศีรษะ,head
เรียบ,smooth
สหกรณ์,cooperative
เพียงพอ,enough
สีหน้า,face
เตือน,remind
โปรด,please
ชาวนา,farmer
สัน,ridge
พยัก,nod
มูลค่า,value
ร้องไห้,cry
นั่นคือ,that is
น้ำท่วม,flood
แสดงออก,expression
จง,Chong
ยินดี,pleased
ฟ้อง,sue
นิสัย,habit
เงินเดือน,salary
ปฏิบัติการ,perform
เร,Red
เม็ด,grain
ลำ,body
ทราย,sand
ก้ม,bent
ภูมิภาค,region
อ.,North.
ตู้,cabinet
ประสาน,coordinate
ประเพณี,tradition
ทาน,eat
รี่,Gallery
ผู้นั้น,then
ปรารถนา,desire
ช้าง,elephant
คำนึง,regardless
ขึ้นอยู่กับ,Depending on
ลงทุน,invest
ศิลปิน,artist
โฆษณา,advertise
เวที,stage
บริโภค,consume
อร่อย,delicious
วัง,palace
ผู้อำนวยการ,Director
เจ,vegetarian
ยุติธรรม,fairly
อธิบดี,rector
ชัก,whip
ข้อเท็จจริง,fact
ไหว้,Wai
คิดเห็น,comment
บ่น,complain
ประวัติ,history
คำพิพากษา,sentence
ราม,Ram
ตีความ,interpret
นัย,implication
ทรัพยากร,resource
ปู,crab
ตัวละคร,character
เหลือง,Yellow
พี่ชาย,brother
ทดลอง,experiment
นอกจากนั้น,moreover
เกม,game
แห้ง,dry
ทศวรรษ,decade
ทุกวันนี้,today
เผา,burn
ทำร้าย,attack
ฉาย,screen
ประมวล,code
ตำนาน,legend
ส.ส.,MPs
โน,Knowles
กล่าวหา,charge
เจรจา,negotiations
ดีใจ,glad
ต่อต้าน,resist
จริงจัง,serious
โท,Master
แน่น,tight
ความเป็นจริง,Reality
ดำเนินงาน,operate
หมาย,meaning
การลงทุน,investment
ขอบ,edge
ทิศทาง,direction
มั่นใจ,confident
จันทร์,Monday
เหลือเกิน,exceedingly
บันได,staircase
ก่อสร้าง,Construction
รอยยิ้ม,smile
ขยายตัว,expand
มืด,dark
ความเสียหาย,damage
หมู,pig
อยุธยา,Ayutthaya
ย่า,grandmother
ไข่,egg
จาน,plate
สมัยใหม่,modern
ฟื้นฟู,restore
กษัตริย์,king
ผลผลิต,product
โจทก์,plaintiff
ดร.,Dr.
ลี,Lee
รูปร่าง,shape
แย่,badly
โทร,phone
ถ้าหาก,if
หลุด,fall
ปฏิรูป,reform
เอก,Donna
ผู้บริหาร,administrator
สร้างสรรค์,inventive
ทัน,abreast
รัฐสภา,parliament
ก๊าซ,gas
ขวา,right
ดับ,extinguish
เส้นทาง,path
พึง,should
ตอบแทน,reward
ลำบาก,difficult
ซัก,wash
ภาระ,load
เคารพ,respect
นิทาน,tale
วงการ,industry
ตรงข้าม,opposite
เก้าอี้,chair
ชิน,accustomed
ปู่,grandfather
เพราะฉะนั้น,therefore
ก้าวหน้า,progress
เตอร์,Peter
นาฬิกา,clock
ลาน,courtyard
หลังจากนั้น,"after that,"
นี,this
เยาวชน,juvenile
โซ,Sochi
บุรี,Buri
ฤดู,season
สยาม,Siam
เพราะว่า,because
ที่แล้ว,ago
พระยา,prince
รองเท้า,shoes
กำจัด,rid
คุม,Warden
น้ำตา,tears
มิให้,provided
เสรี,free
แปด,eight
ถึงกับ,with
คอมพิวเตอร์,computer
ปรับตัว,qualify
ระเบิด,blast
มีอายุ,aged
แขก,guest
แต่ว่า,but
สาธารณะ,public
ข่าวสาร,message
วรรณคดี,literature
การคลัง,finance
ตื่นเต้น,excited
หลักสูตร,course
ตุลาคม,October
เสือ,tiger
ขอโทษ,apologize
เจ็ด,seven
วางแผน,plan
ขี้,excrement
ตะ,Ota
ขยับ,shifting
ทดสอบ,test
ค,the
กลไก,mechanism
พม่า,Myanmar
สว่าง,bright
กระ,freckles
โชคดี,good luck
เดี๋ยวนี้,now
ยินยอม,agree
โดยทั่วไป,generally
สมัคร,Register
สะสม,cumulative
ทอด,fried
ป่วย,sick
แสวงหา,woo
ยะ,Michels
จารึก,inscribe
อักษร,letter
แผนที่,map
ชาติไทย,National Thailand
ม.,m.
แผล,lesion
ชื่อเสียง,reputation
โย,the
ประสาท,nerve
เด็ดขาด,categorical
ตะโกน,shouts
กังวล,worry
กางเกง,pants
ภาคใต้,South
ยิ่งใหญ่,great
จดหมาย,letter
คลอง,canal
ปรากฏการณ์,phenomenon
หล่อ,cast
คว้า,grab
เบื่อ,bored
ทำท่า,pretend
ตกเป็น,become
ดินแดน,possessions
คุณหมอ,doctor
เสรีภาพ,freedom
เกียรติ,honor
ลบ,delete
กอด,hug
ถัด,Next
บุหรี่,cigarette
ภูมิ,Landscape
ผู้ปกครอง,parent
ล้ม,falling
ยกเลิก,cancel
ก.พ.,February
ส่วนร่วม,contributed
หญ้า,grass
ปราศจาก,without
แนวโน้ม,trends
ถ่ายทอด,relay
ปัก,lace
พรรคการเมือง,Caucus
สั่น,shake
เสียก่อน,beforehand
สัญลักษณ์,emblem
ตัดสิน,decide
ลาว,Laos
อาญา,penalty
บุคลากร,personnel
นายจ้าง,boss
ซอย,alley
จดทะเบียน,registration
กว้างขวาง,extensive
สนทนา,talk
เซลล์,cell
ทั้งคู่,both
โก,CA
เหล้า,alcohol
ขับ,drive
จอมพล,marshal
ปฏิวัติ,revolutionize
หนา,thick
คลื่น,wave
เท,pour
ค้าง,stale
แข็ง,hard
โมง,hour
วาระ,term
กองทัพ,battalion
ตรา,brand
รู้ตัว,consciously
ผู้จัดการ,manager
รอด,survive
หัก,deduct
พูดคุย,chat
พยาน,witness
ปรกติ,commonly
วัยรุ่น,teens
สูญเสีย,lose
มุก,pearl
ริน,pour
สวรรค์,heaven
ตัวเลข,number
เอส,S.
ตระหนัก,realize
สัดส่วน,proportion
เศษ,scrap
ปั้น,mold
ได้ที่,on
ผลไม้,fruit
พระพุทธเจ้า,Buddha
เบื้องต้น,preliminary
กิ,Guillermo
หมวด,group
จมูก,nose
เข้ม,intensive
ปลัด,deputy
ศูนย์กลาง,central
เฉลี่ย,average
ก้อน,lump
เติม,add
โล,Lodi
เป็นไร,matter
เม,Kagame
รถไฟ,train
คม,sharp
ตำบล,district
อาทิ,such as
เดือดร้อน,afflicted
เจ้านาย,master
อบรม,train
ที่จริง,actual
ศีลธรรม,moral
ครัว,kitchen
ทักษิณ,Thaksin
ศัตรู,enemy
ประพฤติ,behave
ฉลาด,intelligent
ชิง,Ching
สิ้นสุด,finished
กัด,bite
ท่ามกลาง,among
ข้อบังคับ,rules
รุ่ง,Rung
บ่าย,afternoon
สระ,pool
แลกเปลี่ยน,exchange
ใกล้เคียง,nearby
บี,B
ผูก,tied
ขยะ,garbage
กระจก,glass
หารือ,confer
จา,Korn
ลักษณ์,appearance
ประกอบการ,operator
เด่น,notable
คนงาน,worker
กวี,poet
ธิ,Mathis
บาดเจ็บ,injury
สัญญาณ,signal
งดงาม,gorgeous
สิทธิ์,right
เครื่องหมาย,mark
ตระกูล,clan
นับว่า,it
ครอบครอง,occupy
นี่แหละ,This!
แข่ง,race
พรุ่งนี้,tomorrow
เมื่อไหร่,when
เหยื่อ,victim
ถัง,tank
เบิก,widen
ข.,B.
ประชาธิปัตย์,democratic
จนกว่า,unless
ผ่าตัด,operate
อาเซียน,ASEAN
นิตยสาร,magazine
คอมมิวนิสต์,communist
สภาวะ,state
บทความ,article
เห,these
ราชอาณาจักร,Kingdom
น,the
ผิวหนัง,skin
อวัยวะ,organ
สบ,junction
ใช้ได้,valid
ลาก,drag
ออกเสียง,vote
ค่ำ,evening
กิจ,Business
มิติ,dimension
ย,Swimming
สบายใจ,happy
เครือข่าย,network
ขอรับ,obtain
ต.ค.,Oct
กันและกัน,each other
ชี้แจง,explain
ล่วงหน้า,in advance
ยากจน,poor
กุล,Gul
เน,Nation
มีเสียง,sound
อนุรักษ์,conserve
เผยแพร่,broadcast
วิทยุ,radio
ส่าย,shook
ชู,raise
ตำรา,treatise
แต่อย่างใด,Anyhow
ทุนนิยม,capitalism
สื่อมวลชน,mass media
เชื่อมโยง,link
เครื่องบิน,aircraft
เว้นแต่,unless
นม,milk
กฎหมายแพ่ง,civil law
คิ้ว,eyebrow
ยุ่ง,busy
มึง,you
เบอร์,number
เอ็ม,m
มีด,knife
กล้ามเนื้อ,muscle
เล,Leighton
อบอุ่น,warm
ชื่อว่า,named
ด่า,damn
ศตวรรษ,century
คัดเลือก,select
สมบัติ,treasure
เสียใจ,regret
วิน,Win
สูบ,pump
ล้อ,wheel
จำคุก,incarcerate
พิพากษา,judge
นักการเมือง,politician
ถึงแม้,although
กันเอง,amicably
กำลังใจ,encouraging
ผืน,piece
กลางวัน,day
ป้าย,label
ทดแทน,compensate
ขณะเดียวกัน,at the same time
ย้ำ,repeat
งง,muddled
ธันวาคม,December
ไร,"However,"
นี้เอง,this
อุปสรรค,barrier
เหรียญ,medal
ฮะ,Ha!
เชื่อมั่น,confident
มหานคร,metropolis
ลาออก,resign
ความดี,goodness
ค้นพบ,discover
ถ้อยคำ,words
เหล็ก,steel
ระบาย,wreak
หลีกเลี่ยง,avoid
เชียว,really
กู้,recover
ขวบ,year
จริยธรรม,ethics
ดอกเบี้ย,interest
เสื่อม,decline
เข้มแข็ง,strong
เสียหาย,damaged
อาย,shy
ประมง,fishing
อุดมศึกษา,higher education
ห้องน้ำ,toilet
มีชื่อ,named
ยาง,rubber
เออ,Yes!
กริยา,verb
บรรลุ,achieve
แถบ,bar
ไหม้,burn
สากล,international
แปลกใจ,surprise
สงสาร,pity
คลอด,deliver
ความรุนแรง,violence
ฝึกอบรม,train
รู,hole
อนุกรรมการ,subcommittee
เกลียด,hate
ซ่อน,concealed
สังกัด,belong to
ประดับ,adorn
ยาเสพติด,Drug
กระดูก,bone
บัว,lotus
รัฐมนตรีว่าการ,Minister
เคลื่อน,move
แดด,sunshine
รบ,battle
ที่ปรึกษา,adviser
เพียงใด,any
ลัทธิ,doctrine
ศุลกากร,customs
พฤษภาคม,May
เทียน,candle
ตัก,lap
ธาตุ,element
เงา,shadow
แฟชั่น,fashion
ไขมัน,fat
ทับ,lap
วิจารณ์,review
ขวด,bottle
จ้อง,gazing
อ้าว,Thanks
แปลง,convert
ข,b
บริสุทธิ์,pure
อาบน้ำ,plunge
จัดหา,supply
เที่ยง,noon
ไหล่,shoulder
นักวิจัย,researcher
พุ่ง,fling
กลางคืน,night
พักผ่อน,rest
เป็นอัน,shall
นิยาม,define
ล่าสุด,latest
สเปน,Spain
ครอง,occupy
ขอบเขต,scope
เชื่อม,link
ขบวนการ,movement
พระพุทธศาสนา,Buddhism
ราษฎร,people
หมุน,rotate
นักวิชาการ,scholar
ประหยัด,save
วินัย,discipline
ความรับผิดชอบ,responsibility
ชั่วคราว,temporary
แกล้ง,pretend
ส่อง,emit
ย่าง,grill
รัฐวิสาหกิจ,state enterprise
เท่าไร,how much
โชว์,show
มะ,Ma
แวว,glitter
ค่านิยม,popularity
บาน,open
พระบรม,Royal
อีตา,Ke
พลิก,over
เหล่า,these
คำนวณ,calculate
เจ้าหญิง,princess
นอกเหนือ,Apart
ฝัง,embed
กล่อง,box
ดอลลาร์,dollar
หัวข้อ,heading
เจ็บปวด,painful
ค่าจ้าง,wage
กาแฟ,coffee
ผู้ทรง,who
ขุน,fertilize
รองรับ,support
บำบัด,Therapy
นึง,one
บวก,positive
เสา,post
สูตร,formula
ยศ,rank
ทางเลือก,choice
โจมตี,attack
พอสมควร,reasonable
กระโดด,jump
ส้ม,orange
กำแพง,wall
คบ,dating
ช้อน,spoon
วุ่นวาย,chaotic
ข้อตกลง,agreement
จัดสรร,allocate
อายุความ,prescription
แวะ,drop
มิตร,friendly
คุ้นเคย,familiar
ครรภ์,womb
ปกป้อง,protect
ยี่สิบ,twenty
ศักยภาพ,potentiality
เผชิญ,faced
จัดงาน,organize
ชื่นชม,admire
ตรงกันข้าม,contrast
สะพาน,bridge
นนท์,joy
ยักษ์,giant
เผย,reveal
ความพยายาม,effort
พัด,blow
เชื้อเพลิง,fuel
ประเมินผล,evaluate
เพียงแค่,just
ถอด,remove
ถ้วย,cup
รายจ่าย,expenditure
หน,the
นุ,Muhammed
อภิปราย,debate
เหมือนเดิม,as it was
กำไร,profit
ต้า,Roh
มีนาคม,March
คำขอ,requests
มกราคม,January
มายัง,to
ดารา,star
พร้อมทั้ง,along with
แมน,Manchester
จัก,will
ส่วนมาก,most
อุบัติเหตุ,accident
ดั้งเดิม,original
แก้ม,cheek
มลพิษ,pollution
หิว,hungry
เครียด,strain
กุมภาพันธ์,February
ชุมนุม,rally
ทีละ,by
อากร,duty
โครง,frame
พ.ต.ท.,Pol.Lt.Col.
มาร์,Kumar
ศาลฎีกา,Supreme Court
อพยพ,evacuate
ตอบสนอง,rebound
ผู้ช่วย,assistant
ต้อนรับ,welcome
พิ,Pinter
เอ่อ,ER
ชั่น,News
เจาะ,drill
กลม,round
ลิ้น,tongue
หน้าต่าง,window
ข้อสังเกต,remark
สวัสดิการ,welfare
ร่วมมือ,collaborate
สดใส,bright
ป.,PS.
วินาที,second
กระทำการ,actions
หลอก,pseudo
อ้วน,fat
ภารกิจ,missions
ว่าที่,that
ศัพท์,terminology
พนักงานเจ้าหน้าที่,competent
ศาสตราจารย์,professor
ท่าที,attitude
คำแนะนำ,guidance
ออกกำลังกาย,exercise
เมตตา,merciful
ผู้บริโภค,consumer
เจ้าชาย,prince
ดุ,fierce
จี้,pendant
ที่รัก,darling
มณี,Jewell
เปอร์เซ็นต์,percent
กำกับ,directed
ซื้อขาย,purchase
นักท่องเที่ยว,tourist
ประกาย,spark
คู่กรณี,parties
เดา,guess
จินตนาการ,imagination
กล้อง,camera
สูงอายุ,elderly
ร้ายแรง,serious
แผนการ,plan
ลมหายใจ,breath
ผู้ใช้,user
บังเอิญ,happen
ลูกหลาน,descendants
ครู่,moment
คณะกรรมาธิการ,commission
หนอง,pus
ประหลาด,strange
ศรัทธา,believe in
ความหวัง,hope
มะเร็ง,cancer
งบ,budget
หอย,shellfish
กฎกระทรวง,ministerial regulations
มงคล,Mongkol
สลับ,switching
ปราบปราม,suppress
ว่าความ,that
ชรา,old
นักเขียน,writer
ฝูง,masses
กุหลาบ,rose
เอ็น,ligament
เรียว,slender
ลงมือ,start
ย้อน,return
หมายเลข,number
ประพันธ์,author
แชมป์,champion
ต้ม,boiled
ตอนแรก,first
ริมฝีปาก,labia
สับสน,confused
ซู,Sue
นับตั้งแต่,from
เผ่า,tribe
ตลก,funny
มื้อ,potion
สนอง,fulfill
ไซ,Syed
กาล,time
สถิติ,statistics
ขวัญ,Kwan
รัตน์,Rutt
ทุ่ม,Defending
ของเสีย,waste
สาธารณสุข,public health
เมษายน,April
ทันสมัย,modern
ลึกซึ้ง,profound
ซับซ้อน,complex
ศาสตร์,science
ภูเขา,mountain
สภาผู้แทนราษฎร,House of Representatives
เฮ,health
มัว,dim
ทาส,slave
อดทน,patient
ใช้งาน,work
ชมพู,pink
อภิสิทธิ์,prerogative
ครอบคลุม,comprehensive
สำนวน,idiom
กันยายน,September
วัว,cow
หาง,tail
สำนึก,sense
พ.ย.,Nov
ยาวนาน,long
พระราชทาน,Royal
ระมัดระวัง,careful
ข้อเสนอ,proposal
แค่นี้,just
ค้นหา,search
ยกมือ,lift
บัดนี้,now
ร่วง,fall
กรกฎาคม,July
สนุกสนาน,joyful
สถานภาพ,status
ไว,quickly
คำอธิบาย,explanation
ธี,Thiele
ผนัง,wall
รัง,nest
ผลักดัน,push
จะเห็นได้ว่า,We can see that
วรรณกรรม,literature
เปลือก,shell
เข้าถึง,access
ลั่น,loudly
จ๊ะ,will
ผู้ผลิต,manufacturer
ล้อม,around
ซ้อน,overlap
ยุ,Yoon
อุดมการณ์,ideal
เลี้ยงดู,aliment
ชายแดน,border
ห่อ,wrap
ทำตัว,behave
ทำบุญ,philanthropy
เกรง,fear
ซอง,envelope
นิติบัญญัติ,legislation
อนุ,sub-
แดน,land
แหลม,pointed
ครั้น,when
ประชา,citizens
เยอรมัน,German
ผู้สื่อข่าว,correspondent
พระบาทสมเด็จ,King
อักเสบ,inflammation
ใช้จ่าย,spend
เสมือน,virtual
ตกแต่ง,decorate
ขัดแย้ง,paradoxical
จด,write
คัดค้าน,oppose
พ่อค้า,merchant
บ่อ,depression
อัล,Al
แป้ง,flour
จับกุม,arrest
พฤศจิกายน,November
ขี่,riding
บำรุง,maintain
ปรัชญา,philosophy
เก้า,nine
ยืด,stretch
มี่,blatant
รายชื่อ,list
พงษ์,Pong
สิงคโปร์,Singapore
อิ่ม,be satisfied
เผลอ,unguarded
กุศล,merit
ทุ่ง,field
สม่ำเสมอ,regularly
เท่าใด,how much
ปฏิกิริยา,reaction
ยกย่อง,praise
เลข,number
ขโมย,steal
โผล่,poke
สะ,Roller
หมั้น,engaged
อ่อนโยน,gentle
มหาดไทย,Interior
บริจาค,donate
วัสดุ,material
ร้องเพลง,sing
ศึกษาธิการ,Education
ปน,contamination
อร,Germain
ประทับใจ,impressive
รัสเซีย,Russia
เวียน,circular
ศิริ,splendor
น้องชาย,brother
ค่าย,camp
ทบทวน,review
ตบ,slap
ผสมผสาน,blend
ครัวเรือน,household
แจก,deal
คุณปู่,grandfather
องศา,degree
อ้อม,roundabout
ก้อง,resonant
ทรมาน,afflicted
เลว,bad
ชอบธรรม,righteous
ขบวน,procession
จิตวิทยา,psychology
หลุม,pit
กระบอก,cylinder
คนรัก,lover
เยือน,visit
คิว,queue
น่ากลัว,awesome
ดวงอาทิตย์,sun
กระทั่ง,until
อำนวย,director
กวน,stir
ลิน,Laughlin
ในที่สุด,eventually
ไข้,fever
แคบ,narrow
ที่พัก,accommodation
พึ่ง,just
เงย,perk
ต่างชาติ,foreign
ประทับ,stamp
เสน่ห์,charm
มุสลิม,Muslim
สารเคมี,chemical
ซ่อม,Repair
คุณวุฒิ,qualification
ระงับ,withhold
ทารก,baby
สีสัน,color
อุ,Industry
อุป,Accessories
ฉลอง,celebrate
แมว,cat
แย่ง,poach
รมว.,Minister
ถอย,fall
โง่,stupid
ผู้ประกอบการ,Operator
รบกวน,disturb
คู่สมรส,spouse
ม.ค.,Jan
แอล,Allegheny
วันหยุด,holiday
ราชวงศ์,dynasty
ควาย,buffalo
ผู้บังคับบัญชา,commander
โน่น,that
ขุด,dig
เฮ้ย,Hoy!
เอ็ด,one
เปน,as
ญา,Jaya
น่าเชื่อ,convincing
ทว่า,albeit
สามสิบ,thirty
ง,the
พิการ,disabled
ดีแล้ว,okay
ท่อ,pipe
สุโขทัย,Sukhothai
เอ็ง,you
คลาย,loosen
ภูมิใจ,proud
ถนัด,bold
ลัก,pinch
อาร์,R.
ทักทาย,greet
พลาด,miss
ก่อนหน้านี้,Previous
ผิดพลาด,mistake
เหมา,charter
ด้วยเหตุนี้,Hence
ทัศนะ,outlook
ทั้งปวง,all
ซี่,teeth
อ้อ,Oh!
รวมตัว,condensed
ต้องหา,find
เมา,drunk
ประสานงาน,coordinate
นิดหน่อย,little
นี่เอง,This
เป้า,target
โยน,throw
ไต,kidney
จ,the
ทะเลาะ,quarrel
แกม,mingle with
รำ,dance
สักหน่อย,a little bit
มูลนิธิ,foundation
บันเทิง,Entertainment
กุญแจ,key
มิถุนายน,June
จักร,mach
คุณหญิง,lady
ผู้แต่ง,author
สภาพแวดล้อม,environment
แกะ,sheep
เลิศ,fine
แต่ก่อน,formerly
ลิง,monkey
ปลอม,counterfeit
เนื่องมาจาก,Attributable
วรรณ,Wan
ค่าเช่า,rent
พะเยา,Phayao
ไผ่,bamboo
ขำ,giggle
พระเอก,hero
มรดก,heritage
เท่าเทียม,parallel
ประดิษฐ์,artificial
จูงใจ,allure
สมัยก่อน,yore
โล่ง,open
จอ,Screenshot
จาง,thin
หนทาง,way
เวช,physician
โก้,spruce
ทุกที,Fairgrounds
ชิด,close
สน,Stringer
ตีพิมพ์,print
โค้ง,curve
กิโลเมตร,kilometer
สิ่งของ,object
ธานี,Thani
แบบแผน,pattern
ทีวี,TV
ใส่ใจ,pay attention
ทัก,Tucker
เป็นต้นมา,since
เพื่อนบ้าน,neighbor
ในขณะเดียวกัน,At the same time
ข้างใน,in
จม,sink
ท้องฟ้า,sky
สิงห์,Leo
เอาแต่,only
การ์ตูน,cartoon
ก็แล้วกัน,as you like it
ปรา,Prasad
ผิดหวัง,disappointed
ซึม,seep
รวย,rich
หลอดเลือด,atherosclerosis
ข้างนอก,outdoors
ฮา,Ha
นวด,massage
ทะ,pan
ตรัส,speak
โมฆะ,void
กฎเกณฑ์,regulation
พระบาทสมเด็จพระเจ้าอยู่หัว,King's
วุฒิ,qualification
หลังคา,roof
เด,Anders
หงุดหงิด,edgy
เศรษฐศาสตร์,economics
เดี่ยว,single
ตัวผู้,male
โน้น,that
ถ่ายรูป,photograph
แทรก,insert
คุณธรรม,moral
มั้ง,UMS
ละเมิด,violate
อนามัย,sanitation
สนามบิน,airport
ธ.ค.,Dec
ผัด,puff
อย่างไรก็ดี,however
ต่อว่า,that
พระนาง,her Majesty
ขัง,imprisoned
บีบ,squeeze
ประกันภัย,insurance
นุ่ม,velvety
บูชา,worship
สำเนา,copy
เอฟ,F.
ทูต,ambassador
มหาชน,Company
ดำเนินคดี,litigation
ตัวเรา,ourselves
แก่น,core
ทีนี้,Now
สามัญ,ordinary
หอ,dorm
วาน,yesterday
กุญแจเสียง,clef
นานา,numerous
หัด,measles
ด่วน,express
ทอ,weaving
ทักษะ,skills
วงเงิน,limit
ราชา,raja
เทศบาล,councils
สวด,pray
อ้าย,Blackie
สิงหาคม,August
อุณหภูมิ,temperature
ทำเอา,DIY
อ่ะ,I
จำแนก,distinguish
คอน,perch
ร้องขอ,requests
กับข้าว,side dish
ผู้เชี่ยวชาญ,expert
ต่อเมื่อ,when
อีสาน,northeast
โชค,luck
แฝง,disguise
ภู,mountain
เข่า,knee
คัด,cull
ชำนาญ,expert
มารยาท,courtesy
ทางออก,solution
กลาย,become
ขวาง,diagonal
สอบถาม,query
รับใช้,serve
วุฒิสภา,senate
สุร,Surapong
แหม,Oh!
ค้นคว้า,research
ตุ๊กตา,doll
นักร้อง,singer
ด้อย,inferior
ปอด,lung
อาชญากรรม,crime
เอกลักษณ์,identity
ควัน,smoke
ภาคเหนือ,north
รสชาติ,flavor
เกี่ยว,About
เฉลิม,Chalerm
ทองคำ,gold
เสียดาย,pity
คาดหวัง,expect
ตัวแปร,variable
ทุจริต,corrupt
ฉุกเฉิน,emerging
มาเลเซีย,Malaysia
ย่อ,short
งู,snake
รัฐศาสตร์,political science
บ,the
แผนก,department
ก่อนหน้า,before
ซาน,San
วน,SECTION
เข็ม,needle
ถึงขนาด,Doreen
อึ้ง,Ng
ถาวร,permanent
สถานะ,status
เว็บ,web
แบรนด์,brands
ธุระ,undertaking
นพ,MD
บุก,invade
เกษตรกรรม,agriculture
ดาบ,sword
ตัวอักษร,character
ปีก,wing
วิเศษ,magic
ลอ,Los
อืม,Hmm
อ่อนแอ,weak
ปรุง,prepare
ปลุก,alarm
เลีย,lick
แซม,Sam
กึ่ง,semi-
ต่างด้าว,alien
เฮ้อ,Sigh
มูล,information
รูปทรง,shape
ดูด,suck
วร,bloodhounds
สมดุล,balance
สลาย,crumble
ประมาท,careless
เดช,power
เสาร์,Saturday
ทางเดิน,passage
ราศี,zodiac
สำรอง,reserve
ท่อน,piece
สาน,weave
ประกวด,contest
เลขานุการ,secretary
แตะ,touch
อุดหนุน,contribute
ของขวัญ,gift
รับทราบ,acknowledge
ออ,All
โอ๊ย,Ouch!
ฟรี,free
รับผิด,liability
มาริ,Mario
สังคมนิยม,socialism
ผัว,husband
ย่าน,neighborhood
จิน,gin
ครม.,Cabinet
บ่,Bor
เกอร์,Parker
เวียดนาม,Vietnam
ใบไม้,leaves
คลุม,cover
ยาน,spacecraft
วิถีชีวิต,lifestyle
ครีม,cream
ต่อหน้า,before
พิพิธภัณฑ์,museum
ยุบ,Collapse
สติปัญญา,intelligence
สิน,Asin
ทวีป,continent
เช็ค,check
วาท,creed
ขีด,cross
แพร่หลาย,widespread
หาด,beach
ก้น,bottom
ยั่งยืน,Sustainable
ศิลป์,art
สกุล,currency
เห็นใจ,sympathetic
พูดจา,speak
ชายฝั่ง,coast
ให้ออก,out
ราก,root
สืบสวน,investigate
เซอร์,Sir
แม้กระทั่ง,even
ดวงจันทร์,moon
จักรวาล,universe
ประหาร,death row
ปราสาท,castle
ฝ่ายค้าน,opposition
เมฆ,cloud
จอม,South
เจ้าตัว,person concerned
ทิพย์,Thip
เจ้าพนักงาน,official
สิริ,tote
เป็นต้นไป,onwards
โรม,Rome
อิเล็กทรอนิกส์,electronics
งา,sesame
รั้ว,fence
แหง,Haeng
นักกีฬา,athlete
น้ำใจ,kindness
บาร์,bar
วิถี,course
ยืม,lend
อึดอัด,uncomfortable
แล่น,run
สมุด,Book
ล้มเหลว,fail
แถลง,announce
ดังเช่น,such as
นวนิยาย,novel
เมเจอร์,Major
กราบ,respectfully
ด้านหน้า,front
ยุติ,terminate
สุจริต,honest
แปร,desalination
แอน,Ann
สุก,ripe
ชะงัก,bog down
ค้าขาย,trade
เขิน,shy
เศรษฐี,millionaire
เหงา,feel lonely
ภริยา,wives
เอื้อม,reach
อาณาจักร,kingdom
เชื่อถือ,credit
สมมติ,assume
ออสเตรเลีย,Australia
เด็กชาย,boy
แหวน,ring
นายทุน,capitalist
ใหญ่โต,great
สไตล์,style
เนื่อง,the
คิ,Kim
ส่งเสียง,sound
พลาสติก,plastic
ยุทธศาสตร์,strategic
เคาะ,knock
พงศ์,race
ลูกหนี้,debtor
ศักดิ์สิทธิ์,sacred
กระซิบ,whisper
มั่น,it
โทร.,Tel.
ครบถ้วน,completely
เวร,wage
ประท้วง,protest
ในขณะนั้น,At that time
บาป,sin
ม่วง,purple
จักรยาน,bike
สถาปัตยกรรม,architecture
นวล,ivory
ผู้ตาย,deceased
ศีล,canon
พริก,pepper
รับจ้าง,Contractors
คริสต์,Christ
ดอน,inland
บีม,Beam
ค้น,find
เกลือ,salt
แคน,Duncan
แววตา,eyes
ทัศนคติ,attitude
เข้าหา,approach
เงินกู้,loan
เลยทีเดียว,ever
ตาก,dry
อุทธรณ์,appeal
ทัพ,army
กรี๊ด,scream
ขยัน,diligent
ภพ,world
วิตามิน,vitamin
ฉีด,spray
นานาชาติ,international
พลเรือน,civilian
ข้อสรุป,conclusion
เปรียบ,contrast
ขาดแคลน,lack
ห้าง,store
เมล็ด,seed
กวาด,sweep
จอง,book
ชล,lakes
เตรียมตัว,prepare
ถึงแม้ว่า,although
สงเคราะห์,aid
ปีงบประมาณ,fiscal year
ไอค์,Ike
ฟุตบอล,football
หม้อ,pot
เคลื่อนที่,mobile
เพิกถอน,cancel
ความมั่นใจ,confidence
แบบจำลอง,replica
คุ้ม,guard
สวัสดี,Hello!
ขู่,threaten
รับราชการ,serve
ร่า,cheerfully
เว้น,Event
ซ้อม,rehearse
เขมร,Khmer
ผู้โดยสาร,passenger
คมนาคม,communications
ผู้ฟัง,audience
รำคาญ,annoyed
สุวรรณ,gold
มูลฝอย,garbage
ที่นอน,bed
รูปธรรม,concrete
โจร,bandit
ท้าทาย,challenge
เอื้อ,contributing
ขุนนาง,nobility
มั่ง,Mang
เบื้องหลัง,background
เสียที,Makin
ตามใจ,indulgent
กอส,Burgos
กั้น,partition
แนบ,attach
มหาศาล,huge
อุ่น,lukewarm
วิกฤติ,crisis
ส่วนรวม,public
บริหารงาน,manage
ชาดก,allegory
บารมี,halo
เต้,Enschede
เปื้อน,stain
บก,land
เอียง,tilted
แกน,axis
กุ,cook
ท้องที่,ward
โบสถ์,church
นัง,Utrecht
สมุนไพร,herb
กรุณา,please
ความเร็ว,speed
พิทักษ์,escort
ร่ม,umbrella
อย่างเช่น,like
ขอร้อง,request
ปอนด์,pound
พึ่งพา,rely on
ป้อม,fortress
เมื่อใด,when
ทัวร์,Tour
ท้าว,Thao
เชิด,manipulate
อ้างอิง,refer
โบ,ribbon
วัฒน์,TG
เซ็น,sign
อังคาร,Tuesday
ตรงกัน,corresponding
เจ้าพระยา,Chao
แลก,more
โจ,Joe
ต่างจังหวัด,country
ร,the
เด็กหญิง,girl
เถียง,argue
ว่ายน้ำ,Swim
ชาม,dish
พื้นบ้าน,folk
กัมพูชา,Cambodia
ฝา,lid
คติ,principle
อุ้ม,carry
เขื่อน,dam
บัณฑิต,graduate
ลวดลาย,pattern
เกล้า,head
เน่า,rot
ดึก,late
รังเกียจ,mind
สกปรก,dirty
ใจดี,kind
ชื่น,delightfully
เผด็จการ,dictator
ปาน,stigma
โปรแกรม,applications
ชี,nun
หลับตา,Close your eyes
โปร,Whatever
เจ้าฟ้า,Princess
อาวุโส,senior
นางเอก,heroine
อ้า,open
หอบ,gasp
เชือก,rope
ภาคกลาง,Central
ประมูล,auction
ผู้ชม,viewer
ระวาง,liable
ระยะทาง,distance
เป่า,blow
เอ๊ย,UNH
กิเลส,passion
ขัน,ridiculously
ฝุ่น,dust
น้ำเงิน,blue
สงครามโลก,world war
เจน,Jane
โกหก,lie
ถ้ำ,cave
อัด,compress
กรรมาธิการ,commissioner
พระทัย,heart
อินโดนีเซีย,Indonesia
แค้น,wrathful
นิติบุคคล,corporation
กุม,hold
ภา,T
เอาชนะ,overcome
ผู้ว่า,governor
ฟอง,bubble
ตะวัน,sun
เสพ,eaters
กก,kg
เผื่อ,if
ผู้เยาว์,minor
ข้อมือ,wrist
คนจน,the poor
เอว,waist
ข้อจำกัด,restrictions
รั่ว,leak
สงค์,thanks
แมลง,insect
ฝ้าย,cotton
วัตถุดิบ,raw material
ค่าธรรมเนียม,fee
ตอบโต้,retaliate
ใคร่,desire
เจ้าหนี้,creditor
กู้ยืม,borrow
ขณะนั้น,at that time
พันธ์,Federation
เก,Great
เคลื่อนย้าย,transport
สุภาพ,polite
กิ่ง,limb
น.ส.,Ms.
บวช,ordain
เงินทุน,capital
หม่อม,consort
แอร์,air conditioner
ครอบงำ,dominate
อภัย,forgive
น้ำแข็ง,ice
บันดาล,talks
สุดยอด,zenith
ประเสริฐ,sublime
ก่อตั้ง,establish
อิตาลี,Italy
ฮอร์โมน,hormone
กลืน,swallow
ข้างหลัง,behind
ปีใหม่,new year
ยัน,lean
แบก,bear
ชมรม,club
ซาก,carcass
จุฬาลงกรณ์,Chulalongkorn
คล้ายคลึง,analogous
สมุทร,sea
สันติ,peace
ได้เสีย,equity
ธรรมะ,morals
เซน,Zen
เหยียบ,tread
จำต้อง,must
จูบ,caressing
คนร้าย,villain
จราจร,traffic
ดัดแปลง,adapt
นีซ,Nice
สืบทอด,inherit
ข้าวของ,belongings
สะดุ้ง,flinch
หนอ,Um!
เถิด,me
แพร่,spread
ตรี,triple
ถูกใจ,engaging
เต,Estate
ทิ,Ticketmaster
กำ,bundle
ประมวลกฎหมาย,code of laws
ผู้สมัคร,candidate
พิธีกรรม,rite
ล้ำ,exceptionally
อิจฉา,jealous
เจ๊,older sister
ไส้,core
เทศกาล,season
เหงื่อ,sweat
ทรัพยากรธรรมชาติ,natural Resources
พอเพียง,suffice
จงใจ,deliberately
ปก,cover
ยุ่งยาก,cumbersome
ห่ม,blanket
เหลือบ,glimpse
เอาใจใส่,attentive
เดอร์,Anderton
จ้ะ,Yeah!
โมโห,wrathful
คุ้น,familiar
ชัยชนะ,victory
พ.ร.บ.,Act
มณฑล,county
ศาลา,pavilion
เครือ,network
เลี่ยง,sheer
ตับ,liver
วิกฤต,critical
สมานฉันท์,Solidarity
สร้อย,necklace
มัด,bundle
ต.,Connecticut.
ไม,The
กี้,Mikey
คุณครู,teacher
ไชย,Chai
ข่มขู่,intimidate
ข้อหา,convicted
จัน,Chan
จู,Ju
ทำเนียบ,palace
บรรเทา,relieve
อันดี,good
แกง,curry
แบ่งแยก,separate
คลัง,treasury
ดิบ,raw
ลัน,Alan
กิริยา,action
พัสดุ,supplies
ธง,flag
เก่าแก่,pristine
แต่เดิม,originally
กทม.,Bangkok
สนิทสนม,intimate
คุณย่า,grandmother
ฝ่าฝืน,contravene
ราชกิจจานุเบกษา,government gazette
สุนัข,dog
เกรงใจ,thoughtful
เครื่องประดับ,accessories
ไว้วางใจ,trusting
มัง,most likely
ดี้,good
ย้อนกลับ,back
วาจา,speech
โปรดเกล้า,be kind enough to
ตอบรับ,accept
รุ่งเรือง,prosperous
สันต์,Sants
คำปรึกษา,counsel
ข่าย,net
ผ่า,dissect
เกาหลี,Korea
เคียง,Vacations
การณ์,situation
ชิม,taste
ณา,integration
บกพร่อง,defective
ระดม,mobilization
รากฐาน,foundation
ชุน,knit
ห่างไกล,far
แนะแนว,guide
ยี่ห้อ,brand
อวด,flourish
เจ็บป่วย,sickness
ปะ,patch
สง่า,elegant
ฮ่า,ha ha
ผลัก,push
ที่ทำการ,office
สินเชื่อ,credits
ความยุติธรรม,justice
ร้องเรียน,appeal
ครั้งนั้น,at that time
นรก,hell
ชะลอ,slow down
ฝ่า,go through
กี,McKee
คุ,Goku
ความพร้อม,preparedness
พื้นเมือง,native
มิน,Minden
บรรพ,Book
มิฉะนั้น,otherwise
ฮิ,Hill
เทวดา,angel
แว่น,lens
เน็ต,zone
จุดมุ่งหมาย,aim
เสถียรภาพ,stability
แกนนำ,mainstay
ผู้ต้องหา,suspect
อัยการ,attorney
ธน,Thana
ยง,Yong
โธ่,Alas!
ประจักษ์,manifest
เงินทอง,money
ซ่า,tingle
บรรพบุรุษ,predecessor
บู,Boo
ต่อรอง,bargain
ทนายความ,lawyer
สั่งการ,command
นิดเดียว,a little
พระราชกฤษฎีกา,decree
สตางค์,satang
เป้,knapsack
เพลิน,joyously
วาย,Y.
ประชาสัมพันธ์,public relations
วิพากษ์วิจารณ์,criticize
สงวน,preserve
สามัคคี,harmonious
เว,Web
กฏ,MLB
คุก,prison
ประจำตัว,identity
พัง,crash
ไล,Light
ทร,Trust
ปะการัง,coral
ด่าน,checkpoint
ฤดูกาล,season
ขนาน,parallel
มวย,boxing
ธารณ,Republic
ผ่อนคลาย,relax
ยัก,shrug
กระจ่าง,clear
เครื่องสำอาง,cosmetics
เต็มใจ,willing
เรน,Raine
ในขณะนี้,Now
ปัสสาวะ,urine
เข้มข้น,intense
เทา,gray
เลขที่,No.
ขจัด,eliminate
บาดแผล,wound
บุ,pad
บ้านเรือน,house
ประเทศชาติ,nation
พนัน,bet
อาณานิคม,colony
พระราชา,king
ภาคี,associate
ลงนาม,sign
หึ,heh
จู่,straight to
ตำหนิ,blame
โฮ,Ho
หันหน้า,facing
ฮ่องกง,Hong Kong
เครื่องจักร,machinery
พระราชวัง,palace
ลอบ,stealthily
ล่อง,downstream
อนุโลม,compliant
เครดิต,credit
รับสั่ง,say
เต่า,turtle
ตี้,County
ปริญญา,degree
รณรงค์,campaign
สัมมนา,seminar
อวกาศ,space
โฆษก,spokesman
ปารีส,Paris
ลีลา,style
สอด,insert
อุตส่าห์,endeavor
แทง,stab
ปัด,flick
สารพัด,various
เปียก,wet
เพลิง,fire
แผ่,spread
จักรพรรดิ,emperor
ช่องทาง,the channel
โกะ,Ichigo
ดัชนี,index
ค.,C.
ทัศน์,Landscape
บุรุษ,man
เสมอภาค,equal
ผู้ว่าราชการ,Governor
หั่น,split
เครื่องดื่ม,beverages
เช็ด,wipe
เดอ,de
ข่มขืน,rape
คอลัมน์,column
เมื่อไร,when
แขวน,hang
นักวิทยาศาสตร์,scientist
หย่า,divorce
กลฉ้อฉล,scam
กอล์ฟ,golf
ฟื้น,regain
ว,the
วิจิตร,fine
บุคลิกภาพ,personality
สละ,waive
ห่วงใย,worry
ธรรมเนียม,tradition
สบู่,soap
ส่วนท้องถิ่น,local
แล้ง,drought
ดีงาม,classy
ตกต่ำ,slump
อารยธรรม,civilization
มาลัย,garland
เป้น,backpacks
โหน่ง,Teng
ฉีก,tear
ติดตัว,Fit
บ้านพัก,Lodging
อิง,England
วิทย์,Wit
ซิน,Xin
ยุทธ,Armor
โลหิต,blood
รื้อ,dismantle
กระป๋อง,canned
กระแทก,shock
ฝึกฝน,train
ลำพัง,alone
เมื่อกี้,just now
ใจเย็น,calmly
พลเมือง,citizen
มหาราช,Great
โลหะ,metal
ทะลุ,through
ข้างล่าง,below
ทีมงาน,the team
มัธยม,high school
ศิษย์,disciple
พาย,pie
เป็นกลาง,neutral
กาง,protracted
ขั้นพื้นฐาน,basic
ยึดถือ,abide
อาสา,undertake
เก็บรักษา,store
แผ่ว,faintly
กระนั้น,nonetheless
สดชื่น,breezy
กรด,acid
วิทยาลัย,college
เตะ,kick
แสงแดด,sunlight
โอ้,Oh!
นักธุรกิจ,businessman
วิธีคิด,How
เสริมสร้าง,strengthen
ขืน,oppose
นัยน์ตา,eye
พับ,fold
แต้ม,marking
โดยสาร,Tickets
ถ่านหิน,coal
ประคอง,support
หล่น,drop
ชั้นนำ,leading
ภาพรวม,Overview
ว่าย,swim
เดอะ,The
เทนนิส,tennis
อบ,baked
โปรตีน,protein
ซื่อ,faithfully
แสบ,keen
คิง,King
ผู้เฒ่า,patriarch
อนึ่ง,incidentally
ความถูกต้อง,Accuracy
ละก็,then
เอ็นดู,tweaked
กกต.,EC.
เลี้ยว,Turning
ก้า,Sega
ทำนา,farm
ดง,jungle
ทวี,increase
กระโปรง,skirt
นันท์,Happiness
ลูกศิษย์,pupil
หันหลัง,turns
ไต้หวัน,Taiwan
พระสงฆ์,clergy
รักษ์,guard
แคว้น,France
ออม,saving
แม่บ้าน,maid
แสงสว่าง,light
โป,Pau
หยด,drop
จิตสำนึก,conscious mind
นิสิต,students
ร้านค้า,store
เฮีย,elder brother
บ่งบอก,indicate
หน้าอก,chest
เบื้อง,Introduction
ตอนเช้า,morning
ม่าน,curtain
เลวร้าย,atrocious
พันธมิตร,alliance
มุ่งมั่น,strive
ลี่,Daily
เป็ด,duck
แท็กซี่,taxi
พอล,Paul
ละลาย,melt
อสังหาริมทรัพย์,Real Estate
จุดอ่อน,weakness
ชะมัด,terribly
ก่อการ,promote
ชีพ,living
พึมพำ,mumble
เพาะ,plant
งด,refrain
บรรเลง,play
ปิ,Ping
เหยียด,stretch
จำลอง,mock
จุฬา,CU
ส,the
หมวก,hat
ครก,mortar
คี,Keynes
ลำตัว,body
ได,the
ระลึก,commemorative
ไว้ใจ,trust
คล่อง,spontaneous
ยึดมั่น,faithful
รับคำ,get
ธรรมศาสตร์,Thammasat
ระเบียง,balcony
สุทธิ,net
ตอนต้น,early
นิทรรศการ,exposition
เบ,Bale
เหม็น,foul
ล้านนา,Lanna
อม,Bum
ประยุกต์,applied
สุนทร,beautiful
แทรกแซง,intervene
ดำรงชีวิต,live
ตั๋ว,ticket
ลอนดอน,London
ศักดิ์ศรี,prestige
เนื้อสัตว์,meat
ชื่อดัง,celebrated
ปลอด,free
ฝืน,forced
เคร่งครัด,strictly
เนื้อที่,area
นิยาย,story
อุดม,fertile
เพื่อนฝูง,fellow
จำพวก,genera
ปิ่น,hairpin
ดีเอ็นเอ,DNA
อุดมคติ,ideal
ลืมตา,open eyes
รอบคอบ,carefully
ลี้,li
ชัน,steep
ร่องรอย,clue
วิพากษ์,criticize
แปลกหน้า,strange
ปุ๋ย,fertilizer
วงกลม,circle
ไปรษณีย์,post
สฤษดิ์,Sarit
เฉียงเหนือ,North
เทป,tape
คอม,comments
จีบ,sup
ทูล,Tulsa
นางสาว,Ms.
บอล,ball
สั่งสอน,teach
สิทธิมนุษยชน,Human rights
ก้าน,stalk
ตรงกลาง,midway
มน,Mon.
มังกร,dragon
เอ๊ะ,Eh!
โดดเด่น,remarkable
ข้อกำหนด,provision
มาร์ค,Mark
เสิร์ฟ,served
อัลบั้ม,album
ไฮ,Heights
กดดัน,press
ปลด,release
พญา,Paya
สู,fight
ทรา,Travel
เทียม,artificial
บริบท,context
พรรณนา,depict
มวลชน,mass
ลูบ,pat
ควบคู่,coupled
รักษาการ,Acting
เผชิญหน้า,face
ลู,Lutheran
กล้วย,banana
ความกลัว,fear
ความเครียด,strain
คุณนาย,madam
ภาชนะ,container
รก,cluttered
ซุ,Zeus
ฟังดู,sounds
มาเรียน,Marion
ออกซิเจน,oxygen
เทียบเท่า,equivalent
กลมกลืน,harmony
ชนชาติ,race
ล้น,overflow
แข็งแกร่ง,stronger
โต้,counter
คุกคาม,threaten
หมาก,Mak
แย้ง,con
คัมภีร์,scripture
จอห์น,John
ห้องสมุด,library
โมฆียะ,void
แฮะ,Huger
กรัม,gram
ตุลาการ,judiciary
ภิ,Governance
สุรา,spirits
น้ำลาย,saliva
ปะทะ,batter
ผู้เสียหาย,sufferer
เจ้าภาพ,host
ป่าไม้,timber
ยืดหยุ่น,resilient
แอม,Amritsar
สัมปทาน,concession
ดัก,trap
ดั่ง,as
พนักงานสอบสวน,inquiry official
ชาน,terrace
นักแสดง,player
บริวาร,satellite
ผอม,thin
พายุ,storm
แก่ตัว,get old
ปีน,climb
ศ.,Prof.
โรมัน,Roman
ไมเคิล,Michael
ชาญ,Chan
มะพร้าว,coconut
อุปถัมภ์,foster
กอ,clump
นักโทษ,prisoner
รัด,band
สูด,inhale
บัง,shield
พนม,hill
มหัศจรรย์,wonderful
ชาตินิยม,nationalism
นิดหนึ่ง,for a few minutes
นุ่ง,attire
ภาคตะวันออก,east
เล็บ,nail
ไซต์,Sites
ภาคภูมิใจ,proudly
โช,Cho
มวล,mass
เด็ด,decidedly
โทรศัพท์มือถือ,Mobile Phones
หนี้สิน,debt
หนุน,bolster
เอาใจ,appease
ขมวด,frown
คำร้อง,petition
หนักแน่น,firmly
เรื่องสั้น,short story
กรรณ,ear
กลอน,verse
ทางหลวง,highway
โฉม,face
กง,Gong
รอคอย,wait
ลื้อ,you
ชดใช้,recoup
แต่งกาย,Clothing
ข้อเสนอแนะ,Suggestion
ติดตั้ง,install
นึกคิด,ideally
ภาพถ่าย,photo
ภาพลักษณ์,image
วูบ,flash
กลาโหม,Defense
ด้า,FL
พรหม,Brahma
ว่างเปล่า,blank
หนวด,mustache
เทอม,term
โชติ,Chote
ดาวเคราะห์,planet
ราบ,flat
สึ,Tsushima
หรู,luxury
แช่,soak
ทีหลัง,after
ปราบ,suppress
คะแนนเสียง,suffrage
กรีก,Greek
คนขับ,the driver
พินิจ,attentively
ราด,pour
หวย,lottery
หัวหน้าพรรค,party leader
จิตรกรรม,painting
พ่อคุณ,father
วิตกกังวล,fear
สมทบ,associate
เซนติเมตร,cm
บ่า,shoulder
รถเมล์,bus
สิทธิบัตร,patent
ป,Cams
หวง,skimp
กรรมาชีพ,proletariat
ท่อง,recite
ลังเล,hesitate
เนอร์,Weiner
สิ่งมีชีวิต,Life
อ่าง,sink
ขนมปัง,bread
อ๋อ,Oh!
เปล่ง,emit
เมืองหลวง,capital
โว้ย,oh
เชื้อสาย,lineage
ถั่ว,nuts
นาก,swordfish
ผนวก,append
มู,Smooth
สมมุติ,suppose
สารภาพ,confess
ลอก,peeling
เอน,lounge
เอ้า,out
กระมัง,perhaps
พรม,carpet
สุพรรณ,gold
ฮ่อง,Hong
เพาะปลูก,cultivate
พระจันทร์,moon
สันสกฤต,Sanskrit
นั้นแหละ,thus
พก,carry
ษา,Education
ร่ำรวย,lucrative
วิวัฒนาการ,evolution
เบียร์,beer
หมอน,pillow
อัตโนมัติ,automatic
แจ่มใส,bright
กลีบ,lobe
สร,create
ที่ทาง,the
ปิ้ง,toast
ล่อ,mule
เข้มงวด,strict
เตา,stove
ขัดขวาง,hinder
ดม,smell
หย่อน,slack
กระชับ,compact
ต้าน,resistant
สินะ,Tyrolean
เป็นอย่างยิ่ง,Highly
พ่อขุน,King
เจดีย์,pagoda
เปี่ยม,flush
โศก,melancholic
ชดเชย,compensate
นาถ,Srinath
ปริญญาตรี,bachelor
สมรรถภาพ,capacity
คนตาย,dead
จุ,capacious
ธา,Athabasca
มาร,devil
ศุกร์,Friday
โวยวาย,frantic
ดิ้น,flex
ปลื้ม,Gladden
รังสี,ray
ปทุม,lotus
ราง,rail
เยียวยา,heal
นักลงทุน,investor
แพร,silk
ห้อย,hang
เนียน,slick
เครื่องยนต์,engine
อุด,stopper
ทุกสิ่งทุกอย่าง,everything
รุม,crowd
กดขี่,oppressive
จดจำ,memorize
สมา,Samaritans
หลักประกัน,guarantee
เร่งรัด,precipitate
เร้า,excite
กบ,frog
ส่วนกลาง,central
หนาแน่น,dense
สะกด,spell
สิว,acne
สโมสร,club
ส่วนผสม,ingredient
ช่อ,panicle
ข้างบน,top
ความจำ,memory
อาสาสมัคร,volunteer
เอกราช,independence
ซื่อสัตย์,honest
ตีน,foot
สัม,Interview
คืบหน้า,progress
ตำ,pound
นุ่มนวล,gentle
วงจร,cycle
แง่มุม,aspect
จ้า,bright
ซัส,Calabasas
ภาวนา,pray
ก๋วยเตี๋ยว,noodle
มหาสมุทร,ocean
สหาย,companion
สันนิษฐาน,assumed
ห้องเรียน,classroom
เชื้อชาติ,race
คอล,McCall
แพ,raft
ไตรมาส,quarter
ลาด,slope
สะดุด,stumble
เซ็ง,diversions
เวียง,town
กระชาก,pull
ความเคลื่อนไหว,Activity
ทุบ,smash
ชาติพันธุ์,race
ทรุด,subside
คราบ,stain
ความถี่,frequency
หมุนเวียน,circulating
เร่งด่วน,pressing
เสียสละ,sacrifice
การ์ด,card
งวด,the period
หาความ,finding
เลียนแบบ,imitate
นิติ,regulation
พราหมณ์,Brahmin
สารสนเทศ,information
ไพเราะ,melodic
กล,trick
ส่งมอบ,deliver
เด่นชัด,pronounced
ช่องว่าง,gap
หวน,retrospective
เงินตรา,currency
หยาบ,rough
แวมไพร์,vampire
ซุป,soup
นามธรรม,abstract
พื้นดิน,ground
ไข,wax
แวบ,flit
อยู่รอด,survive
โยง,tether
ขี้เกียจ,recumbent
พรรณ,species
เชี่ยวชาญ,professional
พล.อ.,Gen.
รัตนโกสินทร์,Rattanakosin
สรรหา,Recruitment
นัน,Noonan
บดี,mulatto
ฟอร์ม,form
ลำคอ,throat
อาบ,shower
อุทาน,ejaculate
เฉพาะตัว,exclusive
ภูมิปัญญา,knowledge
เสร็จสิ้น,finish
กวาง,deer
รุก,pushy
เดินหน้า,forward
อนุบาล,kindergarten
พ่น,spit
ลีโอ,Leo
สวัส,Sawasdee
ใบขนสินค้า,entry
กระบวน,procedure
คอนเสิร์ต,concert
ชีวะ,Biotech
ทางเข้า,entrance
แวดล้อม,surrounding
ต่อม,gland
วัฒนา,Wattana
แหม่ม,madam
กระเพาะ,sac
สมัครใจ,voluntary
ไกร,Krai
พลเอก,general
ราชสำนัก,divan
แค่นั้น,just that
แต่งหน้า,make up
ไม่แพ้,do not lose
ขอบใจ,thank
ทายาท,heir
ทิพ,Tip
ปิโตรเลียม,petroleum
ปีศาจ,devil
นาค,Naga
สาด,splash
อิสรภาพ,freedom
เคยชิน,wont
ดวงดาว,the stars
ดื้อ,persistent
ส.,A.
เสวย,eat
โอบ,entwine
จงรักภักดี,loyal
นิพนธ์,thesis
ได้เปรียบ,advantageous
ถล่ม,Avalanche
บรรทัด,line
พระเกียรติ,honor
ศิลา,stone
ฟู,spongy
วารสาร,journal
หวัด,cold
แผง,stall
กรมพระยา,Krom Phraya
พฤติการณ์,circumstances
มิด,covered
สถาปนา,establish
สรรพ,all
เก๋,chic
ป้อน,entered
ไวน์,wine
พัท,Putnam
ซัน,Sun.
พันธุกรรม,heredity
ย่ะ,Yah!
ลงตัว,perfect
ลุ่ม,depression
อธิการบดี,chancellor
คู่แข่ง,rival
เดือด,boil
เพดาน,ceiling
เวอร์,Power
ดึงดูด,draw
สัง,property
ฮัน,Han
จ้องมอง,stare
ทู,YouTube
เทพเจ้า,god
เปรี้ยว,sour
เพียร,painstaking
ไมเนอร์,Minor
อิสลาม,Islam
คู,ditch
ธิดา,daughter
ประหลาดใจ,marvel
เยอะแยะ,oodles
คาน,beam
นันทนาการ,recreation
หากิน,tricky
ดูถูก,insult
ทำมาหากิน,Livelihood
รุ,Maru
คงที่,steady
ปัท,Present at
ฟาก,ferry
ยากลำบาก,difficulties
กติกา,rules
สังคีต,concert
การเรียนการสอน,Teaching
จุดประสงค์,aim
ถกเถียง,debate
ร่าเริง,jovial
เจ้าหล่อน,she
คล้ำ,dark
ชนะเลิศ,Championship
ติดใจ,doubt
ถู,rub
บรม,arch
รองนายกรัฐมนตรี,deputy prime minister
สหประชาชาติ,United Nations
หยาง,Yang
เลือน,fuzzy
ฉุด,haul
ผู้ร้าย,culprit
ฟ้องร้อง,sue
หลอกลวง,deceive
ทยอย,gradually
ชอบใจ,amuse
บทเรียน,lesson
ประทาน,give
ผู้กำกับ,director
สันติภาพ,peace
โห,Wow
กระเทือน,bumpy
ซึ้ง,profoundly
นิก,Koenig
ปัน,share
หลักทรัพย์,Securities
หุ้ม,coat
คู่หมั้น,fiancee
ผุด,pop
ผู้แสดง,proponent
เฒ่า,old
ทุ่มเท,dedicated
ท่วม,swamp
พบปะ,Congress
ฟาด,thrash
ภูเก็ต,Phuket
ณี,Nee
ปัญญาชน,egghead
พิษณุโลก,Phitsanulok
เช,Shape
บริบูรณ์,complete
เงินได้,income
ธปท.,BOT.
ว่างงาน,unemployed
เท่านี้,this
ขอน,log
บรรทุก,freight
ลือ,rumor
อุทิศ,devoted
ฮือ,The Terminator
เหรียญทอง,shiner
ปกปิด,conceal
มานะ,Mana
เซียน,expert
เบื้องหน้า,ahead
รัตน,Ratana
บูรณาการ,Integration
ปรัมปรา,legendary
ยานพาหนะ,vehicles
สปา,spa
หด,shrink
ขว้าง,pitch
นิกาย,sect
พุทธศักราช,Buddhist era
เกร็ง,contract
ฆ่าตัวตาย,Commit suicide
เครื่องใช้,appliance
แบน,flat
ก็อด,Godfrey
สูญหาย,lost
หน้าผาก,forehead
โส,The Bachelorette
ด้วง,beetle
บวม,swelling
ม้วน,roll
วดี,Wadi
สาหัส,serious
ขาดทุน,loss
เพอร์,Perry
ถนอม,cherish
ส้อม,fork
กระสุน,ammunition
สวัสดิ์,happiness
กาม,sex
ถ้วน,only
พัฒน์,Phat
หมึก,ink
ขาน,colloquially
แปรรูป,transform
บังคับบัญชา,command
รู้อยู่,know
อิสราเอล,Israel
กลั้น,withstand
ตุ,stinky
พลัน,promptly
พิม,Pym
ราชโองการ,Decree
สายลม,wind
ปัจเจกบุคคล,individual
พารา,Paradis
สลัด,salad
กลยุทธ์,strategy
คิดมาก,thinking
ผลลัพธ์,result
อุทกภัย,flood
อ้น,Aon
เลน,sludge
โคลน,mud
โปร่ง,airy
ต่อย,sting
ถึงที่,to the
พุ่ม,bush
ม,m
สับ,chopped
ค้อน,hammer
จิ๊บ,Twitter
ตามลำพัง,alone
ตึง,tight
นายทหาร,batman
ม่า,Mama
ลีก,League
เอาเรื่อง,exceedingly
โรงไฟฟ้า,powerhouse
ชินวัตร,Shinawatra
สะบัด,flick
โขน,pantomime
เกาหลีใต้,South Korea
เย็บ,sew
ควง,wield
ผู้ดี,aristocrat
ฝ่ามือ,palm
ลิตร,liter
จิร,Jira
จ๋า,yes
พฤหัสบดี,Thursday
ใย,filament
พระกรุณา,mercies
พิง,lean
หมี,bear
อือ,Yeah!
อู,Un
ไบ,Mumbai
กีดกัน,deprive
ผู้ซื้อ,buyer
สกัด,extract
ชะตา,plight
ตื้น,shallow
ธูป,incense
บุคลิก,personality
ป.ป.ช.,NCCC
ปวดหัว,headache
เส,Spanish
ชิ้นส่วน,parts
ญาณ,perception
บังเกิด,birth
พี่เลี้ยง,mentor
ย่น,wrinkle
รัศมี,radius
หว่า,The Kinks
แตกแยก,split up
ไพศาล,expansive
ง่วง,lethargic
ถ่ายภาพ,shoot
เค้ก,cake
ค้ำประกัน,guarantee
ซอก,niche
ภาคอีสาน,Isan
ลวง,catchy
คว่ำ,upside down
จริงใจ,sincere
นักสืบ,detective
ละเลย,neglect
เสี่ย,rich man
กรรมสิทธิ์,ownership
ดีเซล,diesel
บาลี,Pali
บึง,swamp
หลี,Sarge
ขั้ว,terminals
ข้าวโพด,corn
จ้างงาน,employ
ตายตัว,rigid
หาเรื่อง,chicane
ซักถาม,quiz
ผู้บัญชาการ,commandant
เกษตรและสหกรณ์,Cooperatives
เกะ,Kosuke
เข็น,Shopping Cart
ดีไซน์,design
อง,the
อัต,identity
แท่ง,rods
ป๋า,daddy
รวบ,Rally
สังหาร,kill
เจาะจง,specific
เต้นรำ,dance
โพธิสัตว์,Bodhisattva
ฟื้นตัว,recover
มาตร,meter
รั้ง,brace
ของเล่น,toy
คิม,Kim
หมู่เกาะ,archipelago
อินเดียน,Indian
แค,Carrie
คริส,Chris
บาล,Bal
ปลูกฝัง,cultivate
ภิกษุ,PRIESTS
ลอด,sift
แร่,mineral
ตำหนัก,palace
หรูหรา,luxurious
ดูงาน,View
สวดมนต์,chant
เรื้อรัง,chronic
โกง,cheat
มันแกว,yam
กิโลกรัม,kg
ชักชวน,persuade
ซับ,mop
ตาบอด,blind
มิก,Mick
ลำไส้,intestine
แน่ะ,Referrals
กาลเวลา,time
ตอนเย็น,evening
ทันใด,Suddenly
ผ่อง,bright
รหัส,code
ลายเซ็น,signature
กายภาพ,physical
เคมี,chemical
แพน,Pan
ดอย,mountain
เบาหวาน,diabetes
โบกมือ,motion
บัน,Saban
พาด,across
ลุย,wade
หมัด,punch
แย้ม,reveal
คู่รัก,lovers
ทวน,against
วิตก,fears
สงขลา,Songkhla
หลอด,tube
ครุ่นคิด,thoughtful
โต้แย้ง,argue
ธนาคารพาณิชย์,commercial banks
น่าเสียดาย,deplorable
ประณีต,exquisite
สรรพสิ่ง,everything
แห่,parade
ต้นฉบับ,manuscript
นิว,New
เปอร์,Super
ข้อดี,Advantages
ของเก่า,antiques
จากนี้,hence
สินทรัพย์,asset
จำนำ,pledge
นักเตะ,football player
พอง,blister
ลายมือชื่อ,signature
หลาก,various
เจ้าพ่อ,mogul
เบส,Best
ค้าประเวณี,prostitute
ชายหาด,beach
สื่อสารมวลชน,mass communication
โปร่งใส,transparent
ผลสำเร็จ,success
สูญ,lose
หาไม่,find
เครื่องดนตรี,musical instrument
แจ้งความ,notice
ทบ,compound
พระองค์เจ้า,memoirs
เอดส์,AIDS
กำกับดูแล,oversight
น้ำยา,solution
มด,ant
วิสามัญ,extraordinary
ค่าเสียหาย,damages
ธนู,Archer
รสนิยม,taste
วิชัย,Vichai
สนธิสัญญา,treaty
เสี้ยว,crescent
โคน,base
ชานุ,Chanute
ผจญภัย,adventure
เกย์,gay
เท่,Ar
ขุ่น,opaque
ซ่อมแซม,repair
สงฆ์,monastic
คู่สัญญา,contract parties
ชัดแจ้ง,express
ตรงไปตรงมา,Frankly
บอย,Boys
ปลอบ,soothe
มอญ,Mon.
เพ,Payne
กลอง,drum
ข้าหลวง,governor
ณุ,NU
เลค,Lake
คุณลักษณะ,attribute
ชี้ขาด,Referee
ทำนาย,predict
ผู้ถือหุ้น,Shareholder
ระยะห่าง,Distance
เพลิดเพลิน,enjoy
แก๊ง,gang
ดอง,preserved
นิช,New
นิร,New Associate
หมอก,fog
เจตนารมณ์,intention
แลนด์,Land
กว้างใหญ่,vast
จุน,underpin
ซัด,beat
นามสกุล,surname
บอร์ด,News
ป่านนี้,thus far
ผู้ส่งออก,Exporter
ฝ้า,translucent
หาเงิน,make money
เตี้ย,low
ต้นเหตุ,cause
ประถม,primary
ระบาด,scourge
ริย,Maria
อึน,Eun
ตู้เย็น,refrigerator
แอฟริกา,Africa
ผู้รับผิดชอบ,responsible
ภวา,Security wa
สัมพันธภาพ,relationships
หมดสิ้น,exhaustive
หาเสียง,canvass
ฮวง,Feng
ข้อพิพาท,disputes
พักตร์,face
พ่ายแพ้,lose
โดยสิ้นเชิง,altogether
ฎีกา,Supreme court
รุ้ง,rainbow
ลัด,shortcuts
ห้วย,creek
ผง,powder
ผลเสีย,disadvantage
อุบล,Ubon
ยย,Â Â
แก้ตัว,excuse
แผนงาน,plans
บิ,BUSINESS
บิด,twist
พันล้าน,billion
ภัทร,prosperous
เข้าข้าง,favor
ก้าวร้าว,aggressive
ข้อเรียกร้อง,Claim
คนใช้,people use
นิติศาสตร์,jurisprudence
โนะ,Yoshino
โพ,posts
กก.,kg
นักข่าว,journalist
มดลูก,uterus
ยั่ว,provoking
อาณาเขต,territory
เรือง,fluorescent
ไวยากรณ์,grammar
กล้าหาญ,courageous
พุธ,Wednesday
ล,the
กำนัน,village headman
ซวย,hapless
ซีก,side
ประสิทธิ์,achievement
พระพุทธรูป,Buddha statue
ราตรี,evening
หุง,cook
น้ำพริก,chili
ปักกิ่ง,Peking
วี่,Chevy
ดิส,Discovery
หัวเมือง,provinces
ค่อน,almost
ซิ่น,skirt
ทาย,competitions
เคี้ยว,chew
จิ้ม,stab
ภาษาศาสตร์,linguistics
คุ้มค่า,worth
ซีด,pale
ดำน้ำ,dive
ผัน,conjugate
กรรมกร,labor
ปริญญาโท,master's degree
ฟิล์ม,film
ร้องทุกข์,complain
หวั่น,dreaded
อ่อนหวาน,mellow
เยื่อ,fiber
ท่าเรือ,port
ปม,knot
อคติ,bias
แตง,melon
คลาน,crawl
ปริ,Caprica
แน่ชัด,exact
ครู่หนึ่ง,while
ราบรื่น,smooth
สำเร็จรูป,ready-made
โยกย้าย,migrate
พงศาวดาร,antecedents
สรรเสริญ,praise
หุ้นส่วน,partner
อู่,cradle
เลขา,secretary
ชลประทาน,irrigation
ทั่วถึง,thorough
ริเริ่ม,initiative
เชียร์,cheer
ช,Beach
ดิ้นรน,flounder
น้อยใจ,hurt
อั๊ว,Borgnine
เจ้าสาว,bride
ครอบ,cover
จุดเริ่มต้น,Start
มัธยมศึกษา,secondary education
รับมือ,cope
แล้วด้วย,with
แอ,The
โทน,lone
บอกกล่าว,notify
สังขาร,body
ชนชั้นกลาง,middle class
ปอ,hemp
อนุสัญญา,pact
แรม,RAM
ปูน,mortar
วอน,won
สี่เหลี่ยม,square
ผา,cliff
ฟุต,foot
ข้าวต้ม,mush
คำมั่น,vow
จตุ,Piazza
ตอง,Tong
ที่ระลึก,memorial
ศิลป,Arts
หนักหนา,grave
อำพราง,camouflage
โสด,single
กรอง,filter
ประชาคม,community
เมื่อย,knackered
ขะ,Kha
แม่ค้า,trader
แยกแยะ,digest
คนไร้ความสามารถ,incompetent person
งอ,bend
ชง,brew
ลักลอบ,smuggle
คาร์,Carr
มงกุฎ,crown
สนั่น,loudly
เงินสด,cash
เส้นผม,hairline
ขาเข้า,inbound
ช้ำ,bruised
ตอนหลัง,later
นิจ,constantly
ผูกขาด,monopoly
ออมทรัพย์,Savings
กระเทียม,garlic
จุดหมาย,Destinations
สิ้นเชิง,stark
เปรม,satisfied
นายพล,general
พริกไทย,pepper
ลาภ,fortune
ล็อค,lock
อิม,Imphal
เต็มที,extremely
เฮา,House
แนะ,Recommended
แบบอย่าง,model
ต้านทาน,resist
ประถมศึกษา,primary education
ปุ่ม,button
แปะ,paste
กรีด,scream
กู้เงิน,borrow money
คาง,chin
สืบเนื่อง,continue
เยาะ,Loper
กะทันหัน,sudden
ปากกา,pen
มานุษยวิทยา,anthropology
หมายเหตุ,note
หวั่นไหว,shake
เนตร,Nate
คลี่คลาย,unravel
งี้,me
จ่า,sergeant
นิคม,settlement
มาน,dropsy
โซฟา,sofa
ต่ำสุด,lowest
นายแพทย์,doctor
นุช,Nuch
บำเพ็ญ,practice
พิกัด,coordinates
ลึกลับ,mysterious
วิถีทาง,path
หอพัก,dormitory
ซุ้ม,Bower
พาร์,Park
รถไฟฟ้า,electric train
เสียบ,skewer
เอย,Aye
กรรมวาจก,passive voice
ตัณหา,passion
พยากรณ์,prophecy
พวง,bunch
แสงไฟ,blaze
ขอตัว,Excuse
เกา,scratch
เพคะ,Epca
แวดวง,circle
แออัด,crowded
จรรยาบรรณ,ethics
จิ๋ว,tiny
ปล่อยตัว,released
ออกกำลัง,exercise
เกษม,Kasem
มเหสี,consort
ยี,mash
สหภาพ,union
เวทนา,pity
คลินิก,clinic
ชั้นใน,underwear
ต,the
นายอำเภอ,prefect
รับแขก,living room
โลภ,grabbing
กำหนดการ,program
ดาวฤกษ์,sphere
วิสัย,nature
เล็ง,aim
กบฏ,rebel
กว๊าน,lake
ผลตอบแทน,compensation
คำกล่าว,statement
อิฐ,brick
อุดมสมบูรณ์,plentiful
ระฆัง,bell
วิหาร,sanctuary
เจ้าอยู่หัว,Rama
โต้ตอบ,respond
ปั่น,spin
ยอ,flatter
สุรินทร์,Surin
เจอร์,Jerry
เท็จ,false
แอนด์,and
โตเกียว,Tokyo
คดีอาญา,criminal case
ทำตา,Blepharoplasty
นิวเคลียร์,nuclear
ลุ้น,promote
ห้วง,abyss
เส้นเลือด,blood vessel
แขนง,sect
กมธ.,Matt km.
สวิส,Swiss
เกื้อ,lend a hand
เป็นอันมาก,tremendously
ข้าวสาร,rice
ที่อยู่อาศัย,Residence
นักรบ,warrior
บูรพา,east
ฝึกหัด,practice
พรรคพวก,partisan
แปรเปลี่ยน,change
กรอก,complete
พาน,Phan
ยอดเยี่ยม,excellent
คึกคัก,bustle
ชั่ง,scale
เหลียว,Liao
กองกำลัง,forces
ต่อจากนั้น,Then
ประภาส,illumination
เครื่องแบบ,garb
เสนอแนะ,recommendations
ไพร่,proletarian
ด,the
ถาด,tray
บ่งชี้,indications
โรแมนติก,Romantic
ตร.,ST.
ชีวภาพ,biological
พยาธิ,parasite
สห,United
เปรียบเสมือน,liken
แท่น,platform
ฉลาก,label
พจน์,diction
พ้อง,coincide
แม,Marian
บาย,by
ลูกเสือ,Scouts
เค็ม,salty
ชาวต่างชาติ,Foreigner
นิวยอร์ก,New York
นีย์,Kearney
ภรณ์,Porn
เป็นอันขาด,false
เยอรมนี,Germany
เหนียว,sticky
เอ๋ย,Oy!
คาบ,period
นิล,jasper
ยีน,gene
หลุดพ้น,release
หิมะ,snow
เคน,Ken
เคลือบ,enamel
เรือนจำ,prison
โบก,wave
คุณตา,grandfather
ชะ,leach
ดุจ,Duh
ฟา,Pharma
มอเตอร์ไซค์,motorcycle
หิ้ว,carry
อัตราส่วน,ratio
เบื่อหน่าย,weary
โดด,jump
กระดาน,board
ปฎิ,Reconstruction
ภูมิลำเนา,domicile
ยัด,whip
ของดี,good
ดาวหาง,comet
ติก,Athletic
นัท,nuts
พิธีการ,ritual
หมั่น,persistent
เพชรบุรี,Phetchaburi
ตรึง,peg
ธร,Thorn
ภักดี,loyal
มิตรภาพ,friendship
หมวย,Muay
นักหนา,abundantly
ปฐม,primal
สมมติฐาน,hypothesis
เจ้าคุณ,Chao
เชื้อโรค,disease
โคม,light
กรมศิลปากร,Fine Arts Department
ชุ่ม,moist
ปล้น,rob
ปิดบัง,obscure
สลัก,latch
เสน,Sen.
ไวรัส,virus
ซอ,fiddle
ดรุณี,girl
ดาร์,Derby
ติว,swot
อ้อย,cane
เจียง,Jiang
เดียร์,Deer
เอกภาพ,unity
ผ่อน,relax
เมน,Maine
ตราสาร,instrument
ผลัด,shift
ผู้ดูแล,attendant
ฟาร์ม,farm
ฟี,feed
รีด,press
เทือกเขา,mountain range
ไตร,tri-
ชก,blow
ทึ่ง,remarkable
สรร,Appropriations
แอลกอฮอล์,alcohol
ข้างเคียง,side
ฉวย,snatch
ผู้ค้า,Dealers
ภู่,Poo
วิล,William
สิง,haunt
เตี่ย,father
กริช,dagger
ดิ่ง,vertically
บุตรบุญธรรม,protege
วิปัสสนา,introspection
หลงใหล,passionate
หาร,divide
การบริการ,Services
ตุง,swell
เกื้อกูล,support
เบี้ย,chip
แว่ว,chants
คาดการณ์,speculate
ตอ,stump
นิมิต,premonition
พรมแดน,border
มหาอำนาจ,superpower
ลงทะเบียน,registered
สอ,Maximus
แอง,Angola
กิโล,kilo
บ้านเกิด,birthplace
ร้าง,waste
ทบวง,department
ปานกลาง,moderate
ยื่นมือ,intervene
เต๋า,Taoism
กระตือรือร้น,enthusiastic
กลั่นกรอง,scrutinize
แฟรงค์,Frank
โดดเดี่ยว,solitary
บุญคุณ,obligation
ราชสีมา,Ratchasima
สลับซับซ้อน,intricate
เอล,El
นเรศวร,overlord
ปลิว,blow
สมบูรณาญาสิทธิราชย์,absolute monarchy
อีกหน่อย,little more
อ่าว,bay
คับ,tight
ซาบซึ้ง,sentimental
ที่พึ่ง,defenseless
นิพพาน,nirvana
เคราะห์,luck
จัดวาง,placement
ทึบ,dense
หมั่นไส้,despise
เกรด,grade
เฟ,Friendship
เมนู,menu
คลาสสิก,Classical
บะ,Toba
ปี้,copy
พาหนะ,vehicle
สายการบิน,Airline
แบบสอบถาม,questionnaire
โถง,hall
ตั้งตัว,set
ต้นแบบ,prototype
ท่านหญิง,lady
พราน,woodsman
ทอดทิ้ง,forsake
เกมส์,Games
เนิน,slope
ทับทิม,ruby
วนเวียน,circle
วับ,flashing
เมล์,mail
เยาว์,young
เฮือก,heavily
โซ่,chain
ประมุข,head
หงส์,swan
เป,the
นราธิวาส,Narathiwat
ยับยั้ง,inhibit
แจ๊ค,Jack
แบงก์,bank
ที่แท้,McCoy
ประจำเดือน,period
พีร์,Sydney
มอบอำนาจ,authorize
อิหร่าน,Iran
โขง,Mekong river
กระบี่,saber
งอน,touchy
ถิ่นฐาน,homeland
นัดหมาย,appointments
มุ่งหมาย,aim
ลาง,omen
หวาดกลัว,fear
หือ,hm
เสียเปรียบ,unfavorable
โจทย์,proposition
คลอ,alongside
ตัวเมีย,female
ปรีดี,PRI
ปัง,Bang!
ศูนย์การค้า,Shopping
เหี่ยว,withered
กรรมฐาน,meditation
กระเด็น,bounce off
ทิเบต,Tibet
ปฏิสัมพันธ์,interaction
ปลดปล่อย,liberate
ปะปน,associate
อสุจิ,sperm
ใจกลาง,center
นั่งเล่น,seating
ยิน,hear
เกี่ยวพัน,connective
แม่นยำ,precise
ไพ,Prime
คนขาย,people
ซ,C
ญัตติ,motion
บทเพลง,soundtrack
ปัตตานี,Pattani
สำเนียง,accent
เงือก,mermaid
น้ำปลา,fish sauce
มูลเหตุ,cause
มโน,Mano
รัณ,Construction at
ศร,arrow
สัญชาตญาณ,instinct
แม่น,accurately
วาบ,uncensored
ห,the
เจ้าแม่,goddess
เทศ,outlandish
มุข,bay
ทอดพระเนตร,reruns
เซ็นทรัล,Central
โรย,sprinkle
ดด,mM
เลอ,dealer
สะกิด,provoke
ส่งตัว,deliver
เงินฝาก,deposit
โหด,brutal
น่าน,Nan
ประชด,ridicule
สังคมศาสตร์,social science
สินสมรส,marriage property
เปลือย,bare
แช,chat
คณิตศาสตร์,mathematics
คริ,Chris
บรรณาธิการ,editor
ผู้ใหญ่บ้าน,headman
พินัยกรรม,testament
มะนาว,lemon
เปียโน,piano
เวน,Bowen
โภชนาการ,diet
กรง,cage
ทะเลสาบ,lagoon
บราซิล,Brazil
บาตร,Bat
เบ็ด,hook
ตุ่ม,blister
ประจวบ,collide
ริก,Rick
ฤา,Rue
ใช้สอย,usable
ตื่นตัว,awake
ภูมิศาสตร์,geography
ว่าจ้าง,hire
เกี่ยวเนื่อง,relate
เดย์,Day
กลางคน,middle-aged
จูง,leash
พึงพอใจ,satisfy
ศศิ,moon
เกษ,Ket
เปิ้ล,Apple
โค่น,overthrow
ชีวิตชีวา,Lively
ตึงเครียด,tension
บด,mashed
บำเหน็จ,reward
สัญ,semiotics
ผับ,pub
ระเริง,rejoice
สาธารณรัฐ,republic
เซล,cell
นักคิด,thinker
พระราชดำริ,initiative
เรส,Torres
ไอศกรีม,ice cream
กิตติ,fame
ข้อสอบ,examination
ชายา,princess
นลิน,Nalin
ลัย,University
ศุภ,Supachai
เอ้อ,Well!
โคลง,sonnet
โน้ม,bent
กอน,Gaon
ค่ำคืน,night
บอ,Peterborough
ราชธานี,capital
ลื่น,slip
ลูกตา,eyeball
เหลี่ยม,edge
คีรี,Kiri
บรรจง,tender
ระบำ,Dances
รัน,runs
สำราญ,gleefully
สุวรรณภูมิ,Suvarnabhumi
โคจร,orbit
จุดยืน,standpoint
บี้,crumbling
พระราชกำหนด,Decree
สารคดี,documentary
คูณ,multiply
คัพ,Cup
ปริมณฑล,perimeter
มาด,airs
ยิ้มแย้ม,smiling
สง,Sabers
เคือง,irritate
กระตุก,jerky
ยิว,Jew
รม,playoff
อบต.,SAO.
เบียด,squeeze
ข้อยกเว้น,exception
จรด,till
จอย,Joy
ฉับพลัน,sudden
ผีเสื้อ,butterfly
พรรษา,rainy season
มุ่งหน้า,head for
สาบาน,swear
เป็นลม,faint
แคร์,care
แผ่นดินไหว,earthquake
กัง,Kang
ตะกอน,sediment
ทุ,Madurai
นินทา,slanderous
ปาง,Pang
ผู้สอบ,examiner
โหล,dozen
กลวิธี,stunts
ข้างมาก,majority
ครา,Krakow
ทุกแห่ง,anywhere
บางกอก,Bangkok
ยาสูบ,tobacco
รายวัน,daily
ลายลักษณ์,writing
ว่ะ,blanking
เงินเฟ้อ,inflation
เหม่อ,vacant
กลบ,drown
ข้อสงสัย,doubt
คอร์,Corbin
ถีบ,kick
รณ,Availability
หน้าตาเฉย,deadpan
หยอด,drop
ก๊ก,faction
ตัวเดียว,one
ยอน,Yeon
ยังงั้น,like that
ยุ้ย,exaggerated
ละเอียดอ่อน,delicate
สายน้ำ,river
อย.,Example.
กีตาร์,guitar
วิว,View
เปลี่ยนใจ,change
เริง,Chipper
โด่งดัง,famous
กักขัง,imprison
มาร์ก,Mark
สูงส่ง,lofty
เรียงราย,lined
พนักงานอัยการ,prosecutor
ยนต์,Automotive
วาทศิลป์,oratory
หน้าร้าน,storefront
อุปการะ,sponsorship
เกร,Great
เทค,Tech
เบาะ,pad
ข่ม,suppress
ทศ,TOT
ผักตบชวา,water hyacinth
มอ,Moulton
มาลา,corona
รัช,monarchy
สรา,Asara
เป็นได้,it is
เสื่อมโทรม,wane
ความชอบ,liking
ร่อง,groove
สถาปนิก,architect
อมยิ้ม,smilingly
เผ็ด,savory
แบ่งปัน,Share
ขัดใจ,offend
ปรีชา,intuition
ผ่อนผัน,lenient
พระภิกษุ,Buddhist monk
วิษณุ,Vishal
สงครามเย็น,cold war
สั่งซื้อ,order
หน้าท้อง,belly
เนื้อเยื่อ,tissue
เพี้ยน,distorted
ให้อภัย,pardon
ควบ,Fixtures
ดีด,strum
ดุสิต,Dusit
บุช,Bush
ระแวง,jealous
วันเวลา,time
สภาพการณ์,Weather forecast
สุสาน,tomb
อินทร์,Indra
ก.ค.ศ.,K.c.s.
กัก,confine
ขันธ์,Khan
ชื้น,moist
นักจิตวิทยา,psychologist
บทสนทนา,dialogue
ปฏิบัติธรรม,Meditation
พระราชพิธี,Royal ceremony
รอน,Ron
รุกราน,offend
อวยพร,congratulatory
เกาหลีเหนือ,North Korea
เอาเปรียบ,exploit
โพธิ์,Pho
ตรวจพบ,detect
พันปี,millennial
ระยอง,Rayong
เหมือง,mine
กะพริบ,flashing
ส้วม,closet
เขย่า,shake
เล่าเรียน,study
โน้มน้าว,persuade
ขับเคลื่อน,propel
ผอ.,Director
มือขวา,forte
หมัก,ferment
อำ,cover up
เลย์,Leyland
ธีร,Department
ประนอม,compose
พยุง,support
พัทธ,relativity
หลีก,dodge
แจ,closely
ไต่,climb
กราบทูล,tell
มนต์,spell
วรา,Vara
เพ่ง,look
ง่ายดาย,easily
ตะกร้า,basket
ยะลา,Yala
รับปาก,undertake
หนอน,worm
หึง,jealous
อัง,Ang
เลอร์,dealer
แม้น,even
คาถา,spell
ฉัตร,tiered
ฐานทัพ,cantonment
ผ่านพ้น,through
ฝีเท้า,pace
พื้นผิว,surface
สมการ,equation
อึดใจ,instant
อ๊ะ,eh
เดนซ์,Residence
เต็มตัว,fully
ไต่สวน,investigate
ทวิ,bis
เนย,butter
กลับกลาย,become
ถอยหลัง,reverse
ปลายทาง,destination
แถลงข่าว,press release
กระไร,how
ผู้ขาย,vendor
มนุษยชาติ,humanity
คร่าว,roughly
นักบิน,pilot
บำนาญ,pension
พระพุทธองค์,Buddha
เครื่องปรุง,garnish
เนื้อเรื่อง,substance
เบียดเบียน,encroach
โหย,longing
คิก,Psychic
จิบ,sip
ดอกบัว,lotus
พระราชนิพนธ์,Celebrates
สาป,curse
หงาย,face
ฮิต,popular
เซีย,Sears
เอช,H.
กระทะ,pan
คู่มือ,manual
มะม่วง,mango
รักใคร่,love
ร่ำ,hit hard
ศักดินา,dignity
จิก,pinch
ตีบ,constricted
ถือโอกาส,Marks
นารี,girl
สเต,State
เป็นรอง,Vice
เรีย,Maria
โร่,Aguero
โสเภณี,courtesan
ข้าวเหนียว,glutinous rice
ฆาตกรรม,murder
ลุ่มน้ำ,river basin
วิดีโอ,video
อรุณ,dawn
แสงอาทิตย์,sunshine
ธรรมราช,thammarat
เริ่มแรก,initially
จริงอยู่,actually
บิ๊ก,Big
ปกคลุม,cover
วงษ์,Vong
ห้างสรรพสินค้า,Shopping mall
เหยี่ยว,hawk
แคนาดา,Canada
ไทยรักไทย,TRT
ไมตรี,goodwill
กระผม,I
กาก,residue
คลั่ง,rave
จำนอง,mortgage
ฝัก,sheath
อริส,Morrisville
แปรง,brush
วานนี้,yesterday
วิกฤตการณ์,crisis
ขับไล่,expel
ประกวดราคา,tender
พระจุลจอมเกล้าเจ้าอยู่หัว,King Rama V.
เถ้าแก่,boss
เฟอร์,Ferry
กระทง,count
ลิขสิทธิ์,copyright
ล้อมรอบ,surround
วิกลจริต,insane
หม่อมฉัน,I
อุทยาน,park
กระเบื้อง,tile
ขั้นต่ำ,minimum
วางตัว,condescending
ฌิ,ฌi
น้ำหอม,perfume
ลิ้ม,sample
สมหวัง,unrequited
เดน,leftovers
ข้อเสีย,cons
จำกัดความ,define
ผบ.,Dir.
มายา,illusion
เตรียมพร้อม,prepared
แปซิฟิก,Pacific
ชั่วร้าย,evil
ชำรุด,dilapidated
นึ่ง,steam
ประกาศนียบัตร,diploma
พยางค์,syllable
ยุง,mosquito
ลู่,track
อธิปไตย,sovereignty
เชง,Chen
เย้ย,mockingly
คืบ,update
จุก,cork
ตัวดี,good
นภา,firmament
ย้อม,dyed
ล่วง,pass
เดวิด,David
แก๊ส,gas
ไอน้ำ,steam
พะ,Pa
รำลึก,recapture
วาสนา,halo
วิมล,flawless
สาธิต,demonstration
เข้าเฝ้า,before
โซน,zone
จับใจ,catching
ตะลึง,bemused
ยีราฟ,giraffe
อัศจรรย์,miraculous
อาหรับ,Arabic
แต่ทว่า,whereas
ดาวเทียม,satellite
ตำรับ,recipe
ปณิศ,Particularly promising era
ภาพพจน์,image
รูปถ่าย,photo
จิตรกร,painter
ป้อง,protect
อมตะ,everlasting
เลื่อมใส,godly
กระด้าง,relentless
ช่องคลอด,vagina
ผึ้ง,bee
พ.ต.อ.,Police colonel
สูท,suit
เกียรติยศ,honor
เบน,Ben
ถัก,knit
ปิดปาก,gag
ลิฟท์,Lift
หน้ากาก,mask
หีบ,chest
อุปทาน,supply
เก็ต,skating
แซว,tease
ขวับ,suddenly
ขันที,eunuch
ย้อนหลัง,back
ละออง,dust
สังเคราะห์,synthetic
หลงเหลือ,remain
อธิษฐาน,pray
อยู่จริง,physical
อาทร,thoughtfulness
เคลียร์,clear
เต้านม,breast
แทรกซ้อน,complications
จิตร,portraying
นักเลง,gangster
ผลิ,blossom
ฝึกซ้อม,rehearse
ก็แล้วแต่,upon
ขุนแผน,magpie
คาดหมาย,expect
คิดค้น,invent
จับตา,watch
ชาวไร่,farmer
ทอน,Taunton
ที่ราบ,plain
ฟาง,blurred
หยวน,yuan
อภิ,Apichart
อวน,trawl
ชักจูง,induce
ตกค้าง,remain
ประชามติ,referendum
ฝ่ายซ้าย,left wing
พิศ,stare
ฟิ,Philipp
มาส,Latest
ล้มละลาย,bankrupt
สภ.,Police.
หมอดู,prophet
หล้า,Lah
เรียบเรียง,compose
เสนาบดี,commander in chief